"SNP","Chr","Pos","P.value","MAF","effect","H.B.P.Value","Model","Type","Trait","negLog10_P","negLog10_HBP","Threshold","Effect"
"Lcu.1GRN.Chr1p365986872",1,365986872,1.75440185347007e-175,0.470967741935484,NA,5.90122888246168e-170,"BLINK","NYC","Cotyledon_RedvsYellow",174.755870922512,169.22905754068,"Significant",-0.468378451186169
"Lcu.1GRN.Chr1p365986872",1,365986872,1.16405230990827e-154,0.470967741935484,NA,3.91548783326916e-149,"MLMM","NYC","Cotyledon_RedvsYellow",153.934027503025,148.407214121193,"Significant",-0.49056078284848
"Lcu.1GRN.Chr1p365986872",1,365986872,3.28194102672663e-128,0.470967741935484,NA,1.10393665733696e-122,"FarmCPU","NYC","Cotyledon_RedvsYellow",127.48386922706,121.957055845228,"Significant",-0.495438356012209
"Lcu.1GRN.Chr1p361840399",1,361840399,2.17894304639327e-84,0.0419354838709678,NA,3.66462267843082e-79,"BLINK","NYC","Cotyledon_RedvsYellow",83.661754121273,78.4359707351051,"Significant",-0.460358904863572
"Lcu.1GRN.Chr1p361840399",1,361840399,6.96359965373297e-47,0.0419354838709678,NA,1.1711625623636e-41,"FarmCPU","NYC","Cotyledon_RedvsYellow",46.1571662049833,40.9313828188154,"Significant",-0.471554359649585
"Lcu.1GRN.Chr1p361856257",1,361856257,3.37765750583362e-40,0.0451612903225806,NA,5.68066261132369e-35,"MLMM","NYC","Cotyledon_RedvsYellow",39.4713843899537,34.2456010037859,"Significant",-1.49473301029883
"Lcu.1GRN.Chr1p365986872",1,365986872,2.84568312711949e-37,0.470967741935484,NA,9.571938964198e-32,"GLM","NYC","Cotyledon_RedvsYellow",36.5458134611755,31.0190000793437,"Significant",-0.455834321933564
"Lcu.1GRN.Chr1p365318023",1,365318023,1.76976022729517e-35,0.470967741935484,NA,2.97644469187297e-30,"GLM","NYC","Cotyledon_RedvsYellow",34.7520855692407,29.5263021830728,"Significant",-0.447095698080531
"Lcu.1GRN.Chr1p365318027",1,365318027,2.80398677745807e-35,0.47258064516129,NA,3.14389540124413e-30,"GLM","NYC","Cotyledon_RedvsYellow",34.5522240386692,29.502531911557,"Significant",-0.445125891068115
"Lcu.1GRN.Chr5p1658484",5,1658484,1.05079140093707e-34,0.123456790123457,NA,3.53451551159001e-29,"BLINK","NYC","DTF_Nepal_2017",33.9784834898837,28.4516701080519,"Significant",12.5619150085041
"Lcu.1GRN.Chr1p368962767",1,368962767,2.53583298034856e-34,0.432258064516129,NA,2.13242633025226e-29,"GLM","NYC","Cotyledon_RedvsYellow",33.5958793541427,28.6711259636388,"Significant",-0.437802052894318
"Lcu.1GRN.Chr2p44546658",2,44546658,9.06310726373671e-34,0.0679012345679012,NA,3.04853020098132e-28,"FarmCPU","NYC","DTF_Nepal_2017",33.0427228800122,27.5159094981803,"Significant",-1.31597036446328
"Lcu.1GRN.Chr6p3269280",6,3269280,1.21333764009031e-33,0.281055900621118,NA,4.08126741984259e-28,"FarmCPU","NYC","DTF_Sask_2017_b",32.9160183295342,27.3892049477024,"Significant",-2.25531798140434
"Lcu.1GRN.Chr1p437374598",1,437374598,2.78373621145325e-31,0.476708074534162,NA,4.68178499118948e-26,"FarmCPU","NYC","DTF_Sask_2017_b",30.5553719211226,25.3295885349547,"Significant",-0.19434406537755
"Lcu.1GRN.Chr1p365786633",1,365786633,6.74283904637765e-31,0.432258064516129,NA,4.53613708302582e-26,"GLM","NYC","Cotyledon_RedvsYellow",30.1711572069412,25.3433138294454,"Significant",-0.415870181547405
"Lcu.1GRN.Chr1p365987296",1,365987296,2.17347357964007e-30,0.42741935483871,NA,1.04787339540628e-25,"GLM","NYC","Cotyledon_RedvsYellow",29.6628456346479,24.9796911858617,"Significant",-0.413978851182297
"Lcu.1GRN.Chr1p365785855",1,365785855,2.1806876916713e-30,0.430645161290323,NA,1.04787339540628e-25,"GLM","NYC","Cotyledon_RedvsYellow",29.6614065276793,24.9796911858617,"Significant",-0.413589155812023
"Lcu.1GRN.Chr1p361407757",1,361407757,3.25958440759898e-30,0.15,NA,3.65472209476949e-25,"FarmCPU","NYC","Cotyledon_RedvsYellow",29.4868377683345,24.4371456412223,"Significant",-0.0202112667493761
"Lcu.1GRN.Chr1p367671439",1,367671439,3.28369790439648e-30,0.42741935483871,NA,1.38065951626016e-25,"GLM","NYC","Cotyledon_RedvsYellow",29.4836368041983,24.8599134093584,"Significant",-0.400803552591827
"Lcu.1GRN.Chr1p365986872",1,365986872,6.53032800789268e-30,0.470967741935484,NA,2.19658684103084e-24,"MLM","NYC","Cotyledon_RedvsYellow",29.1850650042624,23.6582516224305,"Significant",-0.433898696392434
"Lcu.1GRN.Chr1p367608559",1,367608559,8.0179099850722e-30,0.45,NA,2.99662258660976e-25,"GLM","NYC","Cotyledon_RedvsYellow",29.095938823766,24.5233679513734,"Significant",-0.403342633839544
"Lcu.1GRN.Chr1p365313844",1,365313844,1.03363406602035e-29,0.417741935483871,NA,3.1144833874907e-25,"GLM","NYC","Cotyledon_RedvsYellow",28.985633185842,24.5066139812902,"Significant",-0.419971022885037
"Lcu.1GRN.Chr1p368315235",1,368315235,1.03606573729767e-29,0.424193548387097,NA,3.1144833874907e-25,"GLM","NYC","Cotyledon_RedvsYellow",28.9846126881816,24.5066139812902,"Significant",-0.407722639995034
"Lcu.1GRN.Chr1p366900567",1,366900567,1.11110188127517e-29,0.409677419354839,NA,3.1144833874907e-25,"GLM","NYC","Cotyledon_RedvsYellow",28.9542461170744,24.5066139812902,"Significant",-0.3996673499855
"Lcu.1GRN.Chr1p365205475",1,365205475,2.17003134884224e-29,0.451612903225806,NA,5.33881623245167e-25,"GLM","NYC","Cotyledon_RedvsYellow",28.6635339921741,24.2725550277478,"Significant",-0.396279013988298
"Lcu.1GRN.Chr1p366873883",1,366873883,2.6982395999512e-29,0.409677419354839,NA,5.33881623245167e-25,"GLM","NYC","Cotyledon_RedvsYellow",28.5689194882014,24.2725550277478,"Significant",-0.395576039640696
"Lcu.1GRN.Chr1p366875708",1,366875708,2.6982395999512e-29,0.409677419354839,NA,5.33881623245167e-25,"GLM","NYC","Cotyledon_RedvsYellow",28.5689194882014,24.2725550277478,"Significant",-0.395576039640696
"Lcu.1GRN.Chr1p366876079",1,366876079,2.6982395999512e-29,0.409677419354839,NA,5.33881623245167e-25,"GLM","NYC","Cotyledon_RedvsYellow",28.5689194882014,24.2725550277478,"Significant",-0.395576039640696
"Lcu.1GRN.Chr1p366876200",1,366876200,2.6982395999512e-29,0.409677419354839,NA,5.33881623245167e-25,"GLM","NYC","Cotyledon_RedvsYellow",28.5689194882014,24.2725550277478,"Significant",-0.395576039640696
"Lcu.1GRN.Chr1p367497600",1,367497600,5.10896734689659e-29,0.409677419354839,NA,9.54715566429758e-25,"GLM","NYC","Cotyledon_RedvsYellow",28.2916668730288,24.0201259963003,"Significant",-0.403460345319671
"Lcu.1GRN.Chr1p446411579",1,446411579,6.6009703479122e-29,0.279503105590062,NA,7.40116197672061e-24,"FarmCPU","NYC","DTF_Sask_2017_b",28.1803922181297,23.1307000910174,"Significant",-0.493497156961894
"Lcu.1GRN.Chr1p366878173",1,366878173,7.22403257294464e-29,0.412903225806452,NA,1.27890850761246e-24,"GLM","NYC","Cotyledon_RedvsYellow",28.1412203044694,23.8931605235904,"Significant",-0.389766235270905
"Lcu.1GRN.Chr1p365313072",1,365313072,1.36834396270808e-28,0.409677419354839,NA,2.28593639345537e-24,"GLM","NYC","Cotyledon_RedvsYellow",27.8638047196265,23.6409358580858,"Significant",-0.402313140143859
"Lcu.1GRN.Chr1p366892376",1,366892376,1.42715142277818e-28,0.380645161290323,NA,2.28593639345537e-24,"GLM","NYC","Cotyledon_RedvsYellow",27.8455299451838,23.6409358580858,"Significant",-0.387404995967605
"Lcu.1GRN.Chr1p368964376",1,368964376,2.22747205851142e-28,0.435483870967742,NA,3.40567315411505e-24,"GLM","NYC","Cotyledon_RedvsYellow",27.6521877350623,23.4677970340527,"Significant",-0.399897302793342
"Lcu.1GRN.Chr1p366659710",1,366659710,5.83879830579554e-28,0.416129032258065,NA,8.53903943358925e-24,"GLM","NYC","Cotyledon_RedvsYellow",27.2336765266656,23.0685909808514,"Significant",-0.38221913543338
"Lcu.1GRN.Chr1p357509147",1,357509147,7.95423595976487e-28,0.361290322580645,NA,1.11480936961593e-23,"GLM","NYC","Cotyledon_RedvsYellow",27.0994015299576,22.9527993898373,"Significant",0.378443300401817
"Lcu.1GRN.Chr1p351845237",1,351845237,9.75350178464737e-28,0.346774193548387,NA,1.31230245391859e-23,"GLM","NYC","Cotyledon_RedvsYellow",27.0108394322286,22.8819660590688,"Significant",0.373820583563865
"Lcu.1GRN.Chr1p361792419",1,361792419,1.53742390747169e-27,0.209677419354839,NA,1.29284666871132e-22,"FarmCPU","NYC","Cotyledon_RedvsYellow",26.8132063697854,21.8884529792814,"Significant",-0.0155642801868368
"Lcu.1GRN.Chr1p367559138",1,367559138,3.25913999944911e-27,0.387096774193548,NA,4.1721192617613e-23,"GLM","NYC","Cotyledon_RedvsYellow",26.4868969836029,22.37964328558,"Significant",-0.413824323592365
"Lcu.1GRN.Chr1p365316597",1,365316597,3.34893791803462e-27,0.396774193548387,NA,4.1721192617613e-23,"GLM","NYC","Cotyledon_RedvsYellow",26.4750929032529,22.37964328558,"Significant",-0.401471775956666
"Lcu.1GRN.Chr1p365318023",1,365318023,5.36575114246383e-27,0.470967741935484,NA,9.02430807268566e-22,"MLM","NYC","Cotyledon_RedvsYellow",26.2703694732893,21.0445860871214,"Significant",-0.386921520853067
"Lcu.1GRN.Chr1p367559246",1,367559246,5.51393912002983e-27,0.401612903225806,NA,6.62395414281098e-23,"GLM","NYC","Cotyledon_RedvsYellow",26.2585380332939,22.1788826828043,"Significant",-0.414579446111331
"Lcu.1GRN.Chr1p367435302",1,367435302,8.07360491945489e-27,0.383870967741936,NA,9.36446298600788e-23,"GLM","NYC","Cotyledon_RedvsYellow",26.0929325065357,22.0285171226027,"Significant",-0.375037705342994
"Lcu.1GRN.Chr1p365318027",1,365318027,8.7267446037738e-27,0.47258064516129,NA,9.78462967379194e-22,"MLM","NYC","Cotyledon_RedvsYellow",26.0591477338757,21.0094556067635,"Significant",-0.383387685234597
"Lcu.1GRN.Chr1p369133533",1,369133533,1.01413782037469e-26,0.393548387096774,NA,1.13707498741991e-22,"GLM","NYC","Cotyledon_RedvsYellow",25.9939030207808,21.9442108936686,"Significant",-0.405122084759485
"Lcu.1GRN.Chr1p369007361",1,369007361,1.14932733606033e-26,0.393548387096774,NA,1.24708318725356e-22,"GLM","NYC","Cotyledon_RedvsYellow",25.939556263741,21.9041045757434,"Significant",-0.418147555982995
"Lcu.1GRN.Chr1p367435719",1,367435719,1.51474255585285e-26,0.333870967741935,NA,1.55432944250906e-22,"GLM","NYC","Cotyledon_RedvsYellow",25.8196611731506,21.8084569263972,"Significant",-0.416069185969226
"Lcu.1GRN.Chr1p367435947",1,367435947,1.52490796073334e-26,0.391935483870968,NA,1.55432944250906e-22,"GLM","NYC","Cotyledon_RedvsYellow",25.8167563683512,21.8084569263972,"Significant",-0.41199368445315
"Lcu.1GRN.Chr1p366877095",1,366877095,1.72706477654806e-26,0.42741935483871,NA,1.70861058145042e-22,"GLM","NYC","Cotyledon_RedvsYellow",25.7626913731622,21.7673569083726,"Significant",-0.375344525858774
"Lcu.1GRN.Chr1p365784742",1,365784742,1.84863718083016e-26,0.4,NA,1.77663012172656e-22,"GLM","NYC","Cotyledon_RedvsYellow",25.7331483164368,21.7504029789552,"Significant",-0.389082299148357
"Lcu.1GRN.Chr1p368316858",1,368316858,2.04602074014323e-26,0.395161290322581,NA,1.81108910078884e-22,"GLM","NYC","Cotyledon_RedvsYellow",25.6890899682367,21.7420601830216,"Significant",-0.409350391154894
"Lcu.1GRN.Chr1p368412432",1,368412432,2.04602074014323e-26,0.395161290322581,NA,1.81108910078884e-22,"GLM","NYC","Cotyledon_RedvsYellow",25.6890899682367,21.7420601830216,"Significant",-0.409350391154894
"Lcu.1GRN.Chr1p368412525",1,368412525,2.04602074014323e-26,0.395161290322581,NA,1.81108910078884e-22,"GLM","NYC","Cotyledon_RedvsYellow",25.6890899682367,21.7420601830216,"Significant",-0.409350391154894
"Lcu.1GRN.Chr1p368322066",1,368322066,2.7822121695302e-26,0.393548387096774,NA,2.39960092520094e-22,"GLM","NYC","Cotyledon_RedvsYellow",25.5556097540914,21.619860979286,"Significant",-0.410568704835433
"Lcu.1GRN.Chr1p368314687",1,368314687,3.36107898366542e-26,0.396774193548387,NA,2.82639013624647e-22,"GLM","NYC","Cotyledon_RedvsYellow",25.4735212817087,21.5487678912048,"Significant",-0.408451220833113
"Lcu.1GRN.Chr1p365687768",1,365687768,3.50307852021443e-26,0.398387096774194,NA,2.87395125026577e-22,"GLM","NYC","Cotyledon_RedvsYellow",25.4555501280224,21.5415206029103,"Significant",-0.391641059208892
"Lcu.1GRN.Chr1p365687572",1,365687572,1.08970548563311e-25,0.440322580645161,NA,8.72716583537979e-22,"GLM","NYC","Cotyledon_RedvsYellow",24.9626908628368,21.0591267714028,"Significant",-0.386353448460144
"Lcu.1GRN.Chr1p365387232",1,365387232,1.1729160321133e-25,0.416129032258065,NA,9.17512202264777e-22,"GLM","NYC","Cotyledon_RedvsYellow",24.9307330774796,21.0373881512274,"Significant",-0.39477026145245
"Lcu.1GRN.Chr1p355811638",1,355811638,1.22346473505506e-25,0.367741935483871,NA,9.35302642127876e-22,"GLM","NYC","Cotyledon_RedvsYellow",24.912408544164,21.0290478388183,"Significant",0.356052073094164
"Lcu.1GRN.Chr1p367682669",1,367682669,1.4397483449616e-25,0.333870967741935,NA,1.07618629233267e-21,"GLM","NYC","Cotyledon_RedvsYellow",24.8417134120337,20.9681125439771,"Significant",-0.395252583775168
"Lcu.1GRN.Chr1p368315235",1,368315235,1.59376551096455e-25,0.424193548387097,NA,1.34022530906653e-20,"MLM","NYC","Cotyledon_RedvsYellow",24.797575575528,19.8728221850241,"Significant",-0.382277274172355
"Lcu.1GRN.Chr6p3269280",6,3269280,1.7639371267285e-25,0.281055900621118,NA,5.93330239506285e-20,"GLM","NYC","DTF_Sask_2017_b",24.7535168987969,19.226703516965,"Significant",-3.45141939747194
"Lcu.1GRN.Chr1p365687685",1,365687685,2.12795488204043e-25,0.408064516129032,NA,1.55602999958107e-21,"GLM","NYC","Cotyledon_RedvsYellow",24.6720375844073,20.807982034257,"Significant",-0.383728068633453
"Lcu.1GRN.Chr1p368411419",1,368411419,2.45445371876455e-25,0.382258064516129,NA,1.75658985961633e-21,"GLM","NYC","Cotyledon_RedvsYellow",24.6100451525536,20.7553296286574,"Significant",-0.411891053821473
"Lcu.1GRN.Chr1p366878031",1,366878031,2.74012525569433e-25,0.414516129032258,NA,1.92018273308778e-21,"GLM","NYC","Cotyledon_RedvsYellow",24.5622295844009,20.7166574399447,"Significant",-0.376577979120691
"Lcu.1GRN.Chr1p371692181",1,371692181,3.17819866820015e-25,0.338709677419355,NA,2.18171663556424e-21,"GLM","NYC","Cotyledon_RedvsYellow",24.4978189586685,20.6612016568651,"Significant",0.333365552173503
"Lcu.1GRN.Chr1p368411487",1,368411487,3.62873434418239e-25,0.383870967741936,NA,2.44117297029919e-21,"GLM","NYC","Cotyledon_RedvsYellow",24.4402448248771,20.6124014473812,"Significant",-0.413407781979004
"Lcu.1GRN.Chr1p369133465",1,369133465,3.82025381235503e-25,0.406451612903226,NA,2.51962218451064e-21,"GLM","NYC","Cotyledon_RedvsYellow",24.4179077822078,20.5986645764739,"Significant",-0.395182867275518
"Lcu.1GRN.Chr1p366901526",1,366901526,3.93413729739364e-25,0.416129032258065,NA,2.54483453906232e-21,"GLM","NYC","Cotyledon_RedvsYellow",24.4051504877161,20.5943404495191,"Significant",-0.373780682872831
"Lcu.1GRN.Chr1p369005240",1,369005240,4.36033052422364e-25,0.366129032258064,NA,2.76730433479534e-21,"GLM","NYC","Cotyledon_RedvsYellow",24.3604805888494,20.5579430766183,"Significant",-0.403372919924771
"Lcu.1GRN.Chr1p373777286",1,373777286,5.79467404318165e-25,0.335483870967742,NA,3.60951319237571e-21,"GLM","NYC","Cotyledon_RedvsYellow",24.2369709885578,20.4425513665489,"Significant",0.331462710742042
"Lcu.1GRN.Chr1p368085376",1,368085376,7.3240837454783e-25,0.416129032258065,NA,4.47923650402782e-21,"GLM","NYC","Cotyledon_RedvsYellow",24.1352466985059,20.3487960061683,"Significant",-0.392928664613521
"Lcu.1GRN.Chr1p355077751",1,355077751,7.72168337371454e-25,0.367741935483871,NA,4.63807048458257e-21,"GLM","NYC","Cotyledon_RedvsYellow",24.1122880105167,20.333662655691,"Significant",0.34825429655129
"Lcu.1GRN.Chr5p1658484",5,1658484,8.39187081152672e-25,0.123456790123457,NA,1.4113742046304e-19,"FarmCPU","NYC","DTF_Nepal_2017",24.0761412105,18.8503578243321,"Significant",10.777225854064
"Lcu.1GRN.Chr1p365687251",1,365687251,8.92120589599717e-25,0.414516129032258,NA,5.26456011161207e-21,"GLM","NYC","Cotyledon_RedvsYellow",24.0495764372629,20.2786379111035,"Significant",-0.381558738840686
"Lcu.1GRN.Chr1p365319091",1,365319091,1.21153177401043e-24,0.395161290322581,NA,7.02619496945803e-21,"GLM","NYC","Cotyledon_RedvsYellow",23.9166651914345,20.1532798031655,"Significant",-0.368216771591819
"Lcu.1GRN.Chr1p365303155",1,365303155,1.81110067860475e-24,0.391935483870968,NA,1.0325330541699e-20,"GLM","NYC","Cotyledon_RedvsYellow",23.7420574067002,19.9860960365105,"Significant",-0.367206006095797
"Lcu.1GRN.Chr1p365783623",1,365783623,2.01375213789826e-24,0.387096774193548,NA,1.12893294228071e-20,"GLM","NYC","Cotyledon_RedvsYellow",23.6959939855041,19.9473318540559,"Significant",-0.371615752099812
"Lcu.1GRN.Chr1p363532953",1,363532953,2.12116603450536e-24,0.182258064516129,NA,1.16965615660404e-20,"GLM","NYC","Cotyledon_RedvsYellow",23.6734253357044,19.9319417888833,"Significant",-0.40534056485871
"Lcu.1GRN.Chr1p368422512",1,368422512,2.25341454193021e-24,0.37741935483871,NA,1.22253917617006e-20,"GLM","NYC","Cotyledon_RedvsYellow",23.6471589073831,19.9127372150494,"Significant",-0.396267256540168
"Lcu.1GRN.Chr1p355065029",1,355065029,2.61229276814885e-24,0.416129032258065,NA,1.39474457387924e-20,"GLM","NYC","Cotyledon_RedvsYellow",23.5829781518739,19.8555053194956,"Significant",0.353349963066054
"Lcu.1GRN.Chr6p1734191",6,1734191,2.63089481143065e-24,0.335403726708075,NA,2.83171345619272e-19,"GLM","NYC","DTF_Sask_2017_b",23.5798965155511,18.5479506954351,"Significant",-3.11153292313132
"Lcu.1GRN.Chr1p365324936",1,365324936,2.71563774737501e-24,0.390322580645161,NA,1.40721538594705e-20,"GLM","NYC","Cotyledon_RedvsYellow",23.5661281632607,19.8516394251173,"Significant",-0.3671246175283
"Lcu.1GRN.Chr1p365687602",1,365687602,2.71950505499276e-24,0.412903225806452,NA,1.40721538594705e-20,"GLM","NYC","Cotyledon_RedvsYellow",23.5655101295852,19.8516394251173,"Significant",-0.376051960954886
"Lcu.1GRN.Chr1p365313175",1,365313175,2.92850003170029e-24,0.393548387096774,NA,1.40721538594705e-20,"GLM","NYC","Cotyledon_RedvsYellow",23.5333547669349,19.8516394251173,"Significant",-0.364823661713315
"Lcu.1GRN.Chr1p365324533",1,365324533,2.92850003170029e-24,0.393548387096774,NA,1.40721538594705e-20,"GLM","NYC","Cotyledon_RedvsYellow",23.5333547669349,19.8516394251173,"Significant",-0.364823661713315
"Lcu.1GRN.Chr1p365325118",1,365325118,2.92850003170029e-24,0.393548387096774,NA,1.40721538594705e-20,"GLM","NYC","Cotyledon_RedvsYellow",23.5333547669349,19.8516394251173,"Significant",-0.364823661713315
"Lcu.1GRN.Chr1p365386981",1,365386981,2.92850003170029e-24,0.393548387096774,NA,1.40721538594705e-20,"GLM","NYC","Cotyledon_RedvsYellow",23.5333547669349,19.8516394251173,"Significant",-0.364823661713315
"Lcu.1GRN.Chr1p365782304",1,365782304,2.92850003170029e-24,0.393548387096774,NA,1.40721538594705e-20,"GLM","NYC","Cotyledon_RedvsYellow",23.5333547669349,19.8516394251173,"Significant",-0.364823661713315
"Lcu.1GRN.Chr1p381165558",1,381165558,3.29264094988621e-24,0.37258064516129,NA,1.55990951885968e-20,"GLM","NYC","Cotyledon_RedvsYellow",23.4824556248863,19.8069005917735,"Significant",-0.382645569453451
"Lcu.1GRN.Chr4p416272481",4,416272481,3.30147984482139e-24,0.277950310559006,NA,2.83171345619272e-19,"GLM","NYC","DTF_Sask_2017_b",23.4812913497039,18.5479506954351,"Significant",-3.26194410430548
"Lcu.1GRN.Chr6p1445607",6,1445607,3.43943577579403e-24,0.335403726708075,NA,2.83171345619272e-19,"GLM","NYC","DTF_Sask_2017_b",23.4635127956718,18.5479506954351,"Significant",-3.11960064712757
"Lcu.1GRN.Chr1p365987502",1,365987502,3.63947372608264e-24,0.391935483870968,NA,1.70027619280728e-20,"GLM","NYC","Cotyledon_RedvsYellow",23.4389614115109,19.7694805261103,"Significant",-0.362875881134257
"Lcu.1GRN.Chr1p365303305",1,365303305,3.94555641851234e-24,0.385483870967742,NA,1.81802051482978e-20,"GLM","NYC","Cotyledon_RedvsYellow",23.4038917421505,19.7404012204391,"Significant",-0.367676983815941
"Lcu.1GRN.Chr4p416056128",4,416056128,4.20926169361549e-24,0.27639751552795,NA,2.83171345619272e-19,"GLM","NYC","DTF_Sask_2017_b",23.375794072931,18.5479506954351,"Significant",-3.24153995762148
"Lcu.1GRN.Chr1p365302765",1,365302765,5.4080241163435e-24,0.387096774193548,NA,2.45821736208394e-20,"GLM","NYC","Cotyledon_RedvsYellow",23.2669613803853,19.6093797182844,"Significant",-0.365273419360208
"Lcu.1GRN.Chr1p368316858",1,368316858,5.72743639468882e-24,0.395161290322581,NA,2.75217228253185e-19,"MLM","NYC","Cotyledon_RedvsYellow",23.2420397251135,18.5603243832959,"Significant",-0.383129868737662
"Lcu.1GRN.Chr1p368412432",1,368412432,5.72743639468882e-24,0.395161290322581,NA,2.75217228253185e-19,"MLM","NYC","Cotyledon_RedvsYellow",23.2420397251135,18.5603243832959,"Significant",-0.383129868737662
"Lcu.1GRN.Chr1p368412525",1,368412525,5.72743639468882e-24,0.395161290322581,NA,2.75217228253185e-19,"MLM","NYC","Cotyledon_RedvsYellow",23.2420397251135,18.5603243832959,"Significant",-0.383129868737662
"Lcu.1GRN.Chr1p365311739",1,365311739,6.01934286795595e-24,0.374193548387097,NA,2.69961106995432e-20,"GLM","NYC","Cotyledon_RedvsYellow",23.2204509181106,19.5686987996704,"Significant",-0.353421188400799
"Lcu.1GRN.Chr1p365324212",1,365324212,6.19274444489972e-24,0.395161290322581,NA,2.72213580877626e-20,"GLM","NYC","Cotyledon_RedvsYellow",23.208116841589,19.5650902114138,"Significant",-0.365328884719786
"Lcu.1GRN.Chr1p367554581",1,367554581,6.23142155073987e-24,0.346774193548387,NA,2.72213580877626e-20,"GLM","NYC","Cotyledon_RedvsYellow",23.2054128680732,19.5650902114138,"Significant",-0.383013874513378
"Lcu.1GRN.Chr1p365311989",1,365311989,6.56088125735218e-24,0.390322580645161,NA,2.81178392485406e-20,"GLM","NYC","Cotyledon_RedvsYellow",23.1830378222859,19.551018056287,"Significant",-0.365262760184336
"Lcu.1GRN.Chr1p366141043",1,366141043,6.6038264771357e-24,0.382258064516129,NA,2.81178392485406e-20,"GLM","NYC","Cotyledon_RedvsYellow",23.1802043468285,19.551018056287,"Significant",-0.362808432087152
"Lcu.1GRN.Chr1p27007485",1,27007485,7.74049628572383e-24,0.0774193548387097,NA,8.67882504713355e-19,"MLMM","NYC","Cotyledon_RedvsYellow",23.1112311934203,18.061539066308,"Significant",0.16809597904682
"Lcu.1GRN.Chr1p365326117",1,365326117,7.8469839278761e-24,0.395161290322581,NA,3.29933305358488e-20,"GLM","NYC","Cotyledon_RedvsYellow",23.105297236908,19.4815738420681,"Significant",-0.362106429476251
"Lcu.1GRN.Chr1p365785855",1,365785855,8.27249833420853e-24,0.430645161290323,NA,3.4782443089784e-19,"MLM","NYC","Cotyledon_RedvsYellow",23.0823633116198,18.4586399167799,"Significant",-0.354364032749888
"Lcu.1GRN.Chr1p368314687",1,368314687,9.7277994624152e-24,0.396774193548387,NA,3.63567857974913e-19,"MLM","NYC","Cotyledon_RedvsYellow",23.0119853909151,18.4394145185226,"Significant",-0.381949458772268
"Lcu.1GRN.Chr1p368322066",1,368322066,1.27876423466327e-23,0.393548387096774,NA,4.30134089320981e-19,"MLM","NYC","Cotyledon_RedvsYellow",22.8932095188702,18.3663961370383,"Significant",-0.38088587356282
"Lcu.1GRN.Chr1p365687404",1,365687404,1.67443422399358e-23,0.419354838709677,NA,6.95338785953145e-20,"GLM","NYC","Cotyledon_RedvsYellow",22.7761319079734,19.1578035450202,"Significant",-0.368942646013747
"Lcu.1GRN.Chr1p367554944",1,367554944,1.69757174165144e-23,0.324193548387097,NA,6.96350139053742e-20,"GLM","NYC","Cotyledon_RedvsYellow",22.7701718627942,19.157172333346,"Significant",-0.387949790575607
"Lcu.1GRN.Chr1p365319399",1,365319399,1.72276944864172e-23,0.388709677419355,NA,6.98172037507553e-20,"GLM","NYC","Cotyledon_RedvsYellow",22.7637728385602,19.1560375491044,"Significant",-0.361222507345235
"Lcu.1GRN.Chr1p365987296",1,365987296,1.73883135779096e-23,0.42741935483871,NA,5.31714079387338e-19,"MLM","NYC","Cotyledon_RedvsYellow",22.7597425364173,18.2743218397436,"Significant",-0.353339733209852
"Lcu.1GRN.Chr4p415952453",4,415952453,1.754190482913e-23,0.274844720496894,NA,7.45184353946023e-19,"GLM","NYC","DTF_Sask_2017_b",22.7559232495182,18.1277362722222,"Significant",-3.19349840503617
"Lcu.1GRN.Chr4p416272221",4,416272221,1.80362952787207e-23,0.270186335403727,NA,7.45184353946023e-19,"GLM","NYC","DTF_Sask_2017_b",22.743852663315,18.1277362722222,"Significant",-3.24966178204807
"Lcu.1GRN.Chr1p365313844",1,365313844,1.9618905402064e-23,0.417741935483871,NA,5.49929362781339e-19,"MLM","NYC","Cotyledon_RedvsYellow",22.7073252268799,18.2596930910956,"Significant",-0.358955831532888
"Lcu.1GRN.Chr1p365316514",1,365316514,2.10790263477303e-23,0.388709677419355,NA,8.44082006607975e-20,"GLM","NYC","Cotyledon_RedvsYellow",22.6761494533064,19.0736153575365,"Significant",-0.3605232811245
"Lcu.1GRN.Chr2p44545877",2,44545877,2.23363633619041e-23,0.066358024691358,NA,5.35104630000485e-18,"GLM","NYC","DTF_Nepal_2017",22.6509875340146,17.2715612912703,"Significant",14.6798041143479
"Lcu.1GRN.Chr1p364467603",1,364467603,2.40056695230219e-23,0.187096774193548,NA,9.49966475347094e-20,"GLM","NYC","Cotyledon_RedvsYellow",22.6196861769642,19.0222917208466,"Significant",-0.394918135611566
"Lcu.1GRN.Chr4p423043571",4,423043571,2.60665621200148e-23,0.288819875776398,NA,7.45184353946023e-19,"GLM","NYC","DTF_Sask_2017_b",22.583916243506,18.1277362722222,"Significant",-3.17642804178853
"Lcu.1GRN.Chr3p239208186",3,239208186,2.7573440643698e-23,0.461180124223602,NA,7.45184353946023e-19,"GLM","NYC","DTF_Sask_2017_b",22.5595090387785,18.1277362722222,"Significant",2.88501360147615
"Lcu.1GRN.Chr1p367592989",1,367592989,3.16546687732525e-23,0.380645161290323,NA,1.23809139200612e-19,"GLM","NYC","Cotyledon_RedvsYellow",22.4995622264705,18.9072472958822,"Significant",-0.386714783806893
"Lcu.1GRN.Chr2p44546658",2,44546658,3.1816713886944e-23,0.0679012345679012,NA,5.35104630000485e-18,"GLM","NYC","DTF_Nepal_2017",22.4973446774382,17.2715612912703,"Significant",14.5441357125364
"Lcu.1GRN.Chr1p369007361",1,369007361,3.45614862032197e-23,0.393548387096774,NA,8.94257186901417e-19,"MLM","NYC","Cotyledon_RedvsYellow",22.4614075903836,18.0485375608585,"Significant",-0.380875283037729
"Lcu.1GRN.Chr1p381602380",1,381602380,3.58689571528721e-23,0.37258064516129,NA,1.37220211268537e-19,"GLM","NYC","Cotyledon_RedvsYellow",22.4452812497343,18.8625819163557,"Significant",-0.375576101371004
"Lcu.1GRN.Chr1p369008065",1,369008065,3.58994151971841e-23,0.374193548387097,NA,1.37220211268537e-19,"GLM","NYC","Cotyledon_RedvsYellow",22.4449126260374,18.8625819163557,"Significant",-0.400543602239299
"Lcu.1GRN.Chr1p367435755",1,367435755,3.6747425921819e-23,0.324193548387097,NA,1.38883386685893e-19,"GLM","NYC","Cotyledon_RedvsYellow",22.4347730769091,18.8573497017221,"Significant",-0.411631557476764
"Lcu.1GRN.Chr4p441072457",4,441072457,3.90062837642226e-23,0.397515527950311,NA,7.45184353946023e-19,"GLM","NYC","DTF_Sask_2017_b",22.4088654241453,18.1277362722222,"Significant",-2.87434946839775
"Lcu.1GRN.Chr1p368411419",1,368411419,3.92962502985737e-23,0.382258064516129,NA,9.44140130298595e-19,"MLM","NYC","Cotyledon_RedvsYellow",22.4056488886152,18.0249635424616,"Significant",-0.382809060451358
"Lcu.1GRN.Chr4p439775879",4,439775879,3.9331810862993e-23,0.273291925465838,NA,7.45184353946023e-19,"GLM","NYC","DTF_Sask_2017_b",22.4052560579203,18.1277362722222,"Significant",-3.15168835019875
"Lcu.1GRN.Chr4p439785790",4,439785790,3.9331810862993e-23,0.273291925465838,NA,7.45184353946023e-19,"GLM","NYC","DTF_Sask_2017_b",22.4052560579203,18.1277362722222,"Significant",-3.15168835019875
"Lcu.1GRN.Chr4p439803326",4,439803326,3.9331810862993e-23,0.273291925465838,NA,7.45184353946023e-19,"GLM","NYC","DTF_Sask_2017_b",22.4052560579203,18.1277362722222,"Significant",-3.15168835019875
"Lcu.1GRN.Chr4p439806734",4,439806734,3.9331810862993e-23,0.273291925465838,NA,7.45184353946023e-19,"GLM","NYC","DTF_Sask_2017_b",22.4052560579203,18.1277362722222,"Significant",-3.15168835019875
"Lcu.1GRN.Chr4p439859738",4,439859738,3.9331810862993e-23,0.273291925465838,NA,7.45184353946023e-19,"GLM","NYC","DTF_Sask_2017_b",22.4052560579203,18.1277362722222,"Significant",-3.15168835019875
"Lcu.1GRN.Chr4p439774134",4,439774134,4.33067030383484e-23,0.274844720496894,NA,7.45184353946023e-19,"GLM","NYC","DTF_Sask_2017_b",22.3634448780747,18.1277362722222,"Significant",-3.15082539966239
"Lcu.1GRN.Chr4p439787989",4,439787989,4.33067030383484e-23,0.274844720496894,NA,7.45184353946023e-19,"GLM","NYC","DTF_Sask_2017_b",22.3634448780747,18.1277362722222,"Significant",-3.15082539966239
"Lcu.1GRN.Chr1p367684024",1,367684024,4.42813510108851e-23,0.382258064516129,NA,1.65497613283093e-19,"GLM","NYC","Cotyledon_RedvsYellow",22.3537791373954,18.7812082650028,"Significant",-0.386820997228059
"Lcu.1GRN.Chr4p431243285",4,431243285,4.54493940549303e-23,0.268633540372671,NA,7.45184353946023e-19,"GLM","NYC","DTF_Sask_2017_b",22.3424719025488,18.1277362722222,"Significant",-3.20240096493396
"Lcu.1GRN.Chr1p369008051",1,369008051,4.67663453569897e-23,0.370967741935484,NA,1.71844171200844e-19,"GLM","NYC","Cotyledon_RedvsYellow",22.3300665675152,18.7648651941537,"Significant",-0.400147762512702
"Lcu.1GRN.Chr1p367590516",1,367590516,4.70012330296302e-23,0.379032258064516,NA,1.71844171200844e-19,"GLM","NYC","Cotyledon_RedvsYellow",22.32789074864,18.7648651941537,"Significant",-0.387113081481666
"Lcu.1GRN.Chr4p439812071",4,439812071,4.70845514944206e-23,0.277950310559006,NA,7.45184353946023e-19,"GLM","NYC","DTF_Sask_2017_b",22.3271215621122,18.1277362722222,"Significant",-3.15042590106766
"Lcu.1GRN.Chr4p422904956",4,422904956,4.84703355803829e-23,0.291925465838509,NA,7.45184353946023e-19,"GLM","NYC","DTF_Sask_2017_b",22.3145239734647,18.1277362722222,"Significant",-3.12890198649345
"Lcu.1GRN.Chr1p369008051",1,369008051,4.92760360292995e-23,0.370967741935484,NA,1.10498882740449e-18,"MLM","NYC","Cotyledon_RedvsYellow",22.3073642359054,17.9566421131292,"Significant",-0.388608931587594
"Lcu.1GRN.Chr1p355102028",1,355102028,5.05306376016545e-23,0.354838709677419,NA,1.82761709442535e-19,"GLM","NYC","Cotyledon_RedvsYellow",22.2964452217473,18.7381147884693,"Significant",0.347608906850134
"Lcu.1GRN.Chr2p414512712",2,414512712,5.74963547833342e-23,0.226708074534162,NA,7.45184353946023e-19,"GLM","NYC","DTF_Sask_2017_b",22.2403596883133,18.1277362722222,"Significant",-3.36714258928214
"Lcu.1GRN.Chr4p418804416",4,418804416,5.89178178356254e-23,0.287267080745342,NA,7.45184353946023e-19,"GLM","NYC","DTF_Sask_2017_b",22.2297533466817,18.1277362722222,"Significant",-3.12439261787219
"Lcu.1GRN.Chr4p419238218",4,419238218,5.89178178356254e-23,0.287267080745342,NA,7.45184353946023e-19,"GLM","NYC","DTF_Sask_2017_b",22.2297533466817,18.1277362722222,"Significant",-3.12439261787219
"Lcu.1GRN.Chr2p44558948",2,44558948,6.09481420300818e-23,0.0709876543209876,NA,6.83364789674418e-18,"GLM","NYC","DTF_Nepal_2017",22.2150395290675,17.1653474019552,"Significant",14.3418922133264
"Lcu.1GRN.Chr3p240799788",3,240799788,6.1640803371256e-23,0.496894409937888,NA,7.45184353946023e-19,"GLM","NYC","DTF_Sask_2017_b",22.2101317097098,18.1277362722222,"Significant",2.84038472470969
"Lcu.1GRN.Chr3p240803535",3,240803535,6.1640803371256e-23,0.496894409937888,NA,7.45184353946023e-19,"GLM","NYC","DTF_Sask_2017_b",22.2101317097098,18.1277362722222,"Significant",2.84038472470969
"Lcu.1GRN.Chr3p240805336",3,240805336,6.1640803371256e-23,0.496894409937888,NA,7.45184353946023e-19,"GLM","NYC","DTF_Sask_2017_b",22.2101317097098,18.1277362722222,"Significant",2.84038472470969
"Lcu.1GRN.Chr3p241043180",3,241043180,6.1640803371256e-23,0.496894409937888,NA,7.45184353946023e-19,"GLM","NYC","DTF_Sask_2017_b",22.2101317097098,18.1277362722222,"Significant",2.84038472470969
"Lcu.1GRN.Chr4p439859717",4,439859717,6.72729555541215e-23,0.27639751552795,NA,7.45184353946023e-19,"GLM","NYC","DTF_Sask_2017_b",22.172159491707,18.1277362722222,"Significant",-3.12448682419176
"Lcu.1GRN.Chr1p363935389",1,363935389,6.82104499603552e-23,0.185483870967742,NA,2.44082387466115e-19,"GLM","NYC","Cotyledon_RedvsYellow",22.1661490855714,18.6124635573392,"Significant",-0.395506633266078
"Lcu.1GRN.Chr4p422904852",4,422904852,6.94406704329271e-23,0.291925465838509,NA,7.45184353946023e-19,"GLM","NYC","DTF_Sask_2017_b",22.1583860948028,18.1277362722222,"Significant",-3.12578148553813
"Lcu.1GRN.Chr1p365687187",1,365687187,7.10455717913031e-23,0.42741935483871,NA,2.50475196186702e-19,"GLM","NYC","Cotyledon_RedvsYellow",22.1484629860903,18.6012352745576,"Significant",-0.360837435955854
"Lcu.1GRN.Chr1p367671252",1,367671252,7.14862600490637e-23,0.37741935483871,NA,2.50475196186702e-19,"GLM","NYC","Cotyledon_RedvsYellow",22.1457774233499,18.6012352745576,"Significant",-0.387088797477124
"Lcu.1GRN.Chr3p241036673",3,241036673,7.1518300935778e-23,0.495341614906832,NA,7.45184353946023e-19,"GLM","NYC","DTF_Sask_2017_b",22.1455828116476,18.1277362722222,"Significant",2.84307485414725
"Lcu.1GRN.Chr4p388900786",4,388900786,7.21342214653289e-23,0.304347826086957,NA,7.45184353946023e-19,"GLM","NYC","DTF_Sask_2017_b",22.1418586511255,18.1277362722222,"Significant",-3.10796785705452
"Lcu.1GRN.Chr4p439859319",4,439859319,7.26987638686486e-23,0.279503105590062,NA,7.45184353946023e-19,"GLM","NYC","DTF_Sask_2017_b",22.138472973592,18.1277362722222,"Significant",-3.12564074546813
"Lcu.1GRN.Chr1p365386345",1,365386345,7.42113932421751e-23,0.361290322580645,NA,2.57342924852482e-19,"GLM","NYC","Cotyledon_RedvsYellow",22.1295294149047,18.5894877673391,"Significant",-0.381917587618813
"Lcu.1GRN.Chr4p422819517",4,422819517,7.6545870900272e-23,0.307453416149068,NA,7.45184353946023e-19,"GLM","NYC","DTF_Sask_2017_b",22.1160782314006,18.1277362722222,"Significant",-3.1300106406906
"Lcu.1GRN.Chr1p365786633",1,365786633,8.11933529013949e-23,0.432258064516129,NA,1.61638824367965e-18,"MLM","NYC","Cotyledon_RedvsYellow",22.0904795239166,17.79145431693,"Significant",-0.339030142298115
"Lcu.1GRN.Chr1p368964376",1,368964376,8.1692318635758e-23,0.435483870967742,NA,1.61638824367965e-18,"MLM","NYC","Cotyledon_RedvsYellow",22.0878187773836,17.79145431693,"Significant",-0.351376029350536
"Lcu.1GRN.Chr3p344658696",3,344658696,8.51417831833801e-23,0.461180124223602,NA,7.45184353946023e-19,"GLM","NYC","DTF_Sask_2017_b",22.0698572583333,18.1277362722222,"Significant",-2.76416550569959
"Lcu.1GRN.Chr3p240543236",3,240543236,8.62077630187226e-23,0.493788819875776,NA,7.45184353946023e-19,"GLM","NYC","DTF_Sask_2017_b",22.0644536241476,18.1277362722222,"Significant",2.8230770563197
"Lcu.1GRN.Chr3p240547408",3,240547408,8.62077630187226e-23,0.493788819875776,NA,7.45184353946023e-19,"GLM","NYC","DTF_Sask_2017_b",22.0644536241476,18.1277362722222,"Significant",2.8230770563197
"Lcu.1GRN.Chr4p422819640",4,422819640,8.62683095245249e-23,0.288819875776398,NA,7.45184353946023e-19,"GLM","NYC","DTF_Sask_2017_b",22.0641487121205,18.1277362722222,"Significant",-3.10925749382008
"Lcu.1GRN.Chr4p439803492",4,439803492,8.81317355570739e-23,0.277950310559006,NA,7.45184353946023e-19,"GLM","NYC","DTF_Sask_2017_b",22.0548676773369,18.1277362722222,"Significant",-3.11588765528928
"Lcu.1GRN.Chr4p422904973",4,422904973,8.85279232981936e-23,0.287267080745342,NA,7.45184353946023e-19,"GLM","NYC","DTF_Sask_2017_b",22.0529197234085,18.1277362722222,"Significant",-3.12971668205505
"Lcu.1GRN.Chr1p361295364",1,361295364,9.01166473676938e-23,0.170967741935484,NA,3.09308840052337e-19,"GLM","NYC","Cotyledon_RedvsYellow",22.0451949738145,18.5096076676752,"Significant",-0.400283726509849
"Lcu.1GRN.Chr4p422819482",4,422819482,9.14678271460532e-23,0.341614906832298,NA,7.45184353946023e-19,"GLM","NYC","DTF_Sask_2017_b",22.0387316376274,18.1277362722222,"Significant",-3.17278890065089
"Lcu.1GRN.Chr4p439858295",4,439858295,9.2084448274954e-23,0.293478260869565,NA,7.45184353946023e-19,"GLM","NYC","DTF_Sask_2017_b",22.0358137096367,18.1277362722222,"Significant",-3.12808525070743
"Lcu.1GRN.Chr1p355254360",1,355254360,9.33775223279739e-23,0.380645161290323,NA,3.17263808615087e-19,"GLM","NYC","Cotyledon_RedvsYellow",22.0297576537889,18.4985794665545,"Significant",0.342973845280514
"Lcu.1GRN.Chr1p437374598",1,437374598,9.37013651870608e-23,0.476708074534162,NA,7.45184353946023e-19,"GLM","NYC","DTF_Sask_2017_b",22.0282540815894,18.1277362722222,"Significant",4.06333580974588
"Lcu.1GRN.Chr3p241036901",3,241036901,9.63125972020087e-23,0.482919254658385,NA,7.45184353946023e-19,"GLM","NYC","DTF_Sask_2017_b",22.0163169056323,18.1277362722222,"Significant",2.87355359740755
"Lcu.1GRN.Chr2p576098218",2,576098218,9.76703213190724e-23,0.256211180124224,NA,7.45184353946023e-19,"GLM","NYC","DTF_Sask_2017_b",22.0102373835224,18.1277362722222,"Significant",-3.23263497503993
"Lcu.1GRN.Chr1p367578006",1,367578006,9.89248235180095e-23,0.37741935483871,NA,3.32750461122823e-19,"GLM","NYC","Cotyledon_RedvsYellow",22.0046947158431,18.4778813340112,"Significant",-0.384242433585221
"Lcu.1GRN.Chr1p369007464",1,369007464,1.00158585266083e-22,0.374193548387097,NA,3.33564780695016e-19,"GLM","NYC","Cotyledon_RedvsYellow",21.9993118184734,18.4768198104242,"Significant",-0.391617350607395
"Lcu.1GRN.Chr2p44545877",2,44545877,1.01072392336299e-22,0.066358024691358,NA,1.6998708696492e-17,"BLINK","NYC","DTF_Nepal_2017",21.9953674546301,16.7695840684622,"Significant",10.0592319389651
"Lcu.1GRN.Chr3p344656513",3,344656513,1.01597546885612e-22,0.434782608695652,NA,7.45184353946023e-19,"GLM","NYC","DTF_Sask_2017_b",21.9931167781437,18.1277362722222,"Significant",-2.77780584317316
"Lcu.1GRN.Chr4p439870776",4,439870776,1.02789144368013e-22,0.301242236024845,NA,7.45184353946023e-19,"GLM","NYC","DTF_Sask_2017_b",21.9880527490568,18.1277362722222,"Significant",-3.00296641203974
"Lcu.1GRN.Chr6p2182821",6,2182821,1.0412336714203e-22,0.335403726708075,NA,7.45184353946023e-19,"GLM","NYC","DTF_Sask_2017_b",21.9824517961183,18.1277362722222,"Significant",-2.95831234320546
"Lcu.1GRN.Chr1p369006843",1,369006843,1.05015909691261e-22,0.280645161290323,NA,3.4631261269726e-19,"GLM","NYC","Cotyledon_RedvsYellow",21.9787449012376,18.4605316911676,"Significant",-0.43912176159092
"Lcu.1GRN.Chr4p439778620",4,439778620,1.08318770230357e-22,0.277950310559006,NA,7.55283707218107e-19,"GLM","NYC","DTF_Sask_2017_b",21.965296279283,18.1218898836884,"Significant",-3.09629655948754
"Lcu.1GRN.Chr1p355856946",1,355856946,1.08765552986601e-22,0.380645161290323,NA,3.55195560790719e-19,"GLM","NYC","Cotyledon_RedvsYellow",21.9635086277683,18.4495324706416,"Significant",0.340107601848701
"Lcu.1GRN.Chr4p422819735",4,422819735,1.10025364122186e-22,0.287267080745342,NA,7.55283707218107e-19,"GLM","NYC","DTF_Sask_2017_b",21.9585071854917,18.1218898836884,"Significant",-3.09960485548278
"Lcu.1GRN.Chr1p367886131",1,367886131,1.10743931760975e-22,0.382258064516129,NA,3.58178885525423e-19,"GLM","NYC","Cotyledon_RedvsYellow",21.9556800617182,18.4459000191851,"Significant",-0.385015348585993
"Lcu.1GRN.Chr1p368411487",1,368411487,1.1762057331051e-22,0.383870967741936,NA,2.1979821879298e-18,"MLM","NYC","Cotyledon_RedvsYellow",21.9295167080747,17.6579758313462,"Significant",-0.374001492408838
"Lcu.1GRN.Chr4p419373677",4,419373677,1.18027880020286e-22,0.282608695652174,NA,7.94013678375673e-19,"GLM","NYC","DTF_Sask_2017_b",21.9280153934669,18.100172015971,"Significant",-3.12674936891408
"Lcu.1GRN.Chr1p367591371",1,367591371,1.20606030824922e-22,0.379032258064516,NA,3.86360845433204e-19,"GLM","NYC","Cotyledon_RedvsYellow",21.9186309750441,18.4130068922822,"Significant",-0.3858693537571
"Lcu.1GRN.Chr1p368422443",1,368422443,1.25795417015706e-22,0.338709677419355,NA,3.99183273918133e-19,"GLM","NYC","Cotyledon_RedvsYellow",21.9003351808386,18.3988276642715,"Significant",-0.384887999137939
"Lcu.1GRN.Chr1p367435967",1,367435967,1.27223130964167e-22,0.359677419354839,NA,3.99940774701157e-19,"GLM","NYC","Cotyledon_RedvsYellow",21.8954339206308,18.3980043164842,"Significant",-0.385646857077092
"Lcu.1GRN.Chr1p367613056",1,367613056,1.3070271576291e-22,0.370967741935484,NA,4.07074818453915e-19,"GLM","NYC","Cotyledon_RedvsYellow",21.8837153884823,18.3903257621373,"Significant",-0.380142565251758
"Lcu.1GRN.Chr3p343245810",3,343245810,1.31624952430339e-22,0.458074534161491,NA,8.21021014533932e-19,"GLM","NYC","DTF_Sask_2017_b",21.8806617727618,18.085645726706,"Significant",-2.95529092682753
"Lcu.1GRN.Chr4p423073947",4,423073947,1.31752085944071e-22,0.301242236024845,NA,8.21021014533932e-19,"GLM","NYC","DTF_Sask_2017_b",21.8802425001623,18.085645726706,"Significant",-3.11925570024034
"Lcu.1GRN.Chr5p422393732",5,422393732,1.31792546520463e-22,0.338509316770186,NA,8.21021014533932e-19,"GLM","NYC","DTF_Sask_2017_b",21.880109150414,18.085645726706,"Significant",-3.19964762417375
"Lcu.1GRN.Chr4p419373590",4,419373590,1.32149975714768e-22,0.288819875776398,NA,8.21021014533932e-19,"GLM","NYC","DTF_Sask_2017_b",21.8789329123427,18.085645726706,"Significant",-3.12376774077582
"Lcu.1GRN.Chr1p357738654",1,357738654,1.34925307068863e-22,0.47258064516129,NA,4.16370832686534e-19,"GLM","NYC","Cotyledon_RedvsYellow",21.8699065848754,18.3805197009842,"Significant",-0.303032113850778
"Lcu.1GRN.Chr6p2183233",6,2183233,1.36329569190532e-22,0.333850931677019,NA,8.21021014533932e-19,"GLM","NYC","DTF_Sask_2017_b",21.8654099376831,18.085645726706,"Significant",-2.95564668335437
"Lcu.1GRN.Chr4p488683410",4,488683410,1.36687537165953e-22,0.256211180124224,NA,8.21021014533932e-19,"GLM","NYC","DTF_Sask_2017_b",21.8642710815317,18.085645726706,"Significant",-3.27519467761506
"Lcu.1GRN.Chr1p369006605",1,369006605,1.41609982351085e-22,0.370967741935484,NA,4.3302659030443e-19,"GLM","NYC","Cotyledon_RedvsYellow",21.8489061313412,18.3634854346676,"Significant",-0.3893500670572
"Lcu.1GRN.Chr6p3270522",6,3270522,1.43450143680252e-22,0.0838509316770186,NA,1.20629736198238e-17,"FarmCPU","NYC","DTF_Sask_2017_b",21.8432990124266,16.9185456219227,"Significant",-0.00883259437387096
"Lcu.1GRN.Chr1p364633717",1,364633717,1.44567673439788e-22,0.480645161290323,NA,4.38088239747039e-19,"GLM","NYC","Cotyledon_RedvsYellow",21.839928808122,18.3584384050768,"Significant",0.356235302724407
"Lcu.1GRN.Chr1p361910110",1,361910110,1.47068317384186e-22,0.0467741935483871,NA,1.23672321783916e-17,"MLMM","NYC","Cotyledon_RedvsYellow",21.8324808763358,16.9077274858319,"Significant",1.01121702392333
"Lcu.1GRN.Chr1p363515087",1,363515087,1.52783899318117e-22,0.206451612903226,NA,4.53928672885093e-19,"GLM","NYC","Cotyledon_RedvsYellow",21.8159224101957,18.3430123837201,"Significant",-0.404983131586367
"Lcu.1GRN.Chr1p368320180",1,368320180,1.55192980826852e-22,0.37258064516129,NA,4.53928672885093e-19,"GLM","NYC","Cotyledon_RedvsYellow",21.8091279251983,18.3430123837201,"Significant",-0.391544975123505
"Lcu.1GRN.Chr1p368411848",1,368411848,1.55192980826852e-22,0.37258064516129,NA,4.53928672885093e-19,"GLM","NYC","Cotyledon_RedvsYellow",21.8091279251983,18.3430123837201,"Significant",-0.391544975123505
"Lcu.1GRN.Chr1p368412956",1,368412956,1.55192980826852e-22,0.37258064516129,NA,4.53928672885093e-19,"GLM","NYC","Cotyledon_RedvsYellow",21.8091279251983,18.3430123837201,"Significant",-0.391544975123505
"Lcu.1GRN.Chr4p439811641",4,439811641,1.59900425532642e-22,0.27639751552795,NA,9.13696827297102e-19,"GLM","NYC","DTF_Sask_2017_b",21.7961503804925,18.0391978831212,"Significant",-3.08874833741064
"Lcu.1GRN.Chr6p2134238",6,2134238,1.62254631756486e-22,0.330745341614907,NA,9.13696827297102e-19,"GLM","NYC","DTF_Sask_2017_b",21.7898028968846,18.0391978831212,"Significant",-2.9572227519229
"Lcu.1GRN.Chr4p439778514",4,439778514,1.64676954575188e-22,0.281055900621118,NA,9.13696827297102e-19,"GLM","NYC","DTF_Sask_2017_b",21.7833671731503,18.0391978831212,"Significant",-3.09066707726075
"Lcu.1GRN.Chr4p419238023",4,419238023,1.64722705210826e-22,0.309006211180124,NA,9.13696827297102e-19,"GLM","NYC","DTF_Sask_2017_b",21.7832465339927,18.0391978831212,"Significant",-3.14005813995503
"Lcu.1GRN.Chr3p240145023",3,240145023,1.65698497370798e-22,0.484472049689441,NA,9.13696827297102e-19,"GLM","NYC","DTF_Sask_2017_b",21.7806814299423,18.0391978831212,"Significant",2.80110755963836
"Lcu.1GRN.Chr1p369133539",1,369133539,1.68212609316532e-22,0.364516129032258,NA,4.87768713430811e-19,"GLM","NYC","Cotyledon_RedvsYellow",21.774141452347,18.3117860597421,"Significant",-0.390020222923078
"Lcu.1GRN.Chr4p439870735",4,439870735,1.69715264192864e-22,0.301242236024845,NA,9.20751843076794e-19,"GLM","NYC","DTF_Sask_2017_b",21.7702790954748,18.0358574031412,"Significant",-2.99577325106877
"Lcu.1GRN.Chr3p344658434",3,344658434,1.73801457914837e-22,0.459627329192547,NA,9.27953571340319e-19,"GLM","NYC","DTF_Sask_2017_b",21.7599465848395,18.0324737524612,"Significant",-2.74546473456414
"Lcu.1GRN.Chr1p367494512",1,367494512,1.74859003605673e-22,0.37741935483871,NA,5.02707679195124e-19,"GLM","NYC","Cotyledon_RedvsYellow",21.7573120006691,18.2986844805834,"Significant",-0.382401838245467
"Lcu.1GRN.Chr2p409606851",2,409606851,1.76828874245348e-22,0.271739130434783,NA,9.29365592863829e-19,"GLM","NYC","DTF_Sask_2017_b",21.7524468179341,18.0318134100861,"Significant",-3.14812907973759
"Lcu.1GRN.Chr1p367592989",1,367592989,1.81125986100993e-22,0.380645161290323,NA,3.20656866141225e-18,"MLM","NYC","Cotyledon_RedvsYellow",21.7420192370926,17.4939594562135,"Significant",-0.374179174738043
"Lcu.1GRN.Chr4p418017929",4,418017929,1.84251788763153e-22,0.295031055900621,NA,9.53480329706082e-19,"GLM","NYC","DTF_Sask_2017_b",21.7345882872073,18.0206882620183,"Significant",-3.115819270936
"Lcu.1GRN.Chr1p382567683",1,382567683,1.90135209087547e-22,0.353225806451613,NA,5.41993304026702e-19,"GLM","NYC","Cotyledon_RedvsYellow",21.7209374533789,18.2660060788532,"Significant",-0.379142713946309
"Lcu.1GRN.Chr3p240805205",3,240805205,1.91930310198154e-22,0.496894409937888,NA,9.77602284221757e-19,"GLM","NYC","DTF_Sask_2017_b",21.7168564347886,18.0098377923473,"Significant",2.84020123230169
"Lcu.1GRN.Chr4p439788597",4,439788597,1.96511761668809e-22,0.288819875776398,NA,9.77602284221757e-19,"GLM","NYC","DTF_Sask_2017_b",21.7066114510138,18.0098377923473,"Significant",-3.09203558561039
"Lcu.1GRN.Chr4p439806560",4,439806560,1.97632215190787e-22,0.282608695652174,NA,9.77602284221757e-19,"GLM","NYC","DTF_Sask_2017_b",21.7041422614729,18.0098377923473,"Significant",-3.11084968604412
"Lcu.1GRN.Chr6p2134947",6,2134947,2.05667651362809e-22,0.33695652173913,NA,1.0026059548689e-18,"GLM","NYC","DTF_Sask_2017_b",21.6868340113651,17.9988697202705,"Significant",-2.9585663652779
"Lcu.1GRN.Chr1p368411597",1,368411597,2.07062447503752e-22,0.353225806451613,NA,5.85285498147014e-19,"GLM","NYC","Cotyledon_RedvsYellow",21.68389865688,18.2326322364407,"Significant",-0.380001629887832
"Lcu.1GRN.Chr2p43989580",2,43989580,2.17316170700342e-22,0.0694444444444444,NA,1.82744970974905e-17,"GLM","NYC","DTF_Nepal_2017",21.6629079562168,16.7381545657129,"Significant",14.0840058991496
"Lcu.1GRN.Chr1p367687922",1,367687922,2.21352053457121e-22,0.375806451612903,NA,6.20462718043429e-19,"GLM","NYC","Cotyledon_RedvsYellow",21.6549164447673,18.2072843089831,"Significant",-0.377667856081614
"Lcu.1GRN.Chr1p368962659",1,368962659,2.3014855155557e-22,0.325806451612903,NA,6.39788246620598e-19,"GLM","NYC","Cotyledon_RedvsYellow",21.6379917540023,18.1939637424868,"Significant",-0.396397511257404
"Lcu.1GRN.Chr3p344658671",3,344658671,2.38119794210561e-22,0.458074534161491,NA,1.14422344027462e-18,"GLM","NYC","DTF_Sask_2017_b",21.6232045014489,17.9414891596313,"Significant",-2.73194813841361
"Lcu.1GRN.Chr1p367566992",1,367566992,2.44717935672107e-22,0.406451612903226,NA,6.74713425149342e-19,"GLM","NYC","Cotyledon_RedvsYellow",21.6113341995163,18.1708806483592,"Significant",-0.320917732377904
"Lcu.1GRN.Chr6p2132299",6,2132299,2.48157857635291e-22,0.338509316770186,NA,1.17566357886211e-18,"GLM","NYC","DTF_Sask_2017_b",21.6052719688099,17.9297169356971,"Significant",-2.9686971532261
"Lcu.1GRN.Chr1p367612441",1,367612441,2.50361438611302e-22,0.37741935483871,NA,6.84661187165593e-19,"GLM","NYC","Cotyledon_RedvsYellow",21.6014325615957,18.1645242912032,"Significant",-0.385397177303292
"Lcu.1GRN.Chr1p368325461",1,368325461,2.58493160792375e-22,0.37741935483871,NA,7.01198137227814e-19,"GLM","NYC","Cotyledon_RedvsYellow",21.587550942974,18.1541592463044,"Significant",-0.388495483632181
"Lcu.1GRN.Chr4p439858324",4,439858324,2.6557045150573e-22,0.28416149068323,NA,1.21090314787684e-18,"GLM","NYC","DTF_Sask_2017_b",21.5758202480612,17.9168905918072,"Significant",-3.08501330684797
"Lcu.1GRN.Chr4p488679053",4,488679053,2.69995974904682e-22,0.254658385093168,NA,1.21090314787684e-18,"GLM","NYC","DTF_Sask_2017_b",21.5686427102474,17.9168905918072,"Significant",-3.26184866019214
"Lcu.1GRN.Chr4p488683452",4,488683452,2.69995974904682e-22,0.254658385093168,NA,1.21090314787684e-18,"GLM","NYC","DTF_Sask_2017_b",21.5686427102474,17.9168905918072,"Significant",-3.26184866019214
"Lcu.1GRN.Chr4p488866113",4,488866113,2.69995974904682e-22,0.254658385093168,NA,1.21090314787684e-18,"GLM","NYC","DTF_Sask_2017_b",21.5686427102474,17.9168905918072,"Significant",-3.26184866019214
"Lcu.1GRN.Chr3p345035314",3,345035314,2.76000696280956e-22,0.436335403726708,NA,1.22154639744653e-18,"GLM","NYC","DTF_Sask_2017_b",21.5590898223167,17.9130900327656,"Significant",-2.74726107784948
"Lcu.1GRN.Chr1p367669176",1,367669176,2.78845520210544e-22,0.37258064516129,NA,7.50355448773281e-19,"GLM","NYC","Cotyledon_RedvsYellow",21.5546363282693,18.1247329594455,"Significant",-0.379962174059407
"Lcu.1GRN.Chr1p364568835",1,364568835,2.83557835455273e-22,0.495161290322581,NA,7.56980146337967e-19,"GLM","NYC","Cotyledon_RedvsYellow",21.5473583475035,18.1209155107891,"Significant",-0.357445948666617
"Lcu.1GRN.Chr4p488683760",4,488683760,2.84741109109334e-22,0.267080745341615,NA,1.24386380062051e-18,"GLM","NYC","DTF_Sask_2017_b",21.5455498276529,17.9052271709935,"Significant",-3.26918090967101
"Lcu.1GRN.Chr5p439889246",5,439889246,2.9952589022627e-22,0.288819875776398,NA,1.29167468099666e-18,"GLM","NYC","DTF_Sask_2017_b",21.5235656323851,17.8888468532437,"Significant",-3.09484868100287
"Lcu.1GRN.Chr1p366601445",1,366601445,3.12373396175893e-22,0.470967741935484,NA,8.27339387019658e-19,"GLM","NYC","Cotyledon_RedvsYellow",21.5053259606654,18.0823162997895,"Significant",-0.354284675989744
"Lcu.1GRN.Chr3p344655790",3,344655790,3.16264140399853e-22,0.464285714285714,NA,1.34586448302653e-18,"GLM","NYC","DTF_Sask_2017_b",21.4999500477597,17.8709986676282,"Significant",-2.76596632059384
"Lcu.1GRN.Chr1p367613056",1,367613056,3.19181872562074e-22,0.370967741935484,NA,5.36811244640436e-18,"MLM","NYC","Cotyledon_RedvsYellow",21.4959617817004,17.2701783955325,"Significant",-0.362456364126109
"Lcu.1GRN.Chr4p488684268",4,488684268,3.28096655165863e-22,0.253105590062112,NA,1.34586448302653e-18,"GLM","NYC","DTF_Sask_2017_b",21.4839981970764,17.8709986676282,"Significant",-3.26905074377675
"Lcu.1GRN.Chr4p488688171",4,488688171,3.28096655165863e-22,0.253105590062112,NA,1.34586448302653e-18,"GLM","NYC","DTF_Sask_2017_b",21.4839981970764,17.8709986676282,"Significant",-3.26905074377675
"Lcu.1GRN.Chr4p488689550",4,488689550,3.28096655165863e-22,0.253105590062112,NA,1.34586448302653e-18,"GLM","NYC","DTF_Sask_2017_b",21.4839981970764,17.8709986676282,"Significant",-3.26905074377675
"Lcu.1GRN.Chr3p344659836",3,344659836,3.36829722617086e-22,0.277950310559006,NA,1.36504100370532e-18,"GLM","NYC","DTF_Sask_2017_b",21.4725895923534,17.8648543028976,"Significant",-4.16688093619615
"Lcu.1GRN.Chr1p382566676",1,382566676,3.5499947401979e-22,0.354838709677419,NA,9.32891469356364e-19,"GLM","NYC","Cotyledon_RedvsYellow",21.449772290411,18.030168878227,"Significant",-0.379619624759932
"Lcu.1GRN.Chr2p52953807",2,52953807,3.56066306794237e-22,0.245341614906832,NA,1.42582089782687e-18,"GLM","NYC","DTF_Sask_2017_b",21.4484691200231,17.8459350242531,"Significant",-3.30279252763104
"Lcu.1GRN.Chr1p367563036",1,367563036,3.62024498610485e-22,0.320967741935484,NA,9.43977476931108e-19,"GLM","NYC","Cotyledon_RedvsYellow",21.4412620392698,18.0250383677371,"Significant",-0.387565838575634
"Lcu.1GRN.Chr1p361546354",1,361546354,3.72078734884239e-22,0.22741935483871,NA,9.62730829360052e-19,"GLM","NYC","Cotyledon_RedvsYellow",21.4293651501514,18.0164951206263,"Significant",-0.339409109199788
"Lcu.1GRN.Chr1p364870820",1,364870820,3.88845738409022e-22,0.387096774193548,NA,9.98434156423111e-19,"GLM","NYC","Cotyledon_RedvsYellow",21.4102226563735,18.0006805701974,"Significant",-0.376256651403491
"Lcu.1GRN.Chr2p17508955",2,17508955,4.04252012829469e-22,0.27639751552795,NA,1.59972984469894e-18,"GLM","NYC","DTF_Sask_2017_b",21.3933478090009,17.7959533528833,"Significant",-3.41673182327763
"Lcu.1GRN.Chr1p351587615",1,351587615,4.11074321459117e-22,0.416129032258065,NA,1.04751391125938e-18,"GLM","NYC","Cotyledon_RedvsYellow",21.3860796514048,17.9798402007788,"Significant",0.387202540948826
"Lcu.1GRN.Chr1p369006605",1,369006605,4.34157402637983e-22,0.370967741935484,NA,6.56754581778703e-18,"MLM","NYC","Cotyledon_RedvsYellow",21.3623527896029,17.1825968887219,"Significant",-0.370208093592194
"Lcu.1GRN.Chr4p422865655",4,422865655,4.41315630560788e-22,0.305900621118012,NA,1.72609319424233e-18,"GLM","NYC","DTF_Sask_2017_b",21.3552506903954,17.762935759807,"Significant",-3.07007565676064
"Lcu.1GRN.Chr1p368965430",1,368965430,4.47605825991476e-22,0.374193548387097,NA,1.13202878850583e-18,"GLM","NYC","Cotyledon_RedvsYellow",21.3491042693745,17.9461425285097,"Significant",-0.375686368715587
"Lcu.1GRN.Chr1p365316597",1,365316597,4.47895013526844e-22,0.396774193548387,NA,6.56754581778703e-18,"MLM","NYC","Cotyledon_RedvsYellow",21.3488237725851,17.1825968887219,"Significant",-0.342983509186253
"Lcu.1GRN.Chr4p439809982",4,439809982,4.52793912431415e-22,0.285714285714286,NA,1.75063137865308e-18,"GLM","NYC","DTF_Sask_2017_b",21.3440994206343,17.7568052914211,"Significant",-3.0616927313733
"Lcu.1GRN.Chr1p367559246",1,367559246,4.54212770597102e-22,0.401612903225806,NA,6.56754581778703e-18,"MLM","NYC","Cotyledon_RedvsYellow",21.342740659368,17.1825968887219,"Significant",-0.353870748170275
"Lcu.1GRN.Chr1p367537687",1,367537687,4.60131246189542e-22,0.369354838709677,NA,1.15502214094804e-18,"GLM","NYC","Cotyledon_RedvsYellow",21.3371182740446,17.9374096905776,"Significant",-0.377800277594566
"Lcu.1GRN.Chr4p422819133",4,422819133,4.6736253263199e-22,0.343167701863354,NA,1.78642423879346e-18,"GLM","NYC","DTF_Sask_2017_b",21.3303461069275,17.7480153972458,"Significant",-3.10827371235271
"Lcu.1GRN.Chr4p422865750",4,422865750,4.9886147670454e-22,0.315217391304348,NA,1.88539930713119e-18,"GLM","NYC","DTF_Sask_2017_b",21.3020200320412,17.7245966568542,"Significant",-3.11591235576749
"Lcu.1GRN.Chr1p368320180",1,368320180,5.07648465106454e-22,0.37258064516129,NA,6.56754581778703e-18,"MLM","NYC","Cotyledon_RedvsYellow",21.294436922583,17.1825968887219,"Significant",-0.383903381396449
"Lcu.1GRN.Chr1p368411848",1,368411848,5.07648465106454e-22,0.37258064516129,NA,6.56754581778703e-18,"MLM","NYC","Cotyledon_RedvsYellow",21.294436922583,17.1825968887219,"Significant",-0.383903381396449
"Lcu.1GRN.Chr1p368412956",1,368412956,5.07648465106454e-22,0.37258064516129,NA,6.56754581778703e-18,"MLM","NYC","Cotyledon_RedvsYellow",21.294436922583,17.1825968887219,"Significant",-0.383903381396449
"Lcu.1GRN.Chr4p422822151",4,422822151,5.13020938059399e-22,0.333850931677019,NA,1.91737015413584e-18,"GLM","NYC","DTF_Sask_2017_b",21.2898649095508,17.7172940371582,"Significant",-3.07178344952183
"Lcu.1GRN.Chr1p367669117",1,367669117,5.33742119004682e-22,0.370967741935484,NA,1.32987581735739e-18,"GLM","NYC","Cotyledon_RedvsYellow",21.272668524516,17.8761889111791,"Significant",-0.373689226763242
"Lcu.1GRN.Chr3p224629028",3,224629028,5.52600974833898e-22,0.479813664596273,NA,2.04260145166982e-18,"GLM","NYC","DTF_Sask_2017_b",21.2575883532874,17.6898163637766,"Significant",-3.01417637053587
"Lcu.1GRN.Chr4p419240003",4,419240003,5.66134784534036e-22,0.304347826086957,NA,2.04895775680055e-18,"GLM","NYC","DTF_Sask_2017_b",21.2470801603122,17.6884669953214,"Significant",-3.04605998646198
"Lcu.1GRN.Chr2p411832080",2,411832080,5.66503466102355e-22,0.279503105590062,NA,2.04895775680055e-18,"GLM","NYC","DTF_Sask_2017_b",21.2467974285993,17.6884669953214,"Significant",-3.0220753067702
"Lcu.1GRN.Chr4p488684178",4,488684178,5.74140826434545e-22,0.256211180124224,NA,2.05448965282243e-18,"GLM","NYC","DTF_Sask_2017_b",21.2409815698981,17.6872960416659,"Significant",-3.23974136576474
"Lcu.1GRN.Chr1p367684157",1,367684157,5.81798213205213e-22,0.370967741935484,NA,1.43895382044999e-18,"GLM","NYC","Cotyledon_RedvsYellow",21.2352276168743,17.8419531434126,"Significant",-0.37284893390084
"Lcu.1GRN.Chr4p440126888",4,440126888,5.90195222444886e-22,0.31832298136646,NA,2.06793954570957e-18,"GLM","NYC","DTF_Sask_2017_b",21.2290043103803,17.684462161588,"Significant",-2.93307538074529
"Lcu.1GRN.Chr4p440126910",4,440126910,5.90195222444886e-22,0.31832298136646,NA,2.06793954570957e-18,"GLM","NYC","DTF_Sask_2017_b",21.2290043103803,17.684462161588,"Significant",-2.93307538074529
"Lcu.1GRN.Chr1p367590516",1,367590516,6.23844692006057e-22,0.379032258064516,NA,7.77188027837042e-18,"MLM","NYC","Cotyledon_RedvsYellow",21.2049235157662,17.1094738980933,"Significant",-0.372586282265092
"Lcu.1GRN.Chr2p52323063",2,52323063,6.28686523971672e-22,0.198757763975155,NA,2.180096907307e-18,"GLM","NYC","DTF_Sask_2017_b",21.2015658487439,17.6615242011783,"Significant",-3.45625414602031
"Lcu.1GRN.Chr4p439805853",4,439805853,6.42982380033754e-22,0.293478260869565,NA,2.20691892066136e-18,"GLM","NYC","DTF_Sask_2017_b",21.1918009281006,17.6562136219612,"Significant",-3.05824274356105
"Lcu.1GRN.Chr4p488684501",4,488684501,6.79334606266077e-22,0.257763975155279,NA,2.30813882329194e-18,"GLM","NYC","DTF_Sask_2017_b",21.1679162612703,17.636738074036,"Significant",-3.21429610367287
"Lcu.1GRN.Chr2p52950765",2,52950765,7.02313086020073e-22,0.225155279503106,NA,2.31602888044425e-18,"GLM","NYC","DTF_Sask_2017_b",21.1534692394103,17.6352560293404,"Significant",-3.24927480117083
"Lcu.1GRN.Chr2p52951465",2,52951465,7.02313086020073e-22,0.225155279503106,NA,2.31602888044425e-18,"GLM","NYC","DTF_Sask_2017_b",21.1534692394103,17.6352560293404,"Significant",-3.24927480117083
"Lcu.1GRN.Chr2p52952850",2,52952850,7.02313086020073e-22,0.225155279503106,NA,2.31602888044425e-18,"GLM","NYC","DTF_Sask_2017_b",21.1534692394103,17.6352560293404,"Significant",-3.24927480117083
"Lcu.1GRN.Chr1p367666858",1,367666858,7.07102975337535e-22,0.353225806451613,NA,1.7260610316035e-18,"GLM","NYC","Cotyledon_RedvsYellow",21.1505173353342,17.7629438521782,"Significant",-0.386479183263178
"Lcu.1GRN.Chr1p366878393",1,366878393,7.08144444494503e-22,0.482258064516129,NA,1.7260610316035e-18,"GLM","NYC","Cotyledon_RedvsYellow",21.1498781476088,17.7629438521782,"Significant",-0.351672562225692
"Lcu.1GRN.Chr3p225094849",3,225094849,7.26004611311314e-22,0.495341614906832,NA,2.37091255430051e-18,"GLM","NYC","DTF_Sask_2017_b",21.1390606208141,17.6250844636874,"Significant",-2.91110142287133
"Lcu.1GRN.Chr4p440095388",4,440095388,7.57850048787512e-22,0.316770186335404,NA,2.45111295538951e-18,"GLM","NYC","DTF_Sask_2017_b",21.1204167170941,17.6106366745611,"Significant",-2.92279744881463
"Lcu.1GRN.Chr3p241042171",3,241042171,7.73081382584285e-22,0.461180124223602,NA,2.47202727636579e-18,"GLM","NYC","DTF_Sask_2017_b",21.1117747853225,17.6069467415485,"Significant",2.8708443113689
"Lcu.1GRN.Chr1p368780831",1,368780831,7.78589947071693e-22,0.367741935483871,NA,1.88411485414866e-18,"GLM","NYC","Cotyledon_RedvsYellow",21.1086912080665,17.7248926264887,"Significant",-0.366042288342651
"Lcu.1GRN.Chr4p440092296",4,440092296,7.79014859646678e-22,0.316770186335404,NA,2.47202727636579e-18,"GLM","NYC","DTF_Sask_2017_b",21.1084542581156,17.6069467415485,"Significant",-2.93140831858913
"Lcu.1GRN.Chr4p422819131",4,422819131,7.92752070172876e-22,0.343167701863354,NA,2.49210874381159e-18,"GLM","NYC","DTF_Sask_2017_b",21.1008626151937,17.603433011047,"Significant",-3.08774162034041
"Lcu.1GRN.Chr2p52953865",2,52953865,8.16402448046128e-22,0.229813664596273,NA,2.50911903710667e-18,"GLM","NYC","DTF_Sask_2017_b",21.0880957016883,17.6004787344876,"Significant",-3.2313973930433
"Lcu.1GRN.Chr3p344656570",3,344656570,8.18603741669988e-22,0.46583850931677,NA,2.50911903710667e-18,"GLM","NYC","DTF_Sask_2017_b",21.0869262746151,17.6004787344876,"Significant",-2.74398986238141
"Lcu.1GRN.Chr1p367578126",1,367578126,8.19970865365809e-22,0.364516129032258,NA,1.97007957193215e-18,"GLM","NYC","Cotyledon_RedvsYellow",21.0862015783915,17.7055162322378,"Significant",-0.379798937411526
"Lcu.1GRN.Chr4p440092263",4,440092263,8.20541533746572e-22,0.324534161490683,NA,2.50911903710667e-18,"GLM","NYC","DTF_Sask_2017_b",21.0858994311613,17.6004787344876,"Significant",-2.92433872801918
"Lcu.1GRN.Chr1p365205475",1,365205475,8.57367368842298e-22,0.451612903225806,NA,1.0299646062692e-17,"MLM","NYC","Cotyledon_RedvsYellow",21.0668330496351,16.9871776991454,"Significant",-0.340292999532559
"Lcu.1GRN.Chr2p44193346",2,44193346,8.5928561456977e-22,0.0725308641975309,NA,4.35164698471102e-17,"GLM","NYC","DTF_Nepal_2017",21.0658624587362,16.3613463428159,"Significant",13.4641471124943
"Lcu.1GRN.Chr5p440718483",5,440718483,8.79285475670827e-22,0.287267080745342,NA,2.66452808644116e-18,"GLM","NYC","DTF_Sask_2017_b",21.055870100603,17.5743796975578,"Significant",-3.03156370679106
"Lcu.1GRN.Chr2p44071765",2,44071765,8.98990383465743e-22,0.0709876543209876,NA,4.35164698471102e-17,"GLM","NYC","DTF_Nepal_2017",21.0462449539065,16.3613463428159,"Significant",13.7584864476457
"Lcu.1GRN.Chr4p440127004",4,440127004,9.38375489307938e-22,0.319875776397516,NA,2.81820132332181e-18,"GLM","NYC","DTF_Sask_2017_b",21.0276233446663,17.5500279855046,"Significant",-2.9276794337016
"Lcu.1GRN.Chr3p345035397",3,345035397,9.47447409950506e-22,0.440993788819876,NA,2.82026586675064e-18,"GLM","NYC","DTF_Sask_2017_b",21.0234448871142,17.5497099487657,"Significant",-2.6949610401858
"Lcu.1GRN.Chr1p360324633",1,360324633,9.53004798585062e-22,0.225806451612903,NA,2.27347067436639e-18,"GLM","NYC","Cotyledon_RedvsYellow",21.0209049125896,17.6433106434131,"Significant",-0.329318143626637
"Lcu.1GRN.Chr2p52954618",2,52954618,9.62310352575612e-22,0.231366459627329,NA,2.83938110846317e-18,"GLM","NYC","DTF_Sask_2017_b",21.0166848420223,17.5467763115269,"Significant",-3.23809724953801
"Lcu.1GRN.Chr2p52995435",2,52995435,9.84723237476118e-22,0.226708074534162,NA,2.86850451219e-18,"GLM","NYC","DTF_Sask_2017_b",21.0066858134885,17.5423444626309,"Significant",-3.22527706052537
"Lcu.1GRN.Chr4p422865651",4,422865651,9.89236528595374e-22,0.298136645962733,NA,2.86850451219e-18,"GLM","NYC","DTF_Sask_2017_b",21.0046998552358,17.5423444626309,"Significant",-3.03749461490725
"Lcu.1GRN.Chr2p54513196",2,54513196,1.01209672178757e-21,0.22360248447205,NA,2.88889823717783e-18,"GLM","NYC","DTF_Sask_2017_b",20.9947779818328,17.5392677561172,"Significant",-3.25215726138337
"Lcu.1GRN.Chr5p460193195",5,460193195,1.01344659846829e-21,0.436335403726708,NA,2.88889823717783e-18,"GLM","NYC","DTF_Sask_2017_b",20.994199130643,17.5392677561172,"Significant",2.68406689132961
"Lcu.1GRN.Chr4p439784841",4,439784841,1.0481226162556e-21,0.302795031055901,NA,2.95058138816403e-18,"GLM","NYC","DTF_Sask_2017_b",20.9795879077643,17.5300924013798,"Significant",-3.12245499199206
"Lcu.1GRN.Chr2p54510331",2,54510331,1.05262932029505e-21,0.220496894409938,NA,2.95058138816403e-18,"GLM","NYC","DTF_Sask_2017_b",20.9777245371641,17.5300924013798,"Significant",-3.26895603625432
"Lcu.1GRN.Chr4p440024383",4,440024383,1.09128295381573e-21,0.313664596273292,NA,3.0336493663317e-18,"GLM","NYC","DTF_Sask_2017_b",20.9620626285608,17.5180346170454,"Significant",-2.92196071270328
"Lcu.1GRN.Chr1p369005259",1,369005259,1.12898993057907e-21,0.32258064516129,NA,2.67433067590908e-18,"GLM","NYC","Cotyledon_RedvsYellow",20.9473099315148,17.5727848940659,"Significant",-0.388112586746498
"Lcu.1GRN.Chr5p404772161",5,404772161,1.13712124874483e-21,0.319875776397516,NA,3.06881794237736e-18,"GLM","NYC","DTF_Sask_2017_b",20.9441932249751,17.5130288753239,"Significant",-2.97370372084893
"Lcu.1GRN.Chr3p316080834",3,316080834,1.14305572586739e-21,0.364906832298137,NA,3.06881794237736e-18,"GLM","NYC","DTF_Sask_2017_b",20.9419325965104,17.5130288753239,"Significant",-3.22751469861356
"Lcu.1GRN.Chr4p440024396",4,440024396,1.14548695750739e-21,0.316770186335404,NA,3.06881794237736e-18,"GLM","NYC","DTF_Sask_2017_b",20.9410098513151,17.5130288753239,"Significant",-2.92317455236413
"Lcu.1GRN.Chr2p52951752",2,52951752,1.14653644618489e-21,0.22360248447205,NA,3.06881794237736e-18,"GLM","NYC","DTF_Sask_2017_b",20.9406121353297,17.5130288753239,"Significant",-3.23084502892664
"Lcu.1GRN.Chr4p440268934",4,440268934,1.14955111749829e-21,0.312111801242236,NA,3.06881794237736e-18,"GLM","NYC","DTF_Sask_2017_b",20.9394717120382,17.5130288753239,"Significant",-2.93113959327077
"Lcu.1GRN.Chr2p44078808",2,44078808,1.16434795513232e-21,0.0740740740740741,NA,4.35164698471102e-17,"GLM","NYC","DTF_Nepal_2017",20.9339172152085,16.3613463428159,"Significant",13.3490064383342
"Lcu.1GRN.Chr2p44142916",2,44142916,1.16434795513232e-21,0.0740740740740741,NA,4.35164698471102e-17,"GLM","NYC","DTF_Nepal_2017",20.9339172152085,16.3613463428159,"Significant",13.3490064383342
"Lcu.1GRN.Chr2p44193620",2,44193620,1.16434795513232e-21,0.0740740740740741,NA,4.35164698471102e-17,"GLM","NYC","DTF_Nepal_2017",20.9339172152085,16.3613463428159,"Significant",13.3490064383342
"Lcu.1GRN.Chr1p367608468",1,367608468,1.1846389885232e-21,0.391935483870968,NA,2.78652771085722e-18,"GLM","NYC","Cotyledon_RedvsYellow",20.9264139780754,17.5549366337086,"Significant",-0.365235150535907
"Lcu.1GRN.Chr4p440125557",4,440125557,1.18715178584843e-21,0.313664596273292,NA,3.1442416122085e-18,"GLM","NYC","DTF_Sask_2017_b",20.9254937498389,17.502484088963,"Significant",-2.90056835825624
"Lcu.1GRN.Chr1p369008065",1,369008065,1.19002096987273e-21,0.374193548387097,NA,1.38028890887304e-17,"MLM","NYC","Cotyledon_RedvsYellow",20.9244453856497,16.8600300017168,"Significant",-0.382146699121615
"Lcu.1GRN.Chr1p364633986",1,364633986,1.19675499905882e-21,0.482258064516129,NA,2.79547839422513e-18,"GLM","NYC","Cotyledon_RedvsYellow",20.9219947497168,17.5535438599802,"Significant",0.349131719307679
"Lcu.1GRN.Chr1p368048642",1,368048642,1.21934527304478e-21,0.445161290322581,NA,2.8286035272983e-18,"GLM","NYC","Cotyledon_RedvsYellow",20.9138733009887,17.5484279213918,"Significant",-0.367547190687289
"Lcu.1GRN.Chr4p440213461",4,440213461,1.22213260414073e-21,0.313664596273292,NA,3.20271868544472e-18,"GLM","NYC","DTF_Sask_2017_b",20.9128816696072,17.4944812064266,"Significant",-2.93254198996974
"Lcu.1GRN.Chr1p365323936",1,365323936,1.24622597655992e-21,0.388709677419355,NA,2.86043670706795e-18,"GLM","NYC","Cotyledon_RedvsYellow",20.9044032004741,17.5435676574334,"Significant",-0.355862155638613
"Lcu.1GRN.Chr1p361407757",1,361407757,1.25007564933239e-21,0.15,NA,2.86043670706795e-18,"GLM","NYC","Cotyledon_RedvsYellow",20.9030637045171,17.5435676574334,"Significant",-0.383763555924914
"Lcu.1GRN.Chr3p345157918",3,345157918,1.26960455438105e-21,0.472049689440994,NA,3.20271868544472e-18,"GLM","NYC","DTF_Sask_2017_b",20.8963315283302,17.4944812064266,"Significant",2.82825350443059
"Lcu.1GRN.Chr2p54511426",2,54511426,1.2740444449088e-21,0.222049689440994,NA,3.20271868544472e-18,"GLM","NYC","DTF_Sask_2017_b",20.8948154214183,17.4944812064266,"Significant",-3.26167292919737
"Lcu.1GRN.Chr2p54513608",2,54513608,1.2740444449088e-21,0.222049689440994,NA,3.20271868544472e-18,"GLM","NYC","DTF_Sask_2017_b",20.8948154214183,17.4944812064266,"Significant",-3.26167292919737
"Lcu.1GRN.Chr2p54575507",2,54575507,1.2740444449088e-21,0.222049689440994,NA,3.20271868544472e-18,"GLM","NYC","DTF_Sask_2017_b",20.8948154214183,17.4944812064266,"Significant",-3.26167292919737
"Lcu.1GRN.Chr2p54584467",2,54584467,1.2740444449088e-21,0.222049689440994,NA,3.20271868544472e-18,"GLM","NYC","DTF_Sask_2017_b",20.8948154214183,17.4944812064266,"Significant",-3.26167292919737
"Lcu.1GRN.Chr2p411995309",2,411995309,1.27588111749843e-21,0.282608695652174,NA,3.20271868544472e-18,"GLM","NYC","DTF_Sask_2017_b",20.8941897898936,17.4944812064266,"Significant",-3.04072158611132
"Lcu.1GRN.Chr2p54584261",2,54584261,1.30403162391124e-21,0.228260869565217,NA,3.24438134604217e-18,"GLM","NYC","DTF_Sask_2017_b",20.8847118764541,17.4888681042919,"Significant",-3.26304986858676
"Lcu.1GRN.Chr4p440024855",4,440024855,1.31185649627179e-21,0.31832298136646,NA,3.24438134604217e-18,"GLM","NYC","DTF_Sask_2017_b",20.8821136697515,17.4888681042919,"Significant",-2.90226677307976
"Lcu.1GRN.Chr5p403712999",5,403712999,1.32141453949935e-21,0.315217391304348,NA,3.24438134604217e-18,"GLM","NYC","DTF_Sask_2017_b",20.8789609189674,17.4888681042919,"Significant",-2.98469571901994
"Lcu.1GRN.Chr4p488683323",4,488683323,1.35010472378087e-21,0.259316770186335,NA,3.29080199727536e-18,"GLM","NYC","DTF_Sask_2017_b",20.8696325432115,17.4826982477809,"Significant",-3.21723478187621
"Lcu.1GRN.Chr1p367612579",1,367612579,1.36125398762206e-21,0.359677419354839,NA,3.09379000036803e-18,"GLM","NYC","Cotyledon_RedvsYellow",20.8660608350233,17.5095091685864,"Significant",-0.369249688432296
"Lcu.1GRN.Chr1p367581845",1,367581845,1.37343562529616e-21,0.380645161290323,NA,3.1005263152617e-18,"GLM","NYC","Cotyledon_RedvsYellow",20.8621916917104,17.5085645782908,"Significant",-0.381600319299019
"Lcu.1GRN.Chr2p553089558",2,553089558,1.37484072463764e-21,0.245341614906832,NA,3.32698597139704e-18,"GLM","NYC","DTF_Sask_2017_b",20.8617476119556,17.4779490303779,"Significant",-3.20567378681778
"Lcu.1GRN.Chr1p366873883",1,366873883,1.44412585173048e-21,0.409677419354839,NA,1.47198872839099e-17,"MLM","NYC","Cotyledon_RedvsYellow",20.8403949575071,16.8320955155531,"Significant",-0.31581113421557
"Lcu.1GRN.Chr1p366875708",1,366875708,1.44412585173048e-21,0.409677419354839,NA,1.47198872839099e-17,"MLM","NYC","Cotyledon_RedvsYellow",20.8403949575071,16.8320955155531,"Significant",-0.31581113421557
"Lcu.1GRN.Chr1p366876079",1,366876079,1.44412585173048e-21,0.409677419354839,NA,1.47198872839099e-17,"MLM","NYC","Cotyledon_RedvsYellow",20.8403949575071,16.8320955155531,"Significant",-0.31581113421557
"Lcu.1GRN.Chr1p366876200",1,366876200,1.44412585173048e-21,0.409677419354839,NA,1.47198872839099e-17,"MLM","NYC","Cotyledon_RedvsYellow",20.8403949575071,16.8320955155531,"Significant",-0.31581113421557
"Lcu.1GRN.Chr4p392270347",4,392270347,1.45524678292265e-21,0.282608695652174,NA,3.4964071045096e-18,"GLM","NYC","DTF_Sask_2017_b",20.8370633521259,17.4563780059722,"Significant",-3.02307778311268
"Lcu.1GRN.Chr3p225093536",3,225093536,1.47820249889068e-21,0.493788819875776,NA,3.52637262371887e-18,"GLM","NYC","DTF_Sask_2017_b",20.8302660678852,17.4526717987087,"Significant",-2.90175375237207
"Lcu.1GRN.Chr2p54578793",2,54578793,1.52161989068342e-21,0.22360248447205,NA,3.604385336405e-18,"GLM","NYC","DTF_Sask_2017_b",20.8176938232526,17.4431687858038,"Significant",-3.25092196579156
"Lcu.1GRN.Chr1p368965128",1,368965128,1.53202128822057e-21,0.367741935483871,NA,3.43547603103259e-18,"GLM","NYC","Cotyledon_RedvsYellow",20.8147351999172,17.464013077141,"Significant",-0.379586323930736
"Lcu.1GRN.Chr1p364579838",1,364579838,1.59662627308097e-21,0.487096774193548,NA,3.55573865361329e-18,"GLM","NYC","Cotyledon_RedvsYellow",20.7967967285284,17.4490701671238,"Significant",0.355105306527759
"Lcu.1GRN.Chr1p367666848",1,367666848,1.60679339932044e-21,0.364516129032258,NA,3.55573865361329e-18,"GLM","NYC","Cotyledon_RedvsYellow",20.7940399610109,17.4490701671238,"Significant",-0.381707956783704
"Lcu.1GRN.Chr6p1767463",6,1767463,1.62476271355416e-21,0.388198757763975,NA,3.7912786343261e-18,"GLM","NYC","DTF_Sask_2017_b",20.7892100560505,17.4212142965803,"Significant",-2.83640583925397
"Lcu.1GRN.Chr2p411816027",2,411816027,1.62969510206499e-21,0.285714285714286,NA,3.7912786343261e-18,"GLM","NYC","DTF_Sask_2017_b",20.7878936396922,17.4212142965803,"Significant",-2.97067108886195
"Lcu.1GRN.Chr3p241028522",3,241028522,1.63433214904341e-21,0.476708074534162,NA,3.7912786343261e-18,"GLM","NYC","DTF_Sask_2017_b",20.7866596761772,17.4212142965803,"Significant",2.73012136575964
"Lcu.1GRN.Chr2p411910322",2,411910322,1.64664160108887e-21,0.291925465838509,NA,3.79367051666754e-18,"GLM","NYC","DTF_Sask_2017_b",20.7834009166816,17.4209403906342,"Significant",-2.96639631060175
"Lcu.1GRN.Chr1p367578006",1,367578006,1.65867079542114e-21,0.37741935483871,NA,1.64094741012771e-17,"MLM","NYC","Cotyledon_RedvsYellow",20.7802398019921,16.7849053372024,"Significant",-0.367550297160074
"Lcu.1GRN.Chr4p440092189",4,440092189,1.68026308974905e-21,0.338509316770186,NA,3.80155426761366e-18,"GLM","NYC","DTF_Sask_2017_b",20.7746227126309,17.4200388055305,"Significant",-2.81808992308879
"Lcu.1GRN.Chr2p579805908",2,579805908,1.68646744943205e-21,0.271739130434783,NA,3.80155426761366e-18,"GLM","NYC","DTF_Sask_2017_b",20.7730220367271,17.4200388055305,"Significant",-3.03373885109876
"Lcu.1GRN.Chr1p367960388",1,367960388,1.68843058880716e-21,0.361290322580645,NA,3.71197602526338e-18,"GLM","NYC","Cotyledon_RedvsYellow",20.7725167884592,17.4303948374449,"Significant",-0.373430374814866
"Lcu.1GRN.Chr2p556312868",2,556312868,1.6942512190391e-21,0.259316770186335,NA,3.80155426761366e-18,"GLM","NYC","DTF_Sask_2017_b",20.7710221932064,17.4200388055305,"Significant",-3.15251304933371
"Lcu.1GRN.Chr5p404118116",5,404118116,1.69527076122821e-21,0.319875776397516,NA,3.80155426761366e-18,"GLM","NYC","DTF_Sask_2017_b",20.7707609283067,17.4200388055305,"Significant",-2.9811771429794
"Lcu.1GRN.Chr1p367671252",1,367671252,1.7089903523004e-21,0.37741935483871,NA,1.64242273666351e-17,"MLM","NYC","Cotyledon_RedvsYellow",20.7672603889788,16.7845150514972,"Significant",-0.371238782759657
"Lcu.1GRN.Chr1p367886700",1,367886700,1.74995271708245e-21,0.382258064516129,NA,3.82224899731735e-18,"GLM","NYC","Cotyledon_RedvsYellow",20.7569736855923,17.4176810245969,"Significant",-0.375723067954903
"Lcu.1GRN.Chr5p404861929",5,404861929,1.75830150118e-21,0.312111801242236,NA,3.86465898973489e-18,"GLM","NYC","DTF_Sask_2017_b",20.7549066531122,17.4128888213861,"Significant",-2.97456810654901
"Lcu.1GRN.Chr2p411814159",2,411814159,1.76408337989806e-21,0.28416149068323,NA,3.86465898973489e-18,"GLM","NYC","DTF_Sask_2017_b",20.753480891668,17.4128888213861,"Significant",-2.96788736176524
"Lcu.1GRN.Chr2p411834956",2,411834956,1.76408337989806e-21,0.28416149068323,NA,3.86465898973489e-18,"GLM","NYC","DTF_Sask_2017_b",20.753480891668,17.4128888213861,"Significant",-2.96788736176524
"Lcu.1GRN.Chr2p411833202",2,411833202,1.76936942214656e-21,0.28416149068323,NA,3.86465898973489e-18,"GLM","NYC","DTF_Sask_2017_b",20.7521814823815,17.4128888213861,"Significant",-2.96287271359608
"Lcu.1GRN.Chr1p359993721",1,359993721,1.77105858550184e-21,0.224193548387097,NA,3.84339137567417e-18,"GLM","NYC","Cotyledon_RedvsYellow",20.7517670723845,17.415285388723,"Significant",-0.328221117904184
"Lcu.1GRN.Chr2p104446207",2,104446207,1.81773122389186e-21,0.419254658385093,NA,3.93932189764796e-18,"GLM","NYC","DTF_Sask_2017_b",20.7404703326708,17.4045785298128,"Significant",-2.82218044428083
"Lcu.1GRN.Chr1p367969103",1,367969103,1.82182531914117e-21,0.369354838709677,NA,3.9282174174587e-18,"GLM","NYC","Cotyledon_RedvsYellow",20.7394932665342,17.4058044830568,"Significant",-0.374701570464316
"Lcu.1GRN.Chr3p238702626",3,238702626,1.82697534548003e-21,0.492236024844721,NA,3.93932189764796e-18,"GLM","NYC","DTF_Sask_2017_b",20.7382673132902,17.4045785298128,"Significant",-2.74866544010336
"Lcu.1GRN.Chr1p367484107",1,367484107,1.89016012190303e-21,0.356451612903226,NA,4.04960184537679e-18,"GLM","NYC","Cotyledon_RedvsYellow",20.7235014037033,17.3925876742807,"Significant",-0.375156155410867
"Lcu.1GRN.Chr4p439979734",4,439979734,1.91292786112792e-21,0.338509316770186,NA,4.07526968509734e-18,"GLM","NYC","DTF_Sask_2017_b",20.7183014074452,17.389843646096,"Significant",-2.97243422367644
"Lcu.1GRN.Chr4p439809248",4,439809248,1.91425618519468e-21,0.293478260869565,NA,4.07526968509734e-18,"GLM","NYC","DTF_Sask_2017_b",20.7179999409734,17.389843646096,"Significant",-3.07809870099915
"Lcu.1GRN.Chr2p54390220",2,54390220,1.99629769956398e-21,0.245341614906832,NA,4.22243339232839e-18,"GLM","NYC","DTF_Sask_2017_b",20.6997746936913,17.3744371925734,"Significant",-3.25321990232514
"Lcu.1GRN.Chr4p440503495",4,440503495,2.00848877200362e-21,0.31055900621118,NA,4.22243339232839e-18,"GLM","NYC","DTF_Sask_2017_b",20.6971305917493,17.3744371925734,"Significant",-2.90736858897961
"Lcu.1GRN.Chr3p241042168",3,241042168,2.08212990876094e-21,0.456521739130435,NA,4.31968341098687e-18,"GLM","NYC","DTF_Sask_2017_b",20.6814921773721,17.3645480814026,"Significant",2.8554719004832
"Lcu.1GRN.Chr1p360634752",1,360634752,2.09542425719023e-21,0.151612903225806,NA,4.46095931087536e-18,"GLM","NYC","Cotyledon_RedvsYellow",20.6787280328873,17.3505717380099,"Significant",-0.470556199861812
"Lcu.1GRN.Chr2p579805989",2,579805989,2.10069413949811e-21,0.270186335403727,NA,4.31968341098687e-18,"GLM","NYC","DTF_Sask_2017_b",20.6776371761509,17.3645480814026,"Significant",-3.03748556671087
"Lcu.1GRN.Chr2p580052410",2,580052410,2.10069413949811e-21,0.270186335403727,NA,4.31968341098687e-18,"GLM","NYC","DTF_Sask_2017_b",20.6776371761509,17.3645480814026,"Significant",-3.03748556671087
"Lcu.1GRN.Chr2p411835305",2,411835305,2.10611647219212e-21,0.285714285714286,NA,4.31968341098687e-18,"GLM","NYC","DTF_Sask_2017_b",20.6765176151868,17.3645480814026,"Significant",-2.96213061298099
"Lcu.1GRN.Chr1p367886131",1,367886131,2.10717045561117e-21,0.382258064516129,NA,1.96884056845156e-17,"MLM","NYC","Cotyledon_RedvsYellow",20.6763003315314,16.7057894504668,"Significant",-0.368962245248341
"Lcu.1GRN.Chr4p440406413",4,440406413,2.14056871006093e-21,0.312111801242236,NA,4.33744985118713e-18,"GLM","NYC","DTF_Sask_2017_b",20.6694708271983,17.3627655334065,"Significant",-2.90856696282462
"Lcu.1GRN.Chr4p440406429",4,440406429,2.14056871006093e-21,0.312111801242236,NA,4.33744985118713e-18,"GLM","NYC","DTF_Sask_2017_b",20.6694708271983,17.3627655334065,"Significant",-2.90856696282462
"Lcu.1GRN.Chr1p368326641",1,368326641,2.14688999634923e-21,0.453225806451613,NA,4.54177954340881e-18,"GLM","NYC","Cotyledon_RedvsYellow",20.6681902076375,17.3427739501261,"Significant",-0.318072300762816
"Lcu.1GRN.Chr1p367960316",1,367960316,2.19331580869312e-21,0.359677419354839,NA,4.61099411639174e-18,"GLM","NYC","Cotyledon_RedvsYellow",20.658898831114,17.3362054319381,"Significant",-0.372391685058016
"Lcu.1GRN.Chr3p238703280",3,238703280,2.20395808557286e-21,0.492236024844721,NA,4.43450341045671e-18,"GLM","NYC","DTF_Sask_2017_b",20.6567966690659,17.353155006762,"Significant",-2.74827421347955
"Lcu.1GRN.Chr5p401496919",5,401496919,2.22448051876038e-21,0.307453416149068,NA,4.43450341045671e-18,"GLM","NYC","DTF_Sask_2017_b",20.6527713933018,17.353155006762,"Significant",-2.97927805878111
"Lcu.1GRN.Chr2p580052670",2,580052670,2.23427456068065e-21,0.273291925465838,NA,4.43450341045671e-18,"GLM","NYC","DTF_Sask_2017_b",20.6508634593038,17.353155006762,"Significant",-3.06936482571602
"Lcu.1GRN.Chr4p422823158",4,422823158,2.24988831949734e-21,0.329192546583851,NA,4.43450341045671e-18,"GLM","NYC","DTF_Sask_2017_b",20.6478390389686,17.353155006762,"Significant",-3.01494926589507
"Lcu.1GRN.Chr2p411911432",2,411911432,2.26039874515776e-21,0.285714285714286,NA,4.43450341045671e-18,"GLM","NYC","DTF_Sask_2017_b",20.6458149424692,17.353155006762,"Significant",-2.95206173784999
"Lcu.1GRN.Chr3p238695843",3,238695843,2.26756663584285e-21,0.496894409937888,NA,4.43450341045671e-18,"GLM","NYC","DTF_Sask_2017_b",20.6444399416863,17.353155006762,"Significant",2.81322012328462
"Lcu.1GRN.Chr1p365384637",1,365384637,2.27815705193973e-21,0.379032258064516,NA,4.75960778316652e-18,"GLM","NYC","Cotyledon_RedvsYellow",20.6424163397654,17.3224288339654,"Significant",-0.345962136027585
"Lcu.1GRN.Chr4p181401741",4,181401741,2.29598422310714e-21,0.454968944099379,NA,4.44050456322378e-18,"GLM","NYC","DTF_Sask_2017_b",20.6390311005254,17.3525676793057,"Significant",2.71834712997154
"Lcu.1GRN.Chr2p316171160",2,316171160,2.29703803881159e-21,0.304347826086957,NA,4.44050456322378e-18,"GLM","NYC","DTF_Sask_2017_b",20.638831812855,17.3525676793057,"Significant",-2.90865922268603
"Lcu.1GRN.Chr1p369008519",1,369008519,2.33066984890614e-21,0.354838709677419,NA,4.83926188312971e-18,"GLM","NYC","Cotyledon_RedvsYellow",20.6325192421179,17.3152208748286,"Significant",-0.37412911686853
"Lcu.1GRN.Chr1p367431270",1,367431270,2.34653014506468e-21,0.364516129032258,NA,4.84230248653356e-18,"GLM","NYC","Cotyledon_RedvsYellow",20.629573862184,17.3149480847561,"Significant",-0.376572706831194
"Lcu.1GRN.Chr1p367684024",1,367684024,2.38123528928411e-21,0.382258064516129,NA,2.16478100148818e-17,"MLM","NYC","Cotyledon_RedvsYellow",20.623197689942,16.6645860321771,"Significant",-0.362982063752616
"Lcu.1GRN.Chr2p54513159",2,54513159,2.40017564646672e-21,0.226708074534162,NA,4.60594569263152e-18,"GLM","NYC","DTF_Sask_2017_b",20.6197569751634,17.3366811869818,"Significant",-3.23547863584109
"Lcu.1GRN.Chr1p367886022",1,367886022,2.41651310193869e-21,0.362903225806452,NA,4.95631257658421e-18,"GLM","NYC","Cotyledon_RedvsYellow",20.6168108458451,17.3048413120609,"Significant",-0.365618393425155
"Lcu.1GRN.Chr2p53015106",2,53015106,2.43067207994391e-21,0.232919254658385,NA,4.60594569263152e-18,"GLM","NYC","DTF_Sask_2017_b",20.6142736275314,17.3366811869818,"Significant",-3.18621232690381
"Lcu.1GRN.Chr2p53455084",2,53455084,2.43711513038486e-21,0.229813664596273,NA,4.60594569263152e-18,"GLM","NYC","DTF_Sask_2017_b",20.6131239540694,17.3366811869818,"Significant",-3.20583818595979
"Lcu.1GRN.Chr4p419672040",4,419672040,2.43739229261019e-21,0.333850931677019,NA,4.60594569263152e-18,"GLM","NYC","DTF_Sask_2017_b",20.6130745665047,17.3366811869818,"Significant",-2.88473778645668
"Lcu.1GRN.Chr1p367669140",1,367669140,2.44574728806318e-21,0.374193548387097,NA,4.98587077602392e-18,"GLM","NYC","Cotyledon_RedvsYellow",20.6115884193642,17.3022589817462,"Significant",-0.371637231762258
"Lcu.1GRN.Chr6p274444991",6,274444991,2.47434278748173e-21,0.237577639751553,NA,4.64964949942383e-18,"GLM","NYC","DTF_Sask_2017_b",20.60654013478,17.332579783928,"Significant",-3.14478838605781
"Lcu.1GRN.Chr2p54304969",2,54304969,2.54653121195114e-21,0.281055900621118,NA,4.75871702316872e-18,"GLM","NYC","DTF_Sask_2017_b",20.5940509964581,17.3225101197296,"Significant",-3.11682933341828
"Lcu.1GRN.Chr5p404775472",5,404775472,2.58017995269036e-21,0.347826086956522,NA,4.78241905536243e-18,"GLM","NYC","DTF_Sask_2017_b",20.5883500034418,17.3203523718719,"Significant",-3.02987483834188
"Lcu.1GRN.Chr2p568169092",2,568169092,2.58765059615231e-21,0.240683229813665,NA,4.78241905536243e-18,"GLM","NYC","DTF_Sask_2017_b",20.5870943657187,17.3203523718719,"Significant",-3.1866778053636
"Lcu.1GRN.Chr5p404060893",5,404060893,2.62879719333312e-21,0.307453416149068,NA,4.83191598650209e-18,"GLM","NYC","DTF_Sask_2017_b",20.5802429175885,17.315880625487,"Significant",-3.01411578729764
"Lcu.1GRN.Chr3p343756399",3,343756399,2.6707366227639e-21,0.444099378881988,NA,4.88232426950666e-18,"GLM","NYC","DTF_Sask_2017_b",20.573368938231,17.3113733794087,"Significant",-2.70833895426652
"Lcu.1GRN.Chr1p355049808",1,355049808,2.67604638182844e-21,0.488709677419355,NA,5.42249212841256e-18,"GLM","NYC","Cotyledon_RedvsYellow",20.5725063635509,17.265801069759,"Significant",0.289231292638831
"Lcu.1GRN.Chr1p368780968",1,368780968,2.69675152859436e-21,0.364516129032258,NA,5.43172587675868e-18,"GLM","NYC","Cotyledon_RedvsYellow",20.5691590664249,17.2650621557406,"Significant",-0.375179220049178
"Lcu.1GRN.Chr2p553454446",2,553454446,2.70158972052051e-21,0.251552795031056,NA,4.89168477449416e-18,"GLM","NYC","DTF_Sask_2017_b",20.5683806048488,17.3105415371445,"Significant",-3.19626903226936
"Lcu.1GRN.Chr3p238929437",3,238929437,2.71120030132493e-21,0.496894409937888,NA,4.89168477449416e-18,"GLM","NYC","DTF_Sask_2017_b",20.5668383959028,17.3105415371445,"Significant",-2.73873025014349
"Lcu.1GRN.Chr1p365383351",1,365383351,2.71724439200764e-21,0.370967741935484,NA,5.44042466908592e-18,"GLM","NYC","Cotyledon_RedvsYellow",20.5658712988927,17.2643671987867,"Significant",-0.357522339632954
"Lcu.1GRN.Chr4p418812122",4,418812122,2.73171487628449e-21,0.347826086956522,NA,4.89168477449416e-18,"GLM","NYC","DTF_Sask_2017_b",20.5635646322666,17.3105415371445,"Significant",-3.15385155073108
"Lcu.1GRN.Chr2p220888504",2,220888504,2.76486549649536e-21,0.309006211180124,NA,4.89168477449416e-18,"GLM","NYC","DTF_Sask_2017_b",20.5583259911407,17.3105415371445,"Significant",-2.86339136447749
"Lcu.1GRN.Chr5p441076095",5,441076095,2.77631519419528e-21,0.312111801242236,NA,4.89168477449416e-18,"GLM","NYC","DTF_Sask_2017_b",20.5565312301015,17.3105415371445,"Significant",-2.92324584341034
"Lcu.1GRN.Chr5p397494394",5,397494394,2.80770768131428e-21,0.313664596273292,NA,4.89168477449416e-18,"GLM","NYC","DTF_Sask_2017_b",20.5516481098615,17.3105415371445,"Significant",-2.96002943328826
"Lcu.1GRN.Chr4p440092281",4,440092281,2.85929991400814e-21,0.327639751552795,NA,4.89168477449416e-18,"GLM","NYC","DTF_Sask_2017_b",20.5437402887947,17.3105415371445,"Significant",-2.87550533204131
"Lcu.1GRN.Chr4p438502078",4,438502078,2.85996912838937e-21,0.309006211180124,NA,4.89168477449416e-18,"GLM","NYC","DTF_Sask_2017_b",20.5436386547879,17.3105415371445,"Significant",-2.88759493813528
"Lcu.1GRN.Chr2p411911122",2,411911122,2.87793544075279e-21,0.282608695652174,NA,4.89168477449416e-18,"GLM","NYC","DTF_Sask_2017_b",20.5409189525951,17.3105415371445,"Significant",-2.94923651458426
"Lcu.1GRN.Chr5p389568855",5,389568855,2.87806981978329e-21,0.313664596273292,NA,4.89168477449416e-18,"GLM","NYC","DTF_Sask_2017_b",20.540898674618,17.3105415371445,"Significant",-2.96019570874104
"Lcu.1GRN.Chr5p399390864",5,399390864,2.87806981978329e-21,0.313664596273292,NA,4.89168477449416e-18,"GLM","NYC","DTF_Sask_2017_b",20.540898674618,17.3105415371445,"Significant",-2.96019570874104
"Lcu.1GRN.Chr1p367537687",1,367537687,2.88776638966931e-21,0.369354838709677,NA,2.55618241366815e-17,"MLM","NYC","Cotyledon_RedvsYellow",20.5394379426056,16.5924081573905,"Significant",-0.356053799948695
"Lcu.1GRN.Chr6p278097942",6,278097942,2.95355757048905e-21,0.236024844720497,NA,4.89168477449416e-18,"GLM","NYC","DTF_Sask_2017_b",20.5296545594932,17.3105415371445,"Significant",-3.13305783941628
"Lcu.1GRN.Chr5p441071399",5,441071399,2.96162762691586e-21,0.304347826086957,NA,4.89168477449416e-18,"GLM","NYC","DTF_Sask_2017_b",20.5284695473482,17.3105415371445,"Significant",-2.95187661578051
"Lcu.1GRN.Chr5p1650395",5,1650395,2.96503428655006e-21,0.468944099378882,NA,4.89168477449416e-18,"GLM","NYC","DTF_Sask_2017_b",20.5279702802514,17.3105415371445,"Significant",2.67040352794888
"Lcu.1GRN.Chr5p404775324",5,404775324,2.97031789227388e-21,0.368012422360248,NA,4.89168477449416e-18,"GLM","NYC","DTF_Sask_2017_b",20.5271970687056,17.3105415371445,"Significant",-3.05031529225596
"Lcu.1GRN.Chr6p278579489",6,278579489,2.98587491663109e-21,0.236024844720497,NA,4.89168477449416e-18,"GLM","NYC","DTF_Sask_2017_b",20.524928389563,17.3105415371445,"Significant",-3.14845470093479
"Lcu.1GRN.Chr4p439779829",4,439779829,2.9931890665404e-21,0.287267080745342,NA,4.89168477449416e-18,"GLM","NYC","DTF_Sask_2017_b",20.5238658498281,17.3105415371445,"Significant",-3.07439368385667
"Lcu.1GRN.Chr6p1767473",6,1767473,3.00360160583863e-21,0.385093167701863,NA,4.89168477449416e-18,"GLM","NYC","DTF_Sask_2017_b",20.5223576721539,17.3105415371445,"Significant",-2.81672598165773
"Lcu.1GRN.Chr4p488866356",4,488866356,3.00521237104542e-21,0.268633540372671,NA,4.89168477449416e-18,"GLM","NYC","DTF_Sask_2017_b",20.5221248320425,17.3105415371445,"Significant",-3.09555675190884
"Lcu.1GRN.Chr1p371779951",1,371779951,3.01046373046849e-21,0.353225806451613,NA,5.99183818713902e-18,"GLM","NYC","Cotyledon_RedvsYellow",20.521366600728,17.2224399235098,"Significant",0.306127935171645
"Lcu.1GRN.Chr5p405109117",5,405109117,3.0368914876681e-21,0.313664596273292,NA,4.89168477449416e-18,"GLM","NYC","DTF_Sask_2017_b",20.5175707257468,17.3105415371445,"Significant",-2.97017976821442
"Lcu.1GRN.Chr4p436977449",4,436977449,3.04149486347805e-21,0.293478260869565,NA,4.89168477449416e-18,"GLM","NYC","DTF_Sask_2017_b",20.5169129126434,17.3105415371445,"Significant",-2.98934050205396
"Lcu.1GRN.Chr3p239677720",3,239677720,3.05447298518462e-21,0.459627329192547,NA,4.89168477449416e-18,"GLM","NYC","DTF_Sask_2017_b",20.5150637115656,17.3105415371445,"Significant",2.68924395584556
"Lcu.1GRN.Chr3p239686768",3,239686768,3.05447298518462e-21,0.459627329192547,NA,4.89168477449416e-18,"GLM","NYC","DTF_Sask_2017_b",20.5150637115656,17.3105415371445,"Significant",2.68924395584556
"Lcu.1GRN.Chr3p239915361",3,239915361,3.05447298518462e-21,0.459627329192547,NA,4.89168477449416e-18,"GLM","NYC","DTF_Sask_2017_b",20.5150637115656,17.3105415371445,"Significant",2.68924395584556
"Lcu.1GRN.Chr5p441076607",5,441076607,3.06039242819007e-21,0.313664596273292,NA,4.89168477449416e-18,"GLM","NYC","DTF_Sask_2017_b",20.5142228812079,17.3105415371445,"Significant",-2.94907673954854
"Lcu.1GRN.Chr2p411914252",2,411914252,3.07470757104516e-21,0.287267080745342,NA,4.89168477449416e-18,"GLM","NYC","DTF_Sask_2017_b",20.5121961827571,17.3105415371445,"Significant",-2.96250661949452
"Lcu.1GRN.Chr4p440404133",4,440404133,3.08305265437086e-21,0.313664596273292,NA,4.89168477449416e-18,"GLM","NYC","DTF_Sask_2017_b",20.5110190580476,17.3105415371445,"Significant",-2.88769860344394
"Lcu.1GRN.Chr4p440503714",4,440503714,3.08305265437086e-21,0.313664596273292,NA,4.89168477449416e-18,"GLM","NYC","DTF_Sask_2017_b",20.5110190580476,17.3105415371445,"Significant",-2.88769860344394
"Lcu.1GRN.Chr2p44193395",2,44193395,3.10167431142771e-21,0.0756172839506173,NA,9.48455348283641e-17,"GLM","NYC","DTF_Nepal_2017",20.5084038068369,16.0229831101633,"Significant",12.9494970769579
"Lcu.1GRN.Chr2p44193751",2,44193751,3.10167431142771e-21,0.0756172839506173,NA,9.48455348283641e-17,"GLM","NYC","DTF_Nepal_2017",20.5084038068369,16.0229831101633,"Significant",12.9494970769579
"Lcu.1GRN.Chr5p37198812",5,37198812,3.10510977875561e-21,0.380434782608696,NA,4.90355145986238e-18,"GLM","NYC","DTF_Sask_2017_b",20.5079230410703,17.3094892626772,"Significant",2.86029135820957
"Lcu.1GRN.Chr5p401488020",5,401488020,3.16506677732366e-21,0.312111801242236,NA,4.97487858265433e-18,"GLM","NYC","DTF_Sask_2017_b",20.4996171227028,17.3032175142201,"Significant",-2.9657219495359
"Lcu.1GRN.Chr4p180959218",4,180959218,3.180390585365e-21,0.451863354037267,NA,4.97529640075855e-18,"GLM","NYC","DTF_Sask_2017_b",20.4975195408168,17.3031810412742,"Significant",2.7030355171288
"Lcu.1GRN.Chr5p399772488",5,399772488,3.20147050166204e-21,0.309006211180124,NA,4.97529640075855e-18,"GLM","NYC","DTF_Sask_2017_b",20.4946504954092,17.3031810412742,"Significant",-2.95809107364539
"Lcu.1GRN.Chr5p388818301",5,388818301,3.23454333856402e-21,0.315217391304348,NA,4.97529640075855e-18,"GLM","NYC","DTF_Sask_2017_b",20.490187025518,17.3031810412742,"Significant",-2.96630372150941
"Lcu.1GRN.Chr6p277838962",6,277838962,3.27765915062953e-21,0.239130434782609,NA,4.97529640075855e-18,"GLM","NYC","DTF_Sask_2017_b",20.484436211442,17.3031810412742,"Significant",-3.12972627158689
"Lcu.1GRN.Chr4p417889024",4,417889024,3.28209374085903e-21,0.315217391304348,NA,4.97529640075855e-18,"GLM","NYC","DTF_Sask_2017_b",20.4838490190915,17.3031810412742,"Significant",-3.1263385908377
"Lcu.1GRN.Chr2p54578341",2,54578341,3.30809228067721e-21,0.225155279503106,NA,4.97529640075855e-18,"GLM","NYC","DTF_Sask_2017_b",20.4804223841165,17.3031810412742,"Significant",-3.21050711893811
"Lcu.1GRN.Chr1p367591371",1,367591371,3.32010434765059e-21,0.379032258064516,NA,2.86352189514407e-17,"MLM","NYC","Cotyledon_RedvsYellow",20.4788482666283,16.5430994918229,"Significant",-0.368733787558596
"Lcu.1GRN.Chr3p238633362",3,238633362,3.33097322604207e-21,0.493788819875776,NA,4.97529640075855e-18,"GLM","NYC","DTF_Sask_2017_b",20.4774288581011,17.3031810412742,"Significant",2.71039362824794
"Lcu.1GRN.Chr1p361330005",1,361330005,3.33809955220665e-21,0.193548387096774,NA,6.60486195339468e-18,"GLM","NYC","Cotyledon_RedvsYellow",20.476500715491,17.1801362550374,"Significant",-0.349157851769823
"Lcu.1GRN.Chr2p126729106",2,126729106,3.34679530105393e-21,0.399068322981366,NA,4.97529640075855e-18,"GLM","NYC","DTF_Sask_2017_b",20.4753708494413,17.3031810412742,"Significant",3.08754607268251
"Lcu.1GRN.Chr4p438273611",4,438273611,3.35102853837688e-21,0.31055900621118,NA,4.97529640075855e-18,"GLM","NYC","DTF_Sask_2017_b",20.4748218735653,17.3031810412742,"Significant",-2.88314050030115
"Lcu.1GRN.Chr5p404862369",5,404862369,3.36203433207441e-21,0.31832298136646,NA,4.97529640075855e-18,"GLM","NYC","DTF_Sask_2017_b",20.4733978559904,17.3031810412742,"Significant",-2.96145253476519
"Lcu.1GRN.Chr2p566266665",2,566266665,3.37764752520617e-21,0.240683229813665,NA,4.97529640075855e-18,"GLM","NYC","DTF_Sask_2017_b",20.4713856732508,17.3031810412742,"Significant",-3.16994642141647
"Lcu.1GRN.Chr3p238745856",3,238745856,3.38677168868875e-21,0.493788819875776,NA,4.97529640075855e-18,"GLM","NYC","DTF_Sask_2017_b",20.4702140793178,17.3031810412742,"Significant",-2.72805515841323
"Lcu.1GRN.Chr5p405116671",5,405116671,3.39699091843941e-21,0.313664596273292,NA,4.97529640075855e-18,"GLM","NYC","DTF_Sask_2017_b",20.4689056141771,17.3031810412742,"Significant",-2.96303251550175
"Lcu.1GRN.Chr4p440191073",4,440191073,3.43924942700554e-21,0.326086956521739,NA,4.97529640075855e-18,"GLM","NYC","DTF_Sask_2017_b",20.4635363264042,17.3031810412742,"Significant",-2.89904804679732
"Lcu.1GRN.Chr2p53454211",2,53454211,3.45667125993399e-21,0.231366459627329,NA,4.97529640075855e-18,"GLM","NYC","DTF_Sask_2017_b",20.4613419212344,17.3031810412742,"Significant",-3.19256449993348
"Lcu.1GRN.Chr6p278593570",6,278593570,3.49447246849973e-21,0.237577639751553,NA,4.97529640075855e-18,"GLM","NYC","DTF_Sask_2017_b",20.4566183768029,17.3031810412742,"Significant",-3.12746532711982
"Lcu.1GRN.Chr3p226308272",3,226308272,3.49496374685599e-21,0.468944099378882,NA,4.97529640075855e-18,"GLM","NYC","DTF_Sask_2017_b",20.4565573248173,17.3031810412742,"Significant",2.7335080412136
"Lcu.1GRN.Chr5p398808011",5,398808011,3.52217150269574e-21,0.31055900621118,NA,4.97529640075855e-18,"GLM","NYC","DTF_Sask_2017_b",20.4531895010488,17.3031810412742,"Significant",-2.9578617489031
"Lcu.1GRN.Chr5p401813822",5,401813822,3.52217150269574e-21,0.31055900621118,NA,4.97529640075855e-18,"GLM","NYC","DTF_Sask_2017_b",20.4531895010488,17.3031810412742,"Significant",-2.9578617489031
"Lcu.1GRN.Chr5p401889495",5,401889495,3.52217150269574e-21,0.31055900621118,NA,4.97529640075855e-18,"GLM","NYC","DTF_Sask_2017_b",20.4531895010488,17.3031810412742,"Significant",-2.9578617489031
"Lcu.1GRN.Chr5p403340209",5,403340209,3.52217150269574e-21,0.31055900621118,NA,4.97529640075855e-18,"GLM","NYC","DTF_Sask_2017_b",20.4531895010488,17.3031810412742,"Significant",-2.9578617489031
"Lcu.1GRN.Chr5p403709075",5,403709075,3.52217150269574e-21,0.31055900621118,NA,4.97529640075855e-18,"GLM","NYC","DTF_Sask_2017_b",20.4531895010488,17.3031810412742,"Significant",-2.9578617489031
"Lcu.1GRN.Chr5p403712902",5,403712902,3.52217150269574e-21,0.31055900621118,NA,4.97529640075855e-18,"GLM","NYC","DTF_Sask_2017_b",20.4531895010488,17.3031810412742,"Significant",-2.9578617489031
"Lcu.1GRN.Chr5p404117831",5,404117831,3.52217150269574e-21,0.31055900621118,NA,4.97529640075855e-18,"GLM","NYC","DTF_Sask_2017_b",20.4531895010488,17.3031810412742,"Significant",-2.9578617489031
"Lcu.1GRN.Chr5p391128705",5,391128705,3.55190884730472e-21,0.319875776397516,NA,4.97529640075855e-18,"GLM","NYC","DTF_Sask_2017_b",20.4495381880569,17.3031810412742,"Significant",-2.95873204315934
"Lcu.1GRN.Chr5p441071887",5,441071887,3.56774084841026e-21,0.305900621118012,NA,4.97529640075855e-18,"GLM","NYC","DTF_Sask_2017_b",20.447606699193,17.3031810412742,"Significant",-2.92918089691186
"Lcu.1GRN.Chr2p573746576",2,573746576,3.6095433493465e-21,0.270186335403727,NA,4.97529640075855e-18,"GLM","NYC","DTF_Sask_2017_b",20.4425477380953,17.3031810412742,"Significant",-3.12898470222227
"Lcu.1GRN.Chr5p403339763",5,403339763,3.62591773381938e-21,0.31055900621118,NA,4.97529640075855e-18,"GLM","NYC","DTF_Sask_2017_b",20.4405820535647,17.3031810412742,"Significant",-2.9488525258858
"Lcu.1GRN.Chr6p277101732",6,277101732,3.63865335953469e-21,0.234472049689441,NA,4.97529640075855e-18,"GLM","NYC","DTF_Sask_2017_b",20.4390593160026,17.3031810412742,"Significant",-3.14117205943413
"Lcu.1GRN.Chr6p278087368",6,278087368,3.63865335953469e-21,0.234472049689441,NA,4.97529640075855e-18,"GLM","NYC","DTF_Sask_2017_b",20.4390593160026,17.3031810412742,"Significant",-3.14117205943413
"Lcu.1GRN.Chr6p278854042",6,278854042,3.63865335953469e-21,0.234472049689441,NA,4.97529640075855e-18,"GLM","NYC","DTF_Sask_2017_b",20.4390593160026,17.3031810412742,"Significant",-3.14117205943413
"Lcu.1GRN.Chr6p278860209",6,278860209,3.63865335953469e-21,0.234472049689441,NA,4.97529640075855e-18,"GLM","NYC","DTF_Sask_2017_b",20.4390593160026,17.3031810412742,"Significant",-3.14117205943413
"Lcu.1GRN.Chr5p402893859",5,402893859,3.65807645220391e-21,0.322981366459627,NA,4.98160405667398e-18,"GLM","NYC","DTF_Sask_2017_b",20.4367472221993,17.3026307936271,"Significant",-2.95724423222235
"Lcu.1GRN.Chr2p549083477",2,549083477,3.69266888259241e-21,0.25,NA,5.00843529851194e-18,"GLM","NYC","DTF_Sask_2017_b",20.4326596332941,17.3002979322884,"Significant",-3.1878389287214
"Lcu.1GRN.Chr2p53354546",2,53354546,3.74143887473238e-21,0.228260869565217,NA,5.01979825279314e-18,"GLM","NYC","DTF_Sask_2017_b",20.4269613456122,17.2993137369305,"Significant",-3.1886069189778
"Lcu.1GRN.Chr2p54045530",2,54045530,3.74143887473238e-21,0.228260869565217,NA,5.01979825279314e-18,"GLM","NYC","DTF_Sask_2017_b",20.4269613456122,17.2993137369305,"Significant",-3.1886069189778
"Lcu.1GRN.Chr3p345158469",3,345158469,3.74581740019406e-21,0.487577639751553,NA,5.01979825279314e-18,"GLM","NYC","DTF_Sask_2017_b",20.4264533972814,17.2993137369305,"Significant",2.75064996573799
"Lcu.1GRN.Chr6p275730843",6,275730843,3.77865910021563e-21,0.237577639751553,NA,5.0437151808025e-18,"GLM","NYC","DTF_Sask_2017_b",20.422662287118,17.2972494460677,"Significant",-3.14445401779348
"Lcu.1GRN.Chr1p367422375",1,367422375,3.80613666403423e-21,0.382258064516129,NA,7.48689339924679e-18,"GLM","NYC","Cotyledon_RedvsYellow",20.4195156218897,17.12569835045,"Significant",-0.372564491887264
"Lcu.1GRN.Chr5p403340471",5,403340471,3.83995174185384e-21,0.319875776397516,NA,5.10526896265673e-18,"GLM","NYC","DTF_Sask_2017_b",20.4156742335435,17.2919813728874,"Significant",-2.97000429919693
"Lcu.1GRN.Chr1p366892376",1,366892376,3.845956911075e-21,0.380645161290323,NA,3.16756079112842e-17,"MLM","NYC","Cotyledon_RedvsYellow",20.4149955857728,16.4992750414806,"Significant",-0.289301774021486
"Lcu.1GRN.Chr1p366870836",1,366870836,3.86096116552055e-21,0.338709677419355,NA,3.16756079112842e-17,"MLM","NYC","Cotyledon_RedvsYellow",20.4133045665927,16.4992750414806,"Significant",-0.367817537782583
"Lcu.1GRN.Chr3p239744719",3,239744719,3.95509404130158e-21,0.456521739130435,NA,5.2376500684665e-18,"GLM","NYC","DTF_Sask_2017_b",20.4028431857105,17.2808635204985,"Significant",2.72951338545634
"Lcu.1GRN.Chr6p278118708",6,278118708,3.99165250462185e-21,0.231366459627329,NA,5.2404836200427e-18,"GLM","NYC","DTF_Sask_2017_b",20.3988472734703,17.2806286321338,"Significant",-3.17809674090276
"Lcu.1GRN.Chr6p278090416",6,278090416,4.01369685833658e-21,0.237577639751553,NA,5.2404836200427e-18,"GLM","NYC","DTF_Sask_2017_b",20.3964554314806,17.2806286321338,"Significant",-3.15150585911776
"Lcu.1GRN.Chr2p411914323",2,411914323,4.04042156367739e-21,0.290372670807453,NA,5.2404836200427e-18,"GLM","NYC","DTF_Sask_2017_b",20.3935733197341,17.2806286321338,"Significant",-2.93394443940724
"Lcu.1GRN.Chr3p238747004",3,238747004,4.06535615150731e-21,0.5,NA,5.2404836200427e-18,"GLM","NYC","DTF_Sask_2017_b",20.3909014013961,17.2806286321338,"Significant",-2.74001836269182
"Lcu.1GRN.Chr5p415384237",5,415384237,4.0662913568547e-21,0.304347826086957,NA,5.2404836200427e-18,"GLM","NYC","DTF_Sask_2017_b",20.3908015066274,17.2806286321338,"Significant",-2.95432457449766
"Lcu.1GRN.Chr5p416287819",5,416287819,4.0662913568547e-21,0.304347826086957,NA,5.2404836200427e-18,"GLM","NYC","DTF_Sask_2017_b",20.3908015066274,17.2806286321338,"Significant",-2.95432457449766
"Lcu.1GRN.Chr5p416744251",5,416744251,4.0662913568547e-21,0.304347826086957,NA,5.2404836200427e-18,"GLM","NYC","DTF_Sask_2017_b",20.3908015066274,17.2806286321338,"Significant",-2.95432457449766
"Lcu.1GRN.Chr6p278855445",6,278855445,4.1221988880444e-21,0.236024844720497,NA,5.29225829532379e-18,"GLM","NYC","DTF_Sask_2017_b",20.3848710581909,17.2763589676787,"Significant",-3.13813501382167
"Lcu.1GRN.Chr3p448586972",3,448586972,4.14447908013934e-21,0.245341614906832,NA,2.78813198949846e-16,"FarmCPU","NYC","DTF_Sask_2017_b",20.3825300481868,15.554686670691,"Significant",0.119444278503806
"Lcu.1GRN.Chr1p367612441",1,367612441,4.18261805959999e-21,0.37741935483871,NA,3.34974925917493e-17,"MLM","NYC","Cotyledon_RedvsYellow",20.3785517916903,16.4749877002564,"Significant",-0.366976449935845
"Lcu.1GRN.Chr2p549083744",2,549083744,4.21310063093025e-21,0.214285714285714,NA,5.37451320020668e-18,"GLM","NYC","DTF_Sask_2017_b",20.3753981675202,17.2696608661171,"Significant",-3.4538497407637
"Lcu.1GRN.Chr4p440091941",4,440091941,4.2182243943507e-21,0.322981366459627,NA,5.37451320020668e-18,"GLM","NYC","DTF_Sask_2017_b",20.3748703210792,17.2696608661171,"Significant",-2.87147503327925
"Lcu.1GRN.Chr2p580038482",2,580038482,4.27849279007224e-21,0.279503105590062,NA,5.41728545905043e-18,"GLM","NYC","DTF_Sask_2017_b",20.368709195528,17.2662182790475,"Significant",-2.99079031883328
"Lcu.1GRN.Chr5p418421181",5,418421181,4.28400506621463e-21,0.305900621118012,NA,5.41728545905043e-18,"GLM","NYC","DTF_Sask_2017_b",20.3681500242483,17.2662182790475,"Significant",-3.05221119465486
"Lcu.1GRN.Chr5p441841454",5,441841454,4.30640671729704e-21,0.332298136645963,NA,5.42521763399646e-18,"GLM","NYC","DTF_Sask_2017_b",20.3658849557628,17.2655828352955,"Significant",-3.01422968731063
"Lcu.1GRN.Chr5p391174892",5,391174892,4.39130211494878e-21,0.315217391304348,NA,5.51152656156335e-18,"GLM","NYC","DTF_Sask_2017_b",20.3574066830638,17.2587280952607,"Significant",-2.99505097250655
"Lcu.1GRN.Chr1p361407429",1,361407429,4.4219987369248e-21,0.209677419354839,NA,8.64775842525108e-18,"GLM","NYC","Cotyledon_RedvsYellow",20.3543813858068,17.0630964508824,"Significant",-0.346172883088683
"Lcu.1GRN.Chr2p411833330",2,411833330,4.46006906663232e-21,0.287267080745342,NA,5.57702621463165e-18,"GLM","NYC","DTF_Sask_2017_b",20.3506584159459,17.2535973141165,"Significant",-2.91994755945686
"Lcu.1GRN.Chr5p389136953",5,389136953,4.53933611142212e-21,0.313664596273292,NA,5.64017494480586e-18,"GLM","NYC","DTF_Sask_2017_b",20.3430076590876,17.2487074250263,"Significant",-2.966680210356
"Lcu.1GRN.Chr6p278086334",6,278086334,4.54410631852229e-21,0.236024844720497,NA,5.64017494480586e-18,"GLM","NYC","DTF_Sask_2017_b",20.3425515159838,17.2487074250263,"Significant",-3.13190092714102
"Lcu.1GRN.Chr4p417442189",4,417442189,4.60747655455747e-21,0.327639751552795,NA,5.68085265009257e-18,"GLM","NYC","DTF_Sask_2017_b",20.3365368660388,17.2455864753032,"Significant",-2.86178433646147
"Lcu.1GRN.Chr5p441074337",5,441074337,4.61065673349429e-21,0.307453416149068,NA,5.68085265009257e-18,"GLM","NYC","DTF_Sask_2017_b",20.3362372100943,17.2455864753032,"Significant",-2.94159056821604
"Lcu.1GRN.Chr4p439980818",4,439980818,4.6700658015358e-21,0.321428571428571,NA,5.7330511805299e-18,"GLM","NYC","DTF_Sask_2017_b",20.3306770001528,17.2416141811413,"Significant",-2.85322255663542
"Lcu.1GRN.Chr1p367886017",1,367886017,4.6720822496069e-21,0.359677419354839,NA,8.98892831429345e-18,"GLM","NYC","Cotyledon_RedvsYellow",20.3304895202972,17.046292083009,"Significant",-0.363516073300956
"Lcu.1GRN.Chr1p355044557",1,355044557,4.67420167194167e-21,0.4,NA,8.98892831429345e-18,"GLM","NYC","Cotyledon_RedvsYellow",20.330292553578,17.046292083009,"Significant",0.317781332826072
"Lcu.1GRN.Chr1p368572365",1,368572365,4.67662539726356e-21,0.370967741935484,NA,8.98892831429345e-18,"GLM","NYC","Cotyledon_RedvsYellow",20.3300674161545,17.046292083009,"Significant",-0.373523811331546
"Lcu.1GRN.Chr4p488684811",4,488684811,4.70329248923663e-21,0.274844720496894,NA,5.74120314867716e-18,"GLM","NYC","DTF_Sask_2017_b",20.3275980124273,17.2409970856374,"Significant",-3.18218328992592
"Lcu.1GRN.Chr2p54307554",2,54307554,4.71084282654035e-21,0.229813664596273,NA,5.74120314867716e-18,"GLM","NYC","DTF_Sask_2017_b",20.3269013854041,17.2409970856374,"Significant",-3.17865804337978
"Lcu.1GRN.Chr3p238756910",3,238756910,4.76432735276094e-21,0.5,NA,5.78542418291025e-18,"GLM","NYC","DTF_Sask_2017_b",20.3219984061705,17.237664793403,"Significant",-2.74870619756928
"Lcu.1GRN.Chr4p439971065",4,439971065,4.80420834667431e-21,0.326086956521739,NA,5.81286744225107e-18,"GLM","NYC","DTF_Sask_2017_b",20.3183781665795,17.2356095806657,"Significant",-2.85913350484257
"Lcu.1GRN.Chr2p401971983",2,401971983,4.83960978619835e-21,0.281055900621118,NA,5.83471335109025e-18,"GLM","NYC","DTF_Sask_2017_b",20.3151896537549,17.2339804751966,"Significant",-2.92740219472358
"Lcu.1GRN.Chr5p404330565",5,404330565,4.86765708811203e-21,0.313664596273292,NA,5.84756861341778e-18,"GLM","NYC","DTF_Sask_2017_b",20.3126800241121,17.2330246736225,"Significant",-2.96778778479619
"Lcu.1GRN.Chr3p241036245",3,241036245,4.97185643648539e-21,0.454968944099379,NA,5.94030156083683e-18,"GLM","NYC","DTF_Sask_2017_b",20.3034814202038,17.2261915073954,"Significant",2.77362962211755
"Lcu.1GRN.Chr2p556019181",2,556019181,4.98017058794705e-21,0.245341614906832,NA,5.94030156083683e-18,"GLM","NYC","DTF_Sask_2017_b",20.3027557809079,17.2261915073954,"Significant",-3.12620648684261
"Lcu.1GRN.Chr2p402145896",2,402145896,5.01025449667293e-21,0.282608695652174,NA,5.95506810700489e-18,"GLM","NYC","DTF_Sask_2017_b",20.3001402135153,17.2251132672077,"Significant",-2.93561247953939
"Lcu.1GRN.Chr1p437562478",1,437562478,5.03003833817844e-21,0.270186335403727,NA,5.95753135809178e-18,"GLM","NYC","DTF_Sask_2017_b",20.2984287048057,17.2249336630209,"Significant",3.09934753957221
"Lcu.1GRN.Chr1p354861007",1,354861007,5.13153718867373e-21,0.383870967741936,NA,9.80727141785577e-18,"GLM","NYC","Cotyledon_RedvsYellow",20.2897525193799,17.0084518053622,"Significant",0.316795276915057
"Lcu.1GRN.Chr1p366900567",1,366900567,5.28944295175899e-21,0.409677419354839,NA,4.13766059849841e-17,"MLM","NYC","Cotyledon_RedvsYellow",20.2765900625046,16.3832451362523,"Significant",-0.307262851628496
"Lcu.1GRN.Chr3p236775828",3,236775828,5.49603355540616e-21,0.46583850931677,NA,6.48661164537299e-18,"GLM","NYC","DTF_Sask_2017_b",20.259950624405,17.1879821025816,"Significant",-2.71553502746773
"Lcu.1GRN.Chr5p402893185",5,402893185,5.52032421622174e-21,0.316770186335404,NA,6.4924996350974e-18,"GLM","NYC","DTF_Sask_2017_b",20.2580354148105,17.1875880661076,"Significant",-2.95671553581288
"Lcu.1GRN.Chr5p402894975",5,402894975,5.54400707779142e-21,0.312111801242236,NA,6.49763424646504e-18,"GLM","NYC","DTF_Sask_2017_b",20.2561762239511,17.1872447388532,"Significant",-2.9416989758638
"Lcu.1GRN.Chr4p181401724",4,181401724,5.57913869616237e-21,0.454968944099379,NA,6.5095661648971e-18,"GLM","NYC","DTF_Sask_2017_b",20.25343284199,17.1864479543611,"Significant",2.69658635604807
"Lcu.1GRN.Chr6p278148165",6,278148165,5.59895120044685e-21,0.239130434782609,NA,6.5095661648971e-18,"GLM","NYC","DTF_Sask_2017_b",20.251893317729,17.1864479543611,"Significant",-3.13433794004406
"Lcu.1GRN.Chr2p411832832",2,411832832,5.61224551701017e-21,0.281055900621118,NA,6.5095661648971e-18,"GLM","NYC","DTF_Sask_2017_b",20.250863338294,17.1864479543611,"Significant",-2.93280946983658
"Lcu.1GRN.Chr2p411814071",2,411814071,5.70709572718422e-21,0.288819875776398,NA,6.56021648617264e-18,"GLM","NYC","DTF_Sask_2017_b",20.2435848428113,17.1830818287343,"Significant",-2.90417711041232
"Lcu.1GRN.Chr2p572729078",2,572729078,5.71728358750727e-21,0.288819875776398,NA,6.56021648617264e-18,"GLM","NYC","DTF_Sask_2017_b",20.2428102654672,17.1830818287343,"Significant",3.19600336075267
"Lcu.1GRN.Chr3p351560002",3,351560002,5.77081558991848e-21,0.349378881987578,NA,6.56021648617264e-18,"GLM","NYC","DTF_Sask_2017_b",20.2387628036259,17.1830818287343,"Significant",-2.84053869799334
"Lcu.1GRN.Chr3p351644399",3,351644399,5.77081558991848e-21,0.349378881987578,NA,6.56021648617264e-18,"GLM","NYC","DTF_Sask_2017_b",20.2387628036259,17.1830818287343,"Significant",-2.84053869799334
"Lcu.1GRN.Chr3p351714281",3,351714281,5.77081558991848e-21,0.349378881987578,NA,6.56021648617264e-18,"GLM","NYC","DTF_Sask_2017_b",20.2387628036259,17.1830818287343,"Significant",-2.84053869799334
"Lcu.1GRN.Chr5p406327200",5,406327200,5.77293277850414e-21,0.312111801242236,NA,6.56021648617264e-18,"GLM","NYC","DTF_Sask_2017_b",20.2386034995072,17.1830818287343,"Significant",-2.94325389814871
"Lcu.1GRN.Chr2p546091303",2,546091303,5.89942451083806e-21,0.246894409937888,NA,6.61457241479021e-18,"GLM","NYC","DTF_Sask_2017_b",20.2291903517405,17.1794982246283,"Significant",-3.10942490588072
"Lcu.1GRN.Chr2p553907642",2,553907642,5.89942451083806e-21,0.246894409937888,NA,6.61457241479021e-18,"GLM","NYC","DTF_Sask_2017_b",20.2291903517405,17.1794982246283,"Significant",-3.10942490588072
"Lcu.1GRN.Chr2p556270939",2,556270939,5.89942451083806e-21,0.246894409937888,NA,6.61457241479021e-18,"GLM","NYC","DTF_Sask_2017_b",20.2291903517405,17.1794982246283,"Significant",-3.10942490588072
"Lcu.1GRN.Chr2p556327489",2,556327489,5.89942451083806e-21,0.246894409937888,NA,6.61457241479021e-18,"GLM","NYC","DTF_Sask_2017_b",20.2291903517405,17.1794982246283,"Significant",-3.10942490588072
"Lcu.1GRN.Chr1p368964398",1,368964398,5.92406336452971e-21,0.37258064516129,NA,1.1257962834671e-17,"GLM","NYC","Cotyledon_RedvsYellow",20.2273803048574,16.9485401893873,"Significant",-0.374765183861209
"Lcu.1GRN.Chr4p357446214",4,357446214,6.07192269794404e-21,0.343167701863354,NA,6.78536352870214e-18,"GLM","NYC","DTF_Sask_2017_b",20.2166737661096,17.1684268798716,"Significant",5.4878723861583
"Lcu.1GRN.Chr1p367497600",1,367497600,6.11340109515299e-21,0.409677419354839,NA,4.67351451403029e-17,"MLM","NYC","Cotyledon_RedvsYellow",20.2137171095763,16.3303564042306,"Significant",-0.304762119666545
"Lcu.1GRN.Chr3p351643874",3,351643874,6.1795749308965e-21,0.350931677018634,NA,6.88279828073134e-18,"GLM","NYC","DTF_Sask_2017_b",20.2090413973246,17.1622349584499,"Significant",-2.84204633132326
"Lcu.1GRN.Chr1p356473222",1,356473222,6.28809548731943e-21,0.47258064516129,NA,1.18826281729392e-17,"GLM","NYC","Cotyledon_RedvsYellow",20.201480871978,16.925087492455,"Significant",-0.290040906579916
"Lcu.1GRN.Chr2p54764579",2,54764579,6.33010989321369e-21,0.240683229813665,NA,6.97474393761359e-18,"GLM","NYC","DTF_Sask_2017_b",20.1985887503931,17.1564717319286,"Significant",-3.12435734861556
"Lcu.1GRN.Chr3p344528169",3,344528169,6.35940298439218e-21,0.414596273291925,NA,6.97474393761359e-18,"GLM","NYC","DTF_Sask_2017_b",20.1965836536526,17.1564717319286,"Significant",-2.676484035645
"Lcu.1GRN.Chr1p362370694",1,362370694,6.41889102249841e-21,0.183870967741935,NA,1.20620285841605e-17,"GLM","NYC","Cotyledon_RedvsYellow",20.1925399975404,16.9185796466884,"Significant",-0.35487689958556
"Lcu.1GRN.Chr4p439062790",4,439062790,6.47797160465966e-21,0.319875776397516,NA,6.97474393761359e-18,"GLM","NYC","DTF_Sask_2017_b",20.1885609599947,17.1564717319286,"Significant",-2.85329559384618
"Lcu.1GRN.Chr4p439063592",4,439063592,6.47987387677191e-21,0.322981366459627,NA,6.97474393761359e-18,"GLM","NYC","DTF_Sask_2017_b",20.1884334470854,17.1564717319286,"Significant",-2.85608501015564
"Lcu.1GRN.Chr6p1140009",6,1140009,6.49462714312606e-21,0.296583850931677,NA,6.97474393761359e-18,"GLM","NYC","DTF_Sask_2017_b",20.1874457767435,17.1564717319286,"Significant",-2.91016925125635
"Lcu.1GRN.Chr3p224848669",3,224848669,6.50540161597881e-21,0.462732919254658,NA,6.97474393761359e-18,"GLM","NYC","DTF_Sask_2017_b",20.1867258867704,17.1564717319286,"Significant",2.69553591478995
"Lcu.1GRN.Chr4p416806856",4,416806856,6.55205583535925e-21,0.330745341614907,NA,6.97474393761359e-18,"GLM","NYC","DTF_Sask_2017_b",20.1836224102579,17.1564717319286,"Significant",-2.84565118967049
"Lcu.1GRN.Chr4p418245589",4,418245589,6.567993621279e-21,0.332298136645963,NA,6.97474393761359e-18,"GLM","NYC","DTF_Sask_2017_b",20.1825672776676,17.1564717319286,"Significant",-2.85062660955069
"Lcu.1GRN.Chr3p238111817",3,238111817,6.57524011683404e-21,0.478260869565217,NA,6.97474393761359e-18,"GLM","NYC","DTF_Sask_2017_b",20.1820883828364,17.1564717319286,"Significant",-2.70315581732957
"Lcu.1GRN.Chr4p439061384",4,439061384,6.59389468099166e-21,0.316770186335404,NA,6.97474393761359e-18,"GLM","NYC","DTF_Sask_2017_b",20.180857993776,17.1564717319286,"Significant",-2.84977731061028
"Lcu.1GRN.Chr4p439061385",4,439061385,6.59389468099166e-21,0.316770186335404,NA,6.97474393761359e-18,"GLM","NYC","DTF_Sask_2017_b",20.180857993776,17.1564717319286,"Significant",-2.84977731061028
"Lcu.1GRN.Chr4p439061620",4,439061620,6.59389468099166e-21,0.316770186335404,NA,6.97474393761359e-18,"GLM","NYC","DTF_Sask_2017_b",20.180857993776,17.1564717319286,"Significant",-2.84977731061028
"Lcu.1GRN.Chr4p439062363",4,439062363,6.59389468099166e-21,0.316770186335404,NA,6.97474393761359e-18,"GLM","NYC","DTF_Sask_2017_b",20.180857993776,17.1564717319286,"Significant",-2.84977731061028
"Lcu.1GRN.Chr4p439062533",4,439062533,6.59389468099166e-21,0.316770186335404,NA,6.97474393761359e-18,"GLM","NYC","DTF_Sask_2017_b",20.180857993776,17.1564717319286,"Significant",-2.84977731061028
"Lcu.1GRN.Chr4p439146473",4,439146473,6.59389468099166e-21,0.316770186335404,NA,6.97474393761359e-18,"GLM","NYC","DTF_Sask_2017_b",20.180857993776,17.1564717319286,"Significant",-2.84977731061028
"Lcu.1GRN.Chr4p439206010",4,439206010,6.59389468099166e-21,0.316770186335404,NA,6.97474393761359e-18,"GLM","NYC","DTF_Sask_2017_b",20.180857993776,17.1564717319286,"Significant",-2.84977731061028
"Lcu.1GRN.Chr1p99875893",1,99875893,6.6295061858802e-21,0.375806451612903,NA,1.23885950401442e-17,"GLM","NYC","Cotyledon_RedvsYellow",20.1785188198206,16.9069779430921,"Significant",0.315216001435567
"Lcu.1GRN.Chr5p441116477",5,441116477,6.63082628601174e-21,0.309006211180124,NA,6.99182177224737e-18,"GLM","NYC","DTF_Sask_2017_b",20.1784323495597,17.155409650785,"Significant",-2.92889010811047
"Lcu.1GRN.Chr2p314230516",2,314230516,6.77634249946073e-21,0.433229813664596,NA,7.11780905433798e-18,"GLM","NYC","DTF_Sask_2017_b",20.1690046513983,17.147653666762,"Significant",-2.70976816783994
"Lcu.1GRN.Chr4p437386089",4,437386089,6.81327676553268e-21,0.304347826086957,NA,7.11780905433798e-18,"GLM","NYC","DTF_Sask_2017_b",20.1666439690083,17.147653666762,"Significant",-2.88140853581977
"Lcu.1GRN.Chr5p402894383",5,402894383,6.81379123248365e-21,0.338509316770186,NA,7.11780905433798e-18,"GLM","NYC","DTF_Sask_2017_b",20.1666111768981,17.147653666762,"Significant",-2.97468769589234
"Lcu.1GRN.Chr5p403741193",5,403741193,6.8495932487532e-21,0.304347826086957,NA,7.13305613716213e-18,"GLM","NYC","DTF_Sask_2017_b",20.1643352175684,17.1467243580677,"Significant",-2.95370916697713
"Lcu.1GRN.Chr1p254231226",1,254231226,6.86407919812554e-21,0.337096774193548,NA,1.27560758432922e-17,"GLM","NYC","Cotyledon_RedvsYellow",20.1634177142167,16.894282907254,"Significant",0.331708076324222
"Lcu.1GRN.Chr3p236125285",3,236125285,6.88914667003463e-21,0.467391304347826,NA,7.13662245882677e-18,"GLM","NYC","DTF_Sask_2017_b",20.1618345690135,17.146507277656,"Significant",-2.70503541324921
"Lcu.1GRN.Chr2p128147880",2,128147880,6.89545139421733e-21,0.425465838509317,NA,7.13662245882677e-18,"GLM","NYC","DTF_Sask_2017_b",20.161437298509,17.146507277656,"Significant",-2.81702294920903
"Lcu.1GRN.Chr2p553285343",2,553285343,6.9395237497001e-21,0.236024844720497,NA,7.15631107747006e-18,"GLM","NYC","DTF_Sask_2017_b",20.158670333576,17.1453107893606,"Significant",-3.1425132995856
"Lcu.1GRN.Chr4p439803784",4,439803784,6.95702527992553e-21,0.324534161490683,NA,7.15631107747006e-18,"GLM","NYC","DTF_Sask_2017_b",20.1575764185322,17.1453107893606,"Significant",-2.83564039302333
"Lcu.1GRN.Chr2p546092190",2,546092190,7.05926642603469e-21,0.248447204968944,NA,7.23934228635979e-18,"GLM","NYC","DTF_Sask_2017_b",20.1512404269479,17.1403008888277,"Significant",-3.09930561603633
"Lcu.1GRN.Chr1p360268981",1,360268981,7.11869536648399e-21,0.229032258064516,NA,1.31565615622974e-17,"GLM","NYC","Cotyledon_RedvsYellow",20.1475995916234,16.8808575977766,"Significant",-0.326510944276831
"Lcu.1GRN.Chr2p401971046",2,401971046,7.13853785934418e-21,0.290372670807453,NA,7.29838469341649e-18,"GLM","NYC","DTF_Sask_2017_b",20.1463907328521,17.1367732489702,"Significant",-2.93057422640923
"Lcu.1GRN.Chr4p419671888",4,419671888,7.25181221927197e-21,0.332298136645963,NA,7.3313698800084e-18,"GLM","NYC","DTF_Sask_2017_b",20.1395534501901,17.1348148690501,"Significant",-2.82231128232253
"Lcu.1GRN.Chr4p419830674",4,419830674,7.25181221927197e-21,0.332298136645963,NA,7.3313698800084e-18,"GLM","NYC","DTF_Sask_2017_b",20.1395534501901,17.1348148690501,"Significant",-2.82231128232253
"Lcu.1GRN.Chr4p418017839",4,418017839,7.26887373867708e-21,0.291925465838509,NA,7.3313698800084e-18,"GLM","NYC","DTF_Sask_2017_b",20.1385328748314,17.1348148690501,"Significant",-3.09140274774347
"Lcu.1GRN.Chr2p566282801",2,566282801,7.3233708410243e-21,0.243788819875776,NA,7.3313698800084e-18,"GLM","NYC","DTF_Sask_2017_b",20.1352889734922,17.1348148690501,"Significant",-3.12697589674301
"Lcu.1GRN.Chr2p566283161",2,566283161,7.3233708410243e-21,0.243788819875776,NA,7.3313698800084e-18,"GLM","NYC","DTF_Sask_2017_b",20.1352889734922,17.1348148690501,"Significant",-3.12697589674301
"Lcu.1GRN.Chr2p566633917",2,566633917,7.3233708410243e-21,0.243788819875776,NA,7.3313698800084e-18,"GLM","NYC","DTF_Sask_2017_b",20.1352889734922,17.1348148690501,"Significant",-3.12697589674301
"Lcu.1GRN.Chr2p566965014",2,566965014,7.3233708410243e-21,0.243788819875776,NA,7.3313698800084e-18,"GLM","NYC","DTF_Sask_2017_b",20.1352889734922,17.1348148690501,"Significant",-3.12697589674301
"Lcu.1GRN.Chr2p54764682",2,54764682,7.42789317289876e-21,0.242236024844721,NA,7.38132575821756e-18,"GLM","NYC","DTF_Sask_2017_b",20.1291343508604,17.1318656276393,"Significant",-3.14048771317971
"Lcu.1GRN.Chr2p132671949",2,132671949,7.43740805961202e-21,0.263975155279503,NA,7.38132575821756e-18,"GLM","NYC","DTF_Sask_2017_b",20.1285783899289,17.1318656276393,"Significant",-2.97086218435376
"Lcu.1GRN.Chr5p403741202",5,403741202,7.4391050014887e-21,0.304347826086957,NA,7.38132575821756e-18,"GLM","NYC","DTF_Sask_2017_b",20.1284793112681,17.1318656276393,"Significant",-2.94294237504643
"Lcu.1GRN.Chr1p360283960",1,360283960,7.45426226952269e-21,0.230645161290323,NA,1.37014635891396e-17,"GLM","NYC","Cotyledon_RedvsYellow",20.1275953311686,16.8632330390672,"Significant",-0.323977546790612
"Lcu.1GRN.Chr1p437559322",1,437559322,7.46354254439391e-21,0.251552795031056,NA,7.38379239714749e-18,"GLM","NYC","DTF_Sask_2017_b",20.1270549872323,17.1317205224427,"Significant",3.20389828887514
"Lcu.1GRN.Chr1p361191061",1,361191061,7.50073375970199e-21,0.148387096774194,NA,1.37119527855961e-17,"GLM","NYC","Cotyledon_RedvsYellow",20.124896249648,16.8629006908257,"Significant",-0.432442135460842
"Lcu.1GRN.Chr5p403719707",5,403719707,7.50738600831606e-21,0.309006211180124,NA,7.40538683125879e-18,"GLM","NYC","DTF_Sask_2017_b",20.1245112533794,17.13045225054,"Significant",-2.95778386078332
"Lcu.1GRN.Chr3p238947302",3,238947302,7.64410838716863e-21,0.490683229813665,NA,7.49945057449527e-18,"GLM","NYC","DTF_Sask_2017_b",20.1166731636349,17.124970552769,"Significant",-2.75612513643357
"Lcu.1GRN.Chr6p1139213",6,1139213,7.64733623408918e-21,0.296583850931677,NA,7.49945057449527e-18,"GLM","NYC","DTF_Sask_2017_b",20.1164898145581,17.124970552769,"Significant",-2.89442942156387
"Lcu.1GRN.Chr1p437359352",1,437359352,7.73941925007384e-21,0.281055900621118,NA,7.50226292475385e-18,"GLM","NYC","DTF_Sask_2017_b",20.1112916266493,17.1248077196083,"Significant",2.88576845987249
"Lcu.1GRN.Chr1p437368329",1,437368329,7.73941925007384e-21,0.281055900621118,NA,7.50226292475385e-18,"GLM","NYC","DTF_Sask_2017_b",20.1112916266493,17.1248077196083,"Significant",2.88576845987249
"Lcu.1GRN.Chr1p437368794",1,437368794,7.73941925007384e-21,0.281055900621118,NA,7.50226292475385e-18,"GLM","NYC","DTF_Sask_2017_b",20.1112916266493,17.1248077196083,"Significant",2.88576845987249
"Lcu.1GRN.Chr1p437369245",1,437369245,7.73941925007384e-21,0.281055900621118,NA,7.50226292475385e-18,"GLM","NYC","DTF_Sask_2017_b",20.1112916266493,17.1248077196083,"Significant",2.88576845987249
"Lcu.1GRN.Chr1p366870836",1,366870836,7.75145362541287e-21,0.338709677419355,NA,1.40348827036505e-17,"GLM","NYC","Cotyledon_RedvsYellow",20.1106168468746,16.8527912126249,"Significant",-0.387199360260228
"Lcu.1GRN.Chr5p404118662",5,404118662,7.78458066960456e-21,0.307453416149068,NA,7.52435645428987e-18,"GLM","NYC","DTF_Sask_2017_b",20.1087647765168,17.1235306386315,"Significant",-2.93785027713356
"Lcu.1GRN.Chr1p367578183",1,367578183,7.80154525888327e-21,0.375806451612903,NA,1.40348827036505e-17,"GLM","NYC","Cotyledon_RedvsYellow",20.1078193677019,16.8527912126249,"Significant",-0.370712971386181
"Lcu.1GRN.Chr1p69356154",1,69356154,7.80255811534023e-21,0.325806451612903,NA,1.40348827036505e-17,"GLM","NYC","Cotyledon_RedvsYellow",20.1077629879202,16.8527912126249,"Significant",0.329577881596937
"Lcu.1GRN.Chr1p283453538",1,283453538,7.91636552481311e-21,0.338709677419355,NA,1.41638517153447e-17,"GLM","NYC","Cotyledon_RedvsYellow",20.1014741611882,16.84881862862,"Significant",0.328643326025188
"Lcu.1GRN.Chr6p1857185",6,1857185,7.92358543494982e-21,0.484472049689441,NA,7.63676980515119e-18,"GLM","NYC","DTF_Sask_2017_b",20.1010782549941,17.1170903001214,"Significant",-3.10825700569832
"Lcu.1GRN.Chr5p418420936",5,418420936,7.94966381295415e-21,0.391304347826087,NA,7.64001305077699e-18,"GLM","NYC","DTF_Sask_2017_b",20.0996512370374,17.1169058995558,"Significant",-3.04058326132547
"Lcu.1GRN.Chr1p368325479",1,368325479,8.0028190582985e-21,0.375806451612903,NA,1.42427737469984e-17,"GLM","NYC","Cotyledon_RedvsYellow",20.0967570022827,16.8464054246241,"Significant",-0.374487166084326
"Lcu.1GRN.Chr5p418221150",5,418221150,8.01550824442202e-21,0.350931677018634,NA,7.68134604459118e-18,"GLM","NYC","DTF_Sask_2017_b",20.0960689348507,17.1145626694847,"Significant",-2.85068611498534
"Lcu.1GRN.Chr2p409547558",2,409547558,8.08821137885068e-21,0.288819875776398,NA,7.72899828656212e-18,"GLM","NYC","DTF_Sask_2017_b",20.0921475073344,17.1118767889806,"Significant",-2.90323382703122
"Lcu.1GRN.Chr2p411995411",2,411995411,8.13002349464668e-21,0.293478260869565,NA,7.74694507882102e-18,"GLM","NYC","DTF_Sask_2017_b",20.089908199353,17.1108695229089,"Significant",-2.96206899980916
"Lcu.1GRN.Chr3p226270645",3,226270645,8.17835024689139e-21,0.46583850931677,NA,7.77098061439581e-18,"GLM","NYC","DTF_Sask_2017_b",20.0873342942421,17.109524174436,"Significant",2.72735163623874
"Lcu.1GRN.Chr2p412148240",2,412148240,8.26800359626861e-21,0.270186335403727,NA,7.79015004388259e-18,"GLM","NYC","DTF_Sask_2017_b",20.082599343143,17.1084541774234,"Significant",-2.97044115289694
"Lcu.1GRN.Chr2p412305371",2,412305371,8.26800359626861e-21,0.270186335403727,NA,7.79015004388259e-18,"GLM","NYC","DTF_Sask_2017_b",20.082599343143,17.1084541774234,"Significant",-2.97044115289694
"Lcu.1GRN.Chr2p412306079",2,412306079,8.26800359626861e-21,0.270186335403727,NA,7.79015004388259e-18,"GLM","NYC","DTF_Sask_2017_b",20.082599343143,17.1084541774234,"Significant",-2.97044115289694
"Lcu.1GRN.Chr5p416244170",5,416244170,8.35344072759581e-21,0.302795031055901,NA,7.84866423804251e-18,"GLM","NYC","DTF_Sask_2017_b",20.0781346046095,17.1052042494215,"Significant",-2.92862134891988
"Lcu.1GRN.Chr3p344527283",3,344527283,8.5485560258984e-21,0.416149068322981,NA,7.96524139823647e-18,"GLM","NYC","DTF_Sask_2017_b",20.0681072376631,17.0988010577369,"Significant",-2.65872396411232
"Lcu.1GRN.Chr3p344530558",3,344530558,8.5485560258984e-21,0.416149068322981,NA,7.96524139823647e-18,"GLM","NYC","DTF_Sask_2017_b",20.0681072376631,17.0988010577369,"Significant",-2.65872396411232
"Lcu.1GRN.Chr3p344530595",3,344530595,8.5485560258984e-21,0.416149068322981,NA,7.96524139823647e-18,"GLM","NYC","DTF_Sask_2017_b",20.0681072376631,17.0988010577369,"Significant",-2.65872396411232
"Lcu.1GRN.Chr4p440025664",4,440025664,8.64709305311828e-21,0.333850931677019,NA,8.00546135918832e-18,"GLM","NYC","DTF_Sask_2017_b",20.0631298674684,17.096613634391,"Significant",-2.85986332055529
"Lcu.1GRN.Chr4p436737315",4,436737315,8.66312074235745e-21,0.302795031055901,NA,8.00546135918832e-18,"GLM","NYC","DTF_Sask_2017_b",20.0623256325739,17.096613634391,"Significant",-2.87155131281325
"Lcu.1GRN.Chr4p437106351",4,437106351,8.66312074235745e-21,0.302795031055901,NA,8.00546135918832e-18,"GLM","NYC","DTF_Sask_2017_b",20.0623256325739,17.096613634391,"Significant",-2.87155131281325
"Lcu.1GRN.Chr2p551063870",2,551063870,8.79198916143106e-21,0.245341614906832,NA,8.10228772126872e-18,"GLM","NYC","DTF_Sask_2017_b",20.0559128559728,17.0913923385974,"Significant",-3.1598376735862
"Lcu.1GRN.Chr3p346350734",3,346350734,8.90397603910301e-21,0.427018633540373,NA,8.18307024137967e-18,"GLM","NYC","DTF_Sask_2017_b",20.0504160173727,17.0870837209353,"Significant",-2.74352540939729
"Lcu.1GRN.Chr2p411995432",2,411995432,8.97131207649728e-21,0.285714285714286,NA,8.22248863551815e-18,"GLM","NYC","DTF_Sask_2017_b",20.0471440356726,17.0849967180928,"Significant",-2.99258844705889
"Lcu.1GRN.Chr4p439063600",4,439063600,9.0683869708353e-21,0.319875776397516,NA,8.28887532668195e-18,"GLM","NYC","DTF_Sask_2017_b",20.0424699557144,17.081504392556,"Significant",-2.8421780837904
"Lcu.1GRN.Chr4p440503708",4,440503708,9.29987380614861e-21,0.22360248447205,NA,8.47742724269049e-18,"GLM","NYC","DTF_Sask_2017_b",20.0315229445283,17.0717359288555,"Significant",-3.15579768812111
"Lcu.1GRN.Chr4p488593845",4,488593845,9.49756580342168e-21,0.298136645962733,NA,8.63423707189064e-18,"GLM","NYC","DTF_Sask_2017_b",20.0223876887747,17.0637760310098,"Significant",-3.19214502733011
"Lcu.1GRN.Chr4p419831953",4,419831953,9.54217011075477e-21,0.33695652173913,NA,8.65140467289555e-18,"GLM","NYC","DTF_Sask_2017_b",20.0203528454271,17.0629133732103,"Significant",-2.83147607375446
"Lcu.1GRN.Chr4p439484588",4,439484588,9.60435518674077e-21,0.321428571428571,NA,8.68126695644667e-18,"GLM","NYC","DTF_Sask_2017_b",20.0175317873083,17.0614168886437,"Significant",-2.8309509709042
"Lcu.1GRN.Chr3p332265230",3,332265230,9.62672490094037e-21,0.372670807453416,NA,8.68126695644667e-18,"GLM","NYC","DTF_Sask_2017_b",20.0165214386669,17.0614168886437,"Significant",-2.78300267883597
"Lcu.1GRN.Chr2p566964876",2,566964876,9.68347903888274e-21,0.243788819875776,NA,8.70048774201028e-18,"GLM","NYC","DTF_Sask_2017_b",20.013968583194,17.0604564005163,"Significant",-3.11025950657451
"Lcu.1GRN.Chr1p368962767",1,368962767,9.77401407937407e-21,0.432258064516129,NA,7.30590176408182e-17,"MLM","NYC","Cotyledon_RedvsYellow",20.0099270397103,16.1363261716538,"Significant",-0.315001557822848
"Lcu.1GRN.Chr4p439483104",4,439483104,9.78675512051495e-21,0.31832298136646,NA,8.70048774201028e-18,"GLM","NYC","DTF_Sask_2017_b",20.0093612782531,17.0604564005163,"Significant",-2.82736637727486
"Lcu.1GRN.Chr4p439489994",4,439489994,9.78675512051495e-21,0.31832298136646,NA,8.70048774201028e-18,"GLM","NYC","DTF_Sask_2017_b",20.0093612782531,17.0604564005163,"Significant",-2.82736637727486
"Lcu.1GRN.Chr4p439618735",4,439618735,9.78675512051495e-21,0.31832298136646,NA,8.70048774201028e-18,"GLM","NYC","DTF_Sask_2017_b",20.0093612782531,17.0604564005163,"Significant",-2.82736637727486
"Lcu.1GRN.Chr4p439621651",4,439621651,9.78675512051495e-21,0.31832298136646,NA,8.70048774201028e-18,"GLM","NYC","DTF_Sask_2017_b",20.0093612782531,17.0604564005163,"Significant",-2.82736637727486
"Lcu.1GRN.Chr1p589234461",1,589234461,9.84124401157913e-21,0.217391304347826,NA,8.70048774201028e-18,"GLM","NYC","DTF_Sask_2017_b",20.0069499998191,17.0604564005163,"Significant",-3.52452101047342
"Lcu.1GRN.Chr5p403733268",5,403733268,9.85210985775952e-21,0.315217391304348,NA,8.70048774201028e-18,"GLM","NYC","DTF_Sask_2017_b",20.0064707541256,17.0604564005163,"Significant",-2.95203007217739
"Lcu.1GRN.Chr5p389874870",5,389874870,9.94869389281674e-21,0.309006211180124,NA,8.70048774201028e-18,"GLM","NYC","DTF_Sask_2017_b",20.0022339315533,17.0604564005163,"Significant",-2.95547090674404
"Lcu.1GRN.Chr2p132007165",2,132007165,9.94938921603187e-21,0.267080745341615,NA,8.70048774201028e-18,"GLM","NYC","DTF_Sask_2017_b",20.0022035793798,17.0604564005163,"Significant",-2.94066291700575
"Lcu.1GRN.Chr1p367622304",1,367622304,9.95146508317889e-21,0.346774193548387,NA,1.76176023980718e-17,"GLM","NYC","Cotyledon_RedvsYellow",20.0021129764703,16.7540531955913,"Significant",-0.370601321455648
"Lcu.1GRN.Chr4p439061307",4,439061307,9.95278260755535e-21,0.319875776397516,NA,8.70048774201028e-18,"GLM","NYC","DTF_Sask_2017_b",20.0020554818514,17.0604564005163,"Significant",-2.83114698141775
"Lcu.1GRN.Chr4p439062136",4,439062136,9.95278260755535e-21,0.319875776397516,NA,8.70048774201028e-18,"GLM","NYC","DTF_Sask_2017_b",20.0020554818514,17.0604564005163,"Significant",-2.83114698141775
"Lcu.1GRN.Chr4p440403887",4,440403887,9.95843165552495e-21,0.313664596273292,NA,8.70048774201028e-18,"GLM","NYC","DTF_Sask_2017_b",20.0018090528397,17.0604564005163,"Significant",-2.84762013877092
"Lcu.1GRN.Chr4p436979071",4,436979071,1.00042686172047e-20,0.304347826086957,NA,8.71789073047488e-18,"GLM","NYC","DTF_Sask_2017_b",19.9998146558656,17.0595885787055,"Significant",-2.88101023269346
"Lcu.1GRN.Chr1p357375621",1,357375621,1.00662441717313e-20,0.451612903225806,NA,1.7727499232004e-17,"GLM","NYC","Cotyledon_RedvsYellow",19.9971325393522,16.7513525247681,"Significant",-0.291667337704693
"Lcu.1GRN.Chr2p133074492",2,133074492,1.01783605240273e-20,0.267080745341615,NA,8.84667853846378e-18,"GLM","NYC","DTF_Sask_2017_b",19.9923221702025,17.0532197533895,"Significant",-2.94094475476449
"Lcu.1GRN.Chr4p439932481",4,439932481,1.02472895223803e-20,0.324534161490683,NA,8.88363411024351e-18,"GLM","NYC","DTF_Sask_2017_b",19.9893909932562,17.0514093370185,"Significant",-2.83653552492869
"Lcu.1GRN.Chr3p238633864",3,238633864,1.02746220491946e-20,0.490683229813665,NA,8.88443134915541e-18,"GLM","NYC","DTF_Sask_2017_b",19.9882341446313,17.0513703641251,"Significant",2.7060330167286
"Lcu.1GRN.Chr6p278107865",6,278107865,1.06065108538732e-20,0.251552795031056,NA,9.14292258414707e-18,"GLM","NYC","DTF_Sask_2017_b",19.9744274592771,17.0389149575175,"Significant",-3.06294989673434
"Lcu.1GRN.Chr2p546092184",2,546092184,1.06279234597969e-20,0.253105590062112,NA,9.14292258414707e-18,"GLM","NYC","DTF_Sask_2017_b",19.9735515819535,17.0389149575175,"Significant",-3.09419657743847
"Lcu.1GRN.Chr2p545941251",2,545941251,1.06980736024667e-20,0.246894409937888,NA,9.17979317204318e-18,"GLM","NYC","DTF_Sask_2017_b",19.970694418496,17.0371671036846,"Significant",-3.1770179551702
"Lcu.1GRN.Chr2p553089829",2,553089829,1.07553971491885e-20,0.239130434782609,NA,9.18213368751542e-18,"GLM","NYC","DTF_Sask_2017_b",19.9683735484084,17.0370563884021,"Significant",-3.12269190750924
"Lcu.1GRN.Chr2p553459068",2,553459068,1.07553971491885e-20,0.239130434782609,NA,9.18213368751542e-18,"GLM","NYC","DTF_Sask_2017_b",19.9683735484084,17.0370563884021,"Significant",-3.12269190750924
"Lcu.1GRN.Chr1p367423374",1,367423374,1.08028985926019e-20,0.391935483870968,NA,1.89257218275923e-17,"GLM","NYC","Cotyledon_RedvsYellow",19.9664597006359,16.7229475475076,"Significant",-0.369575778456314
"Lcu.1GRN.Chr3p332268053",3,332268053,1.08064972122439e-20,0.372670807453416,NA,9.20240265263501e-18,"GLM","NYC","DTF_Sask_2017_b",19.9663150542347,17.0360987680293,"Significant",-2.78327856125719
"Lcu.1GRN.Chr3p224732839",3,224732839,1.08413184264392e-20,0.433229813664596,NA,9.20874180592446e-18,"GLM","NYC","DTF_Sask_2017_b",19.9649178994849,17.0357997035786,"Significant",2.7081864943336
"Lcu.1GRN.Chr1p361411859",1,361411859,1.08769450501285e-20,0.187096774193548,NA,1.89567117910704e-17,"GLM","NYC","Cotyledon_RedvsYellow",19.9634930654993,16.7222369926752,"Significant",-0.360858949927733
"Lcu.1GRN.Chr5p402904201",5,402904201,1.0949773461904e-20,0.312111801242236,NA,9.27067701977026e-18,"GLM","NYC","DTF_Sask_2017_b",19.9605948657794,17.0328885490039,"Significant",-2.93031026575112
"Lcu.1GRN.Chr3p225115037",3,225115037,1.09693562503711e-20,0.448757763975155,NA,9.27067701977026e-18,"GLM","NYC","DTF_Sask_2017_b",19.9598188587621,17.0328885490039,"Significant",2.69283035097949
"Lcu.1GRN.Chr3p349262741",3,349262741,1.1123231463106e-20,0.31055900621118,NA,9.37716290112926e-18,"GLM","NYC","DTF_Sask_2017_b",19.953769025459,17.0279285393138,"Significant",-2.92451217967877
"Lcu.1GRN.Chr4p439859354",4,439859354,1.1154334566861e-20,0.312111801242236,NA,9.37987513812835e-18,"GLM","NYC","DTF_Sask_2017_b",19.9525563332744,17.0278029427705,"Significant",-2.95917529499916
"Lcu.1GRN.Chr2p552966772",2,552966772,1.1314216413017e-20,0.239130434782609,NA,9.4669876422818e-18,"GLM","NYC","DTF_Sask_2017_b",19.9463755185353,17.0237881897879,"Significant",-3.11950838729015
"Lcu.1GRN.Chr2p553089991",2,553089991,1.1314216413017e-20,0.239130434782609,NA,9.4669876422818e-18,"GLM","NYC","DTF_Sask_2017_b",19.9463755185353,17.0237881897879,"Significant",-3.11950838729015
"Lcu.1GRN.Chr2p135922682",2,135922682,1.141085020252e-20,0.268633540372671,NA,9.51978184912957e-18,"GLM","NYC","DTF_Sask_2017_b",19.9426819958529,17.0213730035908,"Significant",-2.96976692560401
"Lcu.1GRN.Chr3p344532566",3,344532566,1.14339155358532e-20,0.462732919254658,NA,9.51978184912957e-18,"GLM","NYC","DTF_Sask_2017_b",19.9418050203121,17.0213730035908,"Significant",2.80714828384502
"Lcu.1GRN.Chr4p439621668",4,439621668,1.14847263491273e-20,0.322981366459627,NA,9.53847641451087e-18,"GLM","NYC","DTF_Sask_2017_b",19.9398793484428,17.0205209898256,"Significant",-2.81941109121765
"Lcu.1GRN.Chr1p365084357",1,365084357,1.15918949614137e-20,0.37258064516129,NA,2.00986130540507e-17,"GLM","NYC","Cotyledon_RedvsYellow",19.9358455628272,16.6968339109255,"Significant",-0.377711366235034
"Lcu.1GRN.Chr5p402894299",5,402894299,1.17504125532834e-20,0.31055900621118,NA,9.72484942825163e-18,"GLM","NYC","DTF_Sask_2017_b",19.9299468851821,17.0121171142167,"Significant",-2.92761881188503
"Lcu.1GRN.Chr2p132664265",2,132664265,1.17669501386831e-20,0.267080745341615,NA,9.72484942825163e-18,"GLM","NYC","DTF_Sask_2017_b",19.9293360868234,17.0121171142167,"Significant",-2.94556985151236
"Lcu.1GRN.Chr1p367669224",1,367669224,1.17941540017131e-20,0.391935483870968,NA,2.03444317902268e-17,"GLM","NYC","Cotyledon_RedvsYellow",19.9283332057377,16.6915544352683,"Significant",-0.363188066863749
"Lcu.1GRN.Chr5p416773746",5,416773746,1.20222431130079e-20,0.313664596273292,NA,9.91148492449297e-18,"GLM","NYC","DTF_Sask_2017_b",19.9200144940042,17.0038612752622,"Significant",-2.91719392427001
"Lcu.1GRN.Chr1p367671470",1,367671470,1.20348582765455e-20,0.351612903225806,NA,2.06537202750346e-17,"GLM","NYC","Cotyledon_RedvsYellow",19.9195590196454,16.68500170917,"Significant",-0.373567541152665
"Lcu.1GRN.Chr1p366659710",1,366659710,1.2111595338306e-20,0.416129032258065,NA,8.85639345469559e-17,"MLM","NYC","Cotyledon_RedvsYellow",19.9167986478569,16.0527430977066,"Significant",-0.308026742179587
"Lcu.1GRN.Chr4p439067221",4,439067221,1.21517798773904e-20,0.316770186335404,NA,9.93535966069767e-18,"GLM","NYC","DTF_Sask_2017_b",19.9153601060726,17.0028164067797,"Significant",-2.82746845711931
"Lcu.1GRN.Chr3p240598132",3,240598132,1.21791150615772e-20,0.462732919254658,NA,9.93535966069767e-18,"GLM","NYC","DTF_Sask_2017_b",19.9143842665337,17.0028164067797,"Significant",2.89442044317953
"Lcu.1GRN.Chr2p130785798",2,130785798,1.22994813240298e-20,0.270186335403727,NA,9.93535966069767e-18,"GLM","NYC","DTF_Sask_2017_b",19.9101132026144,17.0028164067797,"Significant",-2.95236560850574
"Lcu.1GRN.Chr2p401783295",2,401783295,1.23031101859876e-20,0.287267080745342,NA,9.93535966069767e-18,"GLM","NYC","DTF_Sask_2017_b",19.9099850864576,17.0028164067797,"Significant",-2.89194402186112
"Lcu.1GRN.Chr4p439859453",4,439859453,1.23853009572596e-20,0.305900621118012,NA,9.93535966069767e-18,"GLM","NYC","DTF_Sask_2017_b",19.9070934357888,17.0028164067797,"Significant",-2.95618504978674
"Lcu.1GRN.Chr3p225606970",3,225606970,1.24075973111567e-20,0.46583850931677,NA,9.93535966069767e-18,"GLM","NYC","DTF_Sask_2017_b",19.9063123100027,17.0028164067797,"Significant",2.68034194083486
"Lcu.1GRN.Chr2p135921670",2,135921670,1.2491996887154e-20,0.267080745341615,NA,9.93535966069767e-18,"GLM","NYC","DTF_Sask_2017_b",19.9033681326625,17.0028164067797,"Significant",-2.96609510517027
"Lcu.1GRN.Chr3p225589811",3,225589811,1.25294452148877e-20,0.428571428571429,NA,9.93535966069767e-18,"GLM","NYC","DTF_Sask_2017_b",19.9020681584909,17.0028164067797,"Significant",2.70586405396946
"Lcu.1GRN.Chr2p53454791",2,53454791,1.25396607632836e-20,0.234472049689441,NA,9.93535966069767e-18,"GLM","NYC","DTF_Sask_2017_b",19.9017142123591,17.0028164067797,"Significant",-3.127480562554
"Lcu.1GRN.Chr2p548267344",2,548267344,1.25533356595519e-20,0.240683229813665,NA,9.93535966069767e-18,"GLM","NYC","DTF_Sask_2017_b",19.9012408585613,17.0028164067797,"Significant",-3.11812162192524
"Lcu.1GRN.Chr2p548291207",2,548291207,1.25533356595519e-20,0.240683229813665,NA,9.93535966069767e-18,"GLM","NYC","DTF_Sask_2017_b",19.9012408585613,17.0028164067797,"Significant",-3.11812162192524
"Lcu.1GRN.Chr2p551185773",2,551185773,1.25533356595519e-20,0.240683229813665,NA,9.93535966069767e-18,"GLM","NYC","DTF_Sask_2017_b",19.9012408585613,17.0028164067797,"Significant",-3.11812162192524
"Lcu.1GRN.Chr2p551374412",2,551374412,1.25533356595519e-20,0.240683229813665,NA,9.93535966069767e-18,"GLM","NYC","DTF_Sask_2017_b",19.9012408585613,17.0028164067797,"Significant",-3.11812162192524
"Lcu.1GRN.Chr2p551704991",2,551704991,1.25533356595519e-20,0.240683229813665,NA,9.93535966069767e-18,"GLM","NYC","DTF_Sask_2017_b",19.9012408585613,17.0028164067797,"Significant",-3.11812162192524
"Lcu.1GRN.Chr2p553089422",2,553089422,1.25533356595519e-20,0.240683229813665,NA,9.93535966069767e-18,"GLM","NYC","DTF_Sask_2017_b",19.9012408585613,17.0028164067797,"Significant",-3.11812162192524
"Lcu.1GRN.Chr2p553287225",2,553287225,1.25533356595519e-20,0.240683229813665,NA,9.93535966069767e-18,"GLM","NYC","DTF_Sask_2017_b",19.9012408585613,17.0028164067797,"Significant",-3.11812162192524
"Lcu.1GRN.Chr2p553643462",2,553643462,1.25533356595519e-20,0.240683229813665,NA,9.93535966069767e-18,"GLM","NYC","DTF_Sask_2017_b",19.9012408585613,17.0028164067797,"Significant",-3.11812162192524
"Lcu.1GRN.Chr3p332303145",3,332303145,1.26203917284214e-20,0.392857142857143,NA,9.94758391474794e-18,"GLM","NYC","DTF_Sask_2017_b",19.8989271646758,17.0022823885919,"Significant",-2.86359254545094
"Lcu.1GRN.Chr4p435789300",4,435789300,1.26279282200613e-20,0.307453416149068,NA,9.94758391474794e-18,"GLM","NYC","DTF_Sask_2017_b",19.8986678953988,17.0022823885919,"Significant",-3.14345730116921
"Lcu.1GRN.Chr3p225115170",3,225115170,1.28414619406678e-20,0.450310559006211,NA,1.00748079522481e-17,"GLM","NYC","DTF_Sask_2017_b",19.8913855310473,16.9967632237054,"Significant",2.6819288769803
"Lcu.1GRN.Chr3p225654300",3,225654300,1.28493360273583e-20,0.472049689440994,NA,1.00748079522481e-17,"GLM","NYC","DTF_Sask_2017_b",19.8911193133525,16.9967632237054,"Significant",2.70144892773058
"Lcu.1GRN.Chr1p452396197",1,452396197,1.2946493873459e-20,0.402173913043478,NA,1.01273797784506e-17,"GLM","NYC","DTF_Sask_2017_b",19.8878478298512,16.9945029035989,"Significant",2.65244194961373
"Lcu.1GRN.Chr1p365383435",1,365383435,1.29759073718829e-20,0.333870967741935,NA,2.21556702282138e-17,"GLM","NYC","Cotyledon_RedvsYellow",19.8868622633197,16.6545151076494,"Significant",-0.370773042778728
"Lcu.1GRN.Chr2p52953863",2,52953863,1.30855380437043e-20,0.220496894409938,NA,1.0212397158113e-17,"GLM","NYC","DTF_Sask_2017_b",19.8832084155837,16.9908723039125,"Significant",-3.16522104519306
"Lcu.1GRN.Chr4p417507606",4,417507606,1.33668618723626e-20,0.329192546583851,NA,1.03360258101632e-17,"GLM","NYC","DTF_Sask_2017_b",19.873970539745,16.9856464148678,"Significant",-2.81261171775419
"Lcu.1GRN.Chr4p417507716",4,417507716,1.33668618723626e-20,0.329192546583851,NA,1.03360258101632e-17,"GLM","NYC","DTF_Sask_2017_b",19.873970539745,16.9856464148678,"Significant",-2.81261171775419
"Lcu.1GRN.Chr4p417887625",4,417887625,1.33668618723626e-20,0.329192546583851,NA,1.03360258101632e-17,"GLM","NYC","DTF_Sask_2017_b",19.873970539745,16.9856464148678,"Significant",-2.81261171775419
"Lcu.1GRN.Chr4p418062862",4,418062862,1.33668618723626e-20,0.329192546583851,NA,1.03360258101632e-17,"GLM","NYC","DTF_Sask_2017_b",19.873970539745,16.9856464148678,"Significant",-2.81261171775419
"Lcu.1GRN.Chr1p352050600",1,352050600,1.34484753838864e-20,0.256451612903226,NA,2.28465824214733e-17,"GLM","NYC","Cotyledon_RedvsYellow",19.8713269476241,16.6411787560537,"Significant",-0.326332395569807
"Lcu.1GRN.Chr2p219694330",2,219694330,1.34513115030819e-20,0.315217391304348,NA,1.03774708632045e-17,"GLM","NYC","DTF_Sask_2017_b",19.8712353698784,16.9839084773151,"Significant",-2.84474933753636
"Lcu.1GRN.Chr3p225090798",3,225090798,1.35787223248826e-20,0.450310559006211,NA,1.04517942614503e-17,"GLM","NYC","DTF_Sask_2017_b",19.8671410926003,16.9808091477388,"Significant",2.67597483828175
"Lcu.1GRN.Chr1p365324047",1,365324047,1.35972123141307e-20,0.385483870967742,NA,2.29831834897849e-17,"GLM","NYC","Cotyledon_RedvsYellow",19.8665501210921,16.6385898156699,"Significant",-0.345326810247147
"Lcu.1GRN.Chr6p22044874",6,22044874,1.36210311346336e-20,0.290372670807453,NA,1.04604232412404e-17,"GLM","NYC","DTF_Sask_2017_b",19.8657900143666,16.9804507430389,"Significant",-2.92266838080336
"Lcu.1GRN.Chr5p404327031",5,404327031,1.36987080878108e-20,0.332298136645963,NA,1.04832565608402e-17,"GLM","NYC","DTF_Sask_2017_b",19.8633203888137,16.9795037854146,"Significant",-2.98661822025124
"Lcu.1GRN.Chr2p52393742",2,52393742,1.37130957756548e-20,0.201863354037267,NA,1.04832565608402e-17,"GLM","NYC","DTF_Sask_2017_b",19.8628644907603,16.9795037854146,"Significant",-3.30459211273453
"Lcu.1GRN.Chr1p364870820",1,364870820,1.37995620009335e-20,0.387096774193548,NA,9.87599419482553e-17,"MLM","NYC","Cotyledon_RedvsYellow",19.8601346979173,16.0054191740212,"Significant",-0.36648923176241
"Lcu.1GRN.Chr5p405678931",5,405678931,1.38546647194813e-20,0.313664596273292,NA,1.05327154319822e-17,"GLM","NYC","DTF_Sask_2017_b",19.8584039796068,16.9774596492233,"Significant",-2.91885399390419
"Lcu.1GRN.Chr4p180560947",4,180560947,1.39040750979787e-20,0.462732919254658,NA,1.05327154319822e-17,"GLM","NYC","DTF_Sask_2017_b",19.8568578951999,16.9774596492233,"Significant",-2.63779996127618
"Lcu.1GRN.Chr4p439483198",4,439483198,1.39653816299983e-20,0.319875776397516,NA,1.05327154319822e-17,"GLM","NYC","DTF_Sask_2017_b",19.8549471918973,16.9774596492233,"Significant",-2.81622638042167
"Lcu.1GRN.Chr3p346350792",3,346350792,1.39732454403718e-20,0.47360248447205,NA,1.05327154319822e-17,"GLM","NYC","DTF_Sask_2017_b",19.8547027124865,16.9774596492233,"Significant",-2.6260141496514
"Lcu.1GRN.Chr2p565389039",2,565389039,1.39821752962723e-20,0.22360248447205,NA,1.05327154319822e-17,"GLM","NYC","DTF_Sask_2017_b",19.8544252573689,16.9774596492233,"Significant",-3.16219964057719
"Lcu.1GRN.Chr2p131188044",2,131188044,1.40012847684767e-20,0.262422360248447,NA,1.05327154319822e-17,"GLM","NYC","DTF_Sask_2017_b",19.8538321113032,16.9774596492233,"Significant",-3.02048307490858
"Lcu.1GRN.Chr5p403498994",5,403498994,1.40186778839538e-20,0.316770186335404,NA,1.05327154319822e-17,"GLM","NYC","DTF_Sask_2017_b",19.8532929432009,16.9774596492233,"Significant",-2.90995728676434
"Lcu.1GRN.Chr3p179010556",3,179010556,1.40282980004816e-20,0.341614906832298,NA,1.05327154319822e-17,"GLM","NYC","DTF_Sask_2017_b",19.852995017057,16.9774596492233,"Significant",-2.7716427639408
"Lcu.1GRN.Chr1p367140139",1,367140139,1.40391234055496e-20,0.346774193548387,NA,2.36114891127724e-17,"GLM","NYC","Cotyledon_RedvsYellow",19.8526600084468,16.6268766222789,"Significant",-0.377777485016915
"Lcu.1GRN.Chr5p228895564",5,228895564,1.42467369429909e-20,0.305900621118012,NA,1.06729001454411e-17,"GLM","NYC","DTF_Sask_2017_b",19.8462845945979,16.9717175537693,"Significant",-2.89973587958055
"Lcu.1GRN.Chr2p52903278",2,52903278,1.4359199335123e-20,0.234472049689441,NA,1.07332462283496e-17,"GLM","NYC","DTF_Sask_2017_b",19.8428697755556,16.969268907499,"Significant",-3.13029586421926
"Lcu.1GRN.Chr5p422976788",5,422976788,1.46551690184322e-20,0.330745341614907,NA,1.09270567813292e-17,"GLM","NYC","DTF_Sask_2017_b",19.8340091684675,16.9614968001508,"Significant",-2.86401631405171
"Lcu.1GRN.Chr4p439482815",4,439482815,1.46834548726861e-20,0.321428571428571,NA,1.09270567813292e-17,"GLM","NYC","DTF_Sask_2017_b",19.8331717471712,16.9614968001508,"Significant",-2.80912005815298
"Lcu.1GRN.Chr4p439620767",4,439620767,1.47248484248096e-20,0.319875776397516,NA,1.09336712805914e-17,"GLM","NYC","DTF_Sask_2017_b",19.8319491670745,16.9612339872554,"Significant",-2.81386968283203
"Lcu.1GRN.Chr3p225587671",3,225587671,1.47711377978599e-20,0.453416149068323,NA,1.09438839375611e-17,"GLM","NYC","DTF_Sask_2017_b",19.8305860503685,16.9608285213937,"Significant",2.68591663157807
"Lcu.1GRN.Chr5p441068719",5,441068719,1.49313116184354e-20,0.31832298136646,NA,1.1036290701417e-17,"GLM","NYC","DTF_Sask_2017_b",19.8259020406588,16.9571768685083,"Significant",-2.9219969230122
"Lcu.1GRN.Chr4p436554006",4,436554006,1.49614812387842e-20,0.301242236024845,NA,1.1036290701417e-17,"GLM","NYC","DTF_Sask_2017_b",19.8250254076758,16.9571768685083,"Significant",-2.8480854581334
"Lcu.1GRN.Chr1p365326090",1,365326090,1.49850549037496e-20,0.343548387096774,NA,1.04651260914653e-16,"MLM","NYC","Cotyledon_RedvsYellow",19.8243416615037,15.9802555345974,"Significant",-0.343693555817119
"Lcu.1GRN.Chr2p393532404",2,393532404,1.51159567958076e-20,0.298136645962733,NA,1.11183968300071e-17,"GLM","NYC","DTF_Sask_2017_b",19.820564358047,16.9539578294874,"Significant",-2.88892497506127
"Lcu.1GRN.Chr5p421214269",5,421214269,1.51914415495434e-20,0.304347826086957,NA,1.11183968300071e-17,"GLM","NYC","DTF_Sask_2017_b",19.8184010130163,16.9539578294874,"Significant",-2.91005738554703
"Lcu.1GRN.Chr5p404772906",5,404772906,1.52059297531074e-20,0.319875776397516,NA,1.11183968300071e-17,"GLM","NYC","DTF_Sask_2017_b",19.8179870201565,16.9539578294874,"Significant",-2.85702931414936
"Lcu.1GRN.Chr1p366878173",1,366878173,1.52449906941465e-20,0.412903225806452,NA,1.04651260914653e-16,"MLM","NYC","Cotyledon_RedvsYellow",19.8168728364007,15.9802555345974,"Significant",-0.300180509123932
"Lcu.1GRN.Chr3p348606448",3,348606448,1.53967952774519e-20,0.305900621118012,NA,1.11183968300071e-17,"GLM","NYC","DTF_Sask_2017_b",19.812569664758,16.9539578294874,"Significant",-2.93972650398003
"Lcu.1GRN.Chr4p421474856",4,421474856,1.54273341654231e-20,0.341614906832298,NA,1.11183968300071e-17,"GLM","NYC","DTF_Sask_2017_b",19.8117091132933,16.9539578294874,"Significant",-2.80686112119633
"Lcu.1GRN.Chr4p417502294",4,417502294,1.54530799359793e-20,0.330745341614907,NA,1.11183968300071e-17,"GLM","NYC","DTF_Sask_2017_b",19.8109849488674,16.9539578294874,"Significant",-2.8090121392737
"Lcu.1GRN.Chr3p342907138",3,342907138,1.54727521238974e-20,0.395962732919255,NA,1.11183968300071e-17,"GLM","NYC","DTF_Sask_2017_b",19.810432431878,16.9539578294874,"Significant",-2.74227056699537
"Lcu.1GRN.Chr3p225090875",3,225090875,1.55024961226081e-20,0.451863354037267,NA,1.11183968300071e-17,"GLM","NYC","DTF_Sask_2017_b",19.8095983686041,16.9539578294874,"Significant",2.6714394918903
"Lcu.1GRN.Chr3p225091012",3,225091012,1.55024961226081e-20,0.451863354037267,NA,1.11183968300071e-17,"GLM","NYC","DTF_Sask_2017_b",19.8095983686041,16.9539578294874,"Significant",2.6714394918903
"Lcu.1GRN.Chr3p225092758",3,225092758,1.55024961226081e-20,0.451863354037267,NA,1.11183968300071e-17,"GLM","NYC","DTF_Sask_2017_b",19.8095983686041,16.9539578294874,"Significant",2.6714394918903
"Lcu.1GRN.Chr3p225106830",3,225106830,1.55024961226081e-20,0.451863354037267,NA,1.11183968300071e-17,"GLM","NYC","DTF_Sask_2017_b",19.8095983686041,16.9539578294874,"Significant",2.6714394918903
"Lcu.1GRN.Chr3p225113523",3,225113523,1.55024961226081e-20,0.451863354037267,NA,1.11183968300071e-17,"GLM","NYC","DTF_Sask_2017_b",19.8095983686041,16.9539578294874,"Significant",2.6714394918903
"Lcu.1GRN.Chr3p225595342",3,225595342,1.55024961226081e-20,0.451863354037267,NA,1.11183968300071e-17,"GLM","NYC","DTF_Sask_2017_b",19.8095983686041,16.9539578294874,"Significant",2.6714394918903
"Lcu.1GRN.Chr2p552974285",2,552974285,1.56054505082836e-20,0.242236024844721,NA,1.11684224917443e-17,"GLM","NYC","DTF_Sask_2017_b",19.8067236893224,16.9520081654263,"Significant",-3.10907365135715
"Lcu.1GRN.Chr3p238633349",3,238633349,1.56498099285229e-20,0.486024844720497,NA,1.11763898433704e-17,"GLM","NYC","DTF_Sask_2017_b",19.8054909327178,16.9516984580149,"Significant",-2.68334710277406
"Lcu.1GRN.Chr5p45799462",5,45799462,1.57046748363712e-20,0.388198757763975,NA,1.11918100861985e-17,"GLM","NYC","DTF_Sask_2017_b",19.8039710511936,16.9510996679958,"Significant",-2.70025282261251
"Lcu.1GRN.Chr1p367608589",1,367608589,1.58449558036996e-20,0.395161290322581,NA,2.6516021138423e-17,"GLM","NYC","Cotyledon_RedvsYellow",19.8001089678486,16.5764916434373,"Significant",-0.355840101115906
"Lcu.1GRN.Chr5p415826629",5,415826629,1.61074809119398e-20,0.315217391304348,NA,1.14440310512897e-17,"GLM","NYC","DTF_Sask_2017_b",19.792972374639,16.9414209724864,"Significant",-2.85239015167303
"Lcu.1GRN.Chr5p428423763",5,428423763,1.61266435717872e-20,0.309006211180124,NA,1.14440310512897e-17,"GLM","NYC","DTF_Sask_2017_b",19.7924560126441,16.9414209724864,"Significant",-2.88622287792023
"Lcu.1GRN.Chr1p363414745",1,363414745,1.6347456200373e-20,0.188709677419355,NA,2.72215089096577e-17,"GLM","NYC","Cotyledon_RedvsYellow",19.7865498175659,16.5650878051806,"Significant",-0.380883668483323
"Lcu.1GRN.Chr4p422904741",4,422904741,1.63503247367534e-20,0.327639751552795,NA,1.15611578862284e-17,"GLM","NYC","DTF_Sask_2017_b",19.7864736173169,16.9369986677825,"Significant",-3.05756615152848
"Lcu.1GRN.Chr3p224924387",3,224924387,1.63604371232752e-20,0.451863354037267,NA,1.15611578862284e-17,"GLM","NYC","DTF_Sask_2017_b",19.7862050968939,16.9369986677825,"Significant",2.67824939824888
"Lcu.1GRN.Chr3p348503638",3,348503638,1.64127717664753e-20,0.305900621118012,NA,1.15738255781425e-17,"GLM","NYC","DTF_Sask_2017_b",19.7848180696943,16.9365230669026,"Significant",-2.93280882303154
"Lcu.1GRN.Chr2p415233945",2,415233945,1.64855113533246e-20,0.183229813664596,NA,1.16007991577066e-17,"GLM","NYC","DTF_Sask_2017_b",19.7828975772146,16.9355120919949,"Significant",-3.39542291072388
"Lcu.1GRN.Chr3p240545145",3,240545145,1.65396811057081e-20,0.459627329192547,NA,1.16130019734421e-17,"GLM","NYC","DTF_Sask_2017_b",19.781472868143,16.93505550016,"Significant",2.64518638065355
"Lcu.1GRN.Chr1p365773104",1,365773104,1.65455952078387e-20,0.435483870967742,NA,2.74157252378082e-17,"GLM","NYC","Cotyledon_RedvsYellow",19.7813176050027,16.5620002610841,"Significant",-0.341584293586975
"Lcu.1GRN.Chr2p53367633",2,53367633,1.65719019620005e-20,0.254658385093168,NA,1.16130019734421e-17,"GLM","NYC","DTF_Sask_2017_b",19.7806276446163,16.93505550016,"Significant",-3.14072251136025
"Lcu.1GRN.Chr3p348538849",3,348538849,1.66100916479849e-20,0.305900621118012,NA,1.16155648593716e-17,"GLM","NYC","DTF_Sask_2017_b",19.779627971275,16.934959665817,"Significant",-2.92881017994054
"Lcu.1GRN.Chr1p103758902",1,103758902,1.66341315186496e-20,0.37741935483871,NA,2.74273182183021e-17,"GLM","NYC","Cotyledon_RedvsYellow",19.7789998690665,16.5618166546606,"Significant",0.319551052306713
"Lcu.1GRN.Chr3p238699230",3,238699230,1.66610721500186e-20,0.487577639751553,NA,1.16270432694716e-17,"GLM","NYC","DTF_Sask_2017_b",19.7782970549187,16.9345307113257,"Significant",-2.72142467616585
"Lcu.1GRN.Chr5p45837629",5,45837629,1.67835050908919e-20,0.392857142857143,NA,1.16748808812146e-17,"GLM","NYC","DTF_Sask_2017_b",19.7751173353626,16.9327475418449,"Significant",-2.704776155229
"Lcu.1GRN.Chr5p2547134",5,2547134,1.68039973440218e-20,0.309006211180124,NA,1.16748808812146e-17,"GLM","NYC","DTF_Sask_2017_b",19.774587395777,16.9327475418449,"Significant",2.7934349844971
"Lcu.1GRN.Chr3p342909696",3,342909696,1.68337477439496e-20,0.391304347826087,NA,1.16748808812146e-17,"GLM","NYC","DTF_Sask_2017_b",19.7738191850746,16.9327475418449,"Significant",-2.74341104352636
"Lcu.1GRN.Chr6p278940113",6,278940113,1.70234238006485e-20,0.248447204968944,NA,1.17821357892031e-17,"GLM","NYC","DTF_Sask_2017_b",19.7689530888936,16.928775976324,"Significant",-3.10437032502158
"Lcu.1GRN.Chr3p224558847",3,224558847,1.70742800954159e-20,0.462732919254658,NA,1.17930685274225e-17,"GLM","NYC","DTF_Sask_2017_b",19.7676575984622,16.928373177845,"Significant",2.67132484748037
"Lcu.1GRN.Chr2p314231100",2,314231100,1.72943374642464e-20,0.419254658385093,NA,1.19030451874018e-17,"GLM","NYC","DTF_Sask_2017_b",19.7620960708935,16.9243419176915,"Significant",-2.63035313344138
"Lcu.1GRN.Chr4p491978240",4,491978240,1.73042810282801e-20,0.236024844720497,NA,1.19030451874018e-17,"GLM","NYC","DTF_Sask_2017_b",19.7618464403997,16.9243419176915,"Significant",-3.14968052325804
"Lcu.1GRN.Chr1p367669159",1,367669159,1.73678211298754e-20,0.370967741935484,NA,2.84973750731357e-17,"GLM","NYC","Cotyledon_RedvsYellow",19.7602546623028,16.5451951415267,"Significant",-0.35961051146411
"Lcu.1GRN.Chr4p439808609",4,439808609,1.73783197486423e-20,0.327639751552795,NA,1.19295781201868e-17,"GLM","NYC","DTF_Sask_2017_b",19.7599922163321,16.9233749145287,"Significant",-3.06682489919946
"Lcu.1GRN.Chr1p498741745",1,498741745,1.74977215695356e-20,0.0967741935483871,NA,2.85711461707766e-17,"GLM","NYC","Cotyledon_RedvsYellow",19.7570184984108,16.5440723369481,"Significant",-0.659568326331289
"Lcu.1GRN.Chr4p440095631",4,440095631,1.78056633022886e-20,0.335403726708075,NA,1.21980398126291e-17,"GLM","NYC","DTF_Sask_2017_b",19.7494418432108,16.9137099535019,"Significant",-2.85104185154717
"Lcu.1GRN.Chr3p235924570",3,235924570,1.80028594695741e-20,0.496894409937888,NA,1.22884257520524e-17,"GLM","NYC","DTF_Sask_2017_b",19.7446585086063,16.9105037502289,"Significant",-2.63999047838331
"Lcu.1GRN.Chr5p402894045",5,402894045,1.80106666104636e-20,0.322981366459627,NA,1.22884257520524e-17,"GLM","NYC","DTF_Sask_2017_b",19.7444702127836,16.9105037502289,"Significant",-2.90563858896789
"Lcu.1GRN.Chr4p487011627",4,487011627,1.81965130274675e-20,0.242236024844721,NA,1.23900941245145e-17,"GLM","NYC","DTF_Sask_2017_b",19.7400118272907,16.9069253943825,"Significant",-3.1399288754414
"Lcu.1GRN.Chr2p411912944",2,411912944,1.8244315016071e-20,0.298136645962733,NA,1.239754648285e-17,"GLM","NYC","DTF_Sask_2017_b",19.7388724376063,16.906664254708,"Significant",-2.90402221587989
"Lcu.1GRN.Chr6p328654473",6,328654473,1.82991640928112e-20,0.285714285714286,NA,1.24097478395295e-17,"GLM","NYC","DTF_Sask_2017_b",19.737568748421,16.9062370430793,"Significant",-3.05436073771898
"Lcu.1GRN.Chr3p238875348",3,238875348,1.84284493835324e-20,0.493788819875776,NA,1.24722781363997e-17,"GLM","NYC","DTF_Sask_2017_b",19.7345112058827,16.9040542127842,"Significant",2.75918035536504
"Lcu.1GRN.Chr7p30175115",7,30175115,1.86675190935939e-20,0.329192546583851,NA,1.25992441965004e-17,"GLM","NYC","DTF_Sask_2017_b",19.7289133957925,16.8996555065598,"Significant",3.68881550787626
"Lcu.1GRN.Chr2p412303183",2,412303183,1.87048197417908e-20,0.265527950310559,NA,1.25992441965004e-17,"GLM","NYC","DTF_Sask_2017_b",19.7280464727383,16.8996555065598,"Significant",-2.9456306989705
"Lcu.1GRN.Chr1p369007464",1,369007464,1.87615015442015e-20,0.374193548387097,NA,1.26214999798369e-16,"MLM","NYC","Cotyledon_RedvsYellow",19.7267324065612,15.8988890290653,"Significant",-0.358640585975616
"Lcu.1GRN.Chr2p573616353",2,573616353,1.87621957346272e-20,0.214285714285714,NA,1.25992441965004e-17,"GLM","NYC","DTF_Sask_2017_b",19.7267163376184,16.8996555065598,"Significant",-3.80404849695981
"Lcu.1GRN.Chr4p181478836",4,181478836,1.87658757917593e-20,0.403726708074534,NA,1.25992441965004e-17,"GLM","NYC","DTF_Sask_2017_b",19.7266311625244,16.8996555065598,"Significant",2.83439145231503
"Lcu.1GRN.Chr3p240805730",3,240805730,1.90924491212287e-20,0.46583850931677,NA,1.27929677959369e-17,"GLM","NYC","DTF_Sask_2017_b",19.7191383580593,16.8930286933725,"Significant",2.64817040737941
"Lcu.1GRN.Chr3p332307605",3,332307605,1.92868083854617e-20,0.372670807453416,NA,1.28975067121125e-17,"GLM","NYC","DTF_Sask_2017_b",19.7147396342153,16.8894942374393,"Significant",-2.76946083979665
"Lcu.1GRN.Chr2p553459982",2,553459982,1.97863698352929e-20,0.240683229813665,NA,1.31933682806664e-17,"GLM","NYC","DTF_Sask_2017_b",19.7036338776034,16.8796443144642,"Significant",-3.0952899100341
"Lcu.1GRN.Chr2p553914709",2,553914709,1.98076832202223e-20,0.271739130434783,NA,1.31933682806664e-17,"GLM","NYC","DTF_Sask_2017_b",19.7031663181774,16.8796443144642,"Significant",-3.05378134504483
"Lcu.1GRN.Chr3p236219351",3,236219351,1.99399887522377e-20,0.495341614906832,NA,1.32552454478734e-17,"GLM","NYC","DTF_Sask_2017_b",19.7002750910014,16.8776122260093,"Significant",-2.63767530617265
"Lcu.1GRN.Chr2p416131764",2,416131764,2.0125226388535e-20,0.290372670807453,NA,1.33257126469141e-17,"GLM","NYC","DTF_Sask_2017_b",19.6962592255569,16.875309556009,"Significant",-2.89021293049269
"Lcu.1GRN.Chr2p416134230",2,416134230,2.0125226388535e-20,0.290372670807453,NA,1.33257126469141e-17,"GLM","NYC","DTF_Sask_2017_b",19.6962592255569,16.875309556009,"Significant",-2.89021293049269
"Lcu.1GRN.Chr1p331833477",1,331833477,2.01534051270446e-20,0.341935483870968,NA,3.27485044558871e-17,"GLM","NYC","Cotyledon_RedvsYellow",19.6956515647612,16.4848085283863,"Significant",0.327246980697348
"Lcu.1GRN.Chr3p349060928",3,349060928,2.02077419576155e-20,0.31055900621118,NA,1.33456819183354e-17,"GLM","NYC","DTF_Sask_2017_b",19.6944822124686,16.8746592303588,"Significant",-2.91155133618942
"Lcu.1GRN.Chr3p348854798",3,348854798,2.02497778319265e-20,0.309006211180124,NA,1.33456819183354e-17,"GLM","NYC","DTF_Sask_2017_b",19.6935797372344,16.8746592303588,"Significant",-2.92756492400997
"Lcu.1GRN.Chr5p417965973",5,417965973,2.03103541112117e-20,0.312111801242236,NA,1.33456819183354e-17,"GLM","NYC","DTF_Sask_2017_b",19.6922825046009,16.8746592303588,"Significant",-2.86480385391194
"Lcu.1GRN.Chr2p132574526",2,132574526,2.03140889034528e-20,0.28416149068323,NA,1.33456819183354e-17,"GLM","NYC","DTF_Sask_2017_b",19.6922026512148,16.8746592303588,"Significant",-2.93349829491208
"Lcu.1GRN.Chr3p225586353",3,225586353,2.0509424793972e-20,0.43167701863354,NA,1.34477459837699e-17,"GLM","NYC","DTF_Sask_2017_b",19.6880465196563,16.8713505029363,"Significant",2.67790430284438
"Lcu.1GRN.Chr1p367423053",1,367423053,2.06323591420503e-20,0.391935483870968,NA,3.33655997477597e-17,"GLM","NYC","Cotyledon_RedvsYellow",19.6854511111545,16.4767010642854,"Significant",-0.362508750361014
"Lcu.1GRN.Chr3p240642508",3,240642508,2.10213584177297e-20,0.472049689440994,NA,1.37565977955185e-17,"GLM","NYC","DTF_Sask_2017_b",19.677339222929,16.8614889600924,"Significant",2.930040658796
"Lcu.1GRN.Chr5p441937299",5,441937299,2.11404552512199e-20,0.366459627329193,NA,1.37827242286128e-17,"GLM","NYC","DTF_Sask_2017_b",19.6748856645705,16.8606649333339,"Significant",-2.98475428902535
"Lcu.1GRN.Chr5p235883870",5,235883870,2.1143232546487e-20,0.309006211180124,NA,1.37827242286128e-17,"GLM","NYC","DTF_Sask_2017_b",19.6748286135386,16.8606649333339,"Significant",-2.8957706076462
"Lcu.1GRN.Chr5p421172292",5,421172292,2.12451776535807e-20,0.298136645962733,NA,1.38223920150909e-17,"GLM","NYC","DTF_Sask_2017_b",19.6727396329601,16.8594167942222,"Significant",-2.95258518147247
"Lcu.1GRN.Chr4p417443154",4,417443154,2.1322083385486e-20,0.335403726708075,NA,1.38456471469609e-17,"GLM","NYC","DTF_Sask_2017_b",19.6711703625622,16.8586867404756,"Significant",-2.83047683173157
"Lcu.1GRN.Chr2p415512436",2,415512436,2.13898342381171e-20,0.180124223602484,NA,1.38628793317394e-17,"GLM","NYC","DTF_Sask_2017_b",19.6697925810082,16.8581465570248,"Significant",-3.38786995767475
"Lcu.1GRN.Chr2p552628200",2,552628200,2.14549589717601e-20,0.242236024844721,NA,1.38759370144439e-17,"GLM","NYC","DTF_Sask_2017_b",19.6684723116303,16.857737680172,"Significant",-3.08137119217901
"Lcu.1GRN.Chr6p341922120",6,341922120,2.14924864345351e-20,0.495341614906832,NA,1.38759370144439e-17,"GLM","NYC","DTF_Sask_2017_b",19.6677133387043,16.857737680172,"Significant",-2.93152954402286
"Lcu.1GRN.Chr3p235923936",3,235923936,2.1829073896447e-20,0.498447204968944,NA,1.4066245401008e-17,"GLM","NYC","DTF_Sask_2017_b",19.6609646889447,16.8518218101151,"Significant",-2.63598347914125
"Lcu.1GRN.Chr5p441942694",5,441942694,2.18887476806127e-20,0.302795031055901,NA,1.40777292372555e-17,"GLM","NYC","DTF_Sask_2017_b",19.6597790849811,16.8514673920165,"Significant",-2.98279498860376
"Lcu.1GRN.Chr1p367608462",1,367608462,2.19357524855863e-20,0.388709677419355,NA,3.5303651944111e-17,"GLM","NYC","Cotyledon_RedvsYellow",19.6588474629352,16.4521803672144,"Significant",-0.357736073984865
"Lcu.1GRN.Chr2p552107589",2,552107589,2.19405169053789e-20,0.239130434782609,NA,1.40840951334191e-17,"GLM","NYC","DTF_Sask_2017_b",19.6587531449241,16.8512710500759,"Significant",-3.09552260894701
"Lcu.1GRN.Chr2p52960094",2,52960094,2.19988864514033e-20,0.251552795031056,NA,1.40946655980937e-17,"GLM","NYC","DTF_Sask_2017_b",19.6575993019164,16.8509452234905,"Significant",-3.00470549420996
"Lcu.1GRN.Chr3p237880811",3,237880811,2.21922226321684e-20,0.475155279503106,NA,1.41737132950371e-17,"GLM","NYC","DTF_Sask_2017_b",19.6537991994108,16.8485163563666,"Significant",-2.63014169779752
"Lcu.1GRN.Chr4p180280915",4,180280915,2.22065390079424e-20,0.464285714285714,NA,1.41737132950371e-17,"GLM","NYC","DTF_Sask_2017_b",19.6535191229859,16.8485163563666,"Significant",-2.65250140169418
"Lcu.1GRN.Chr2p135924177",2,135924177,2.22772527857465e-20,0.277950310559006,NA,1.41919179692863e-17,"GLM","NYC","DTF_Sask_2017_b",19.652138367069,16.8479589077709,"Significant",-2.93882977486119
"Lcu.1GRN.Chr2p53367602",2,53367602,2.23557210924097e-20,0.239130434782609,NA,1.42149845684132e-17,"GLM","NYC","DTF_Sask_2017_b",19.6506113172339,16.8472536074372,"Significant",-3.18197451655847
"Lcu.1GRN.Chr1p365206960",1,365206960,2.28677280254403e-20,0.362903225806452,NA,1.50822530837908e-16,"MLM","NYC","Cotyledon_RedvsYellow",19.640776981656,15.821533775922,"Significant",-0.352266569050541
"Lcu.1GRN.Chr2p553286458",2,553286458,2.32213819150934e-20,0.288819875776398,NA,1.47375595672344e-17,"GLM","NYC","DTF_Sask_2017_b",19.6341119387645,16.8315744265334,"Significant",-3.10273814267663
"Lcu.1GRN.Chr3p225582316",3,225582316,2.33152433955867e-20,0.43167701863354,NA,1.47692626652416e-17,"GLM","NYC","DTF_Sask_2017_b",19.6323600464412,16.8306411856908,"Significant",2.67218251402285
"Lcu.1GRN.Chr2p44486352",2,44486352,2.36492204981074e-20,0.0802469135802469,NA,6.62901445940573e-16,"GLM","NYC","DTF_Nepal_2017",19.6261831694695,15.1785510336852,"Significant",12.1654270160363
"Lcu.1GRN.Chr5p45837027",5,45837027,2.42842413188413e-20,0.411490683229814,NA,1.53541680445389e-17,"GLM","NYC","DTF_Sask_2017_b",19.6146754600801,16.8137737105433,"Significant",-2.7209065140119
"Lcu.1GRN.Chr4p181401907",4,181401907,2.45009110934311e-20,0.490683229813665,NA,1.54524936835636e-17,"GLM","NYC","DTF_Sask_2017_b",19.6108177656154,16.8110014252604,"Significant",-2.81301647340293
"Lcu.1GRN.Chr2p314231643",2,314231643,2.45316324937433e-20,0.420807453416149,NA,1.54524936835636e-17,"GLM","NYC","DTF_Sask_2017_b",19.6102735500637,16.8110014252604,"Significant",-2.63060034348695
"Lcu.1GRN.Chr4p440503875",4,440503875,2.45886339713325e-20,0.327639751552795,NA,1.54594486785705e-17,"GLM","NYC","DTF_Sask_2017_b",19.6092655979466,16.8108059981359,"Significant",-2.83230363298487
"Lcu.1GRN.Chr1p361408216",1,361408216,2.46040924225279e-20,0.211290322580645,NA,3.94095464566116e-17,"GLM","NYC","Cotyledon_RedvsYellow",19.6089926502665,16.4043985631685,"Significant",-0.342098414076011
"Lcu.1GRN.Chr2p54275965",2,54275965,2.4910832117872e-20,0.263975155279503,NA,1.56328019906572e-17,"GLM","NYC","DTF_Sask_2017_b",19.6036117651105,16.8059631729713,"Significant",-3.10602584758448
"Lcu.1GRN.Chr3p224732683",3,224732683,2.4992366510668e-20,0.430124223602484,NA,1.56547622832288e-17,"GLM","NYC","DTF_Sask_2017_b",19.602192618869,16.8053535227367,"Significant",2.67674119103268
"Lcu.1GRN.Chr2p401786190",2,401786190,2.52125688748719e-20,0.28416149068323,NA,1.57633385775726e-17,"GLM","NYC","DTF_Sask_2017_b",19.5983829023861,16.8023517962206,"Significant",-2.86375208797455
"Lcu.1GRN.Chr3p225582234",3,225582234,2.54143041031665e-20,0.423913043478261,NA,1.58096329550152e-17,"GLM","NYC","DTF_Sask_2017_b",19.5949217776903,16.8010782127662,"Significant",2.71750554356458
"Lcu.1GRN.Chr3p225584908",3,225584908,2.54411065376546e-20,0.433229813664596,NA,1.58096329550152e-17,"GLM","NYC","DTF_Sask_2017_b",19.5944640033716,16.8010782127662,"Significant",2.66079112323392
"Lcu.1GRN.Chr3p225586751",3,225586751,2.54411065376546e-20,0.433229813664596,NA,1.58096329550152e-17,"GLM","NYC","DTF_Sask_2017_b",19.5944640033716,16.8010782127662,"Significant",2.66079112323392
"Lcu.1GRN.Chr3p224721615",3,224721615,2.54746186802457e-20,0.46583850931677,NA,1.58096329550152e-17,"GLM","NYC","DTF_Sask_2017_b",19.5938923080597,16.8010782127662,"Significant",2.66441902803219
"Lcu.1GRN.Chr3p239987127",3,239987127,2.59135648577949e-20,0.458074534161491,NA,1.60524273858599e-17,"GLM","NYC","DTF_Sask_2017_b",19.5864728382078,16.7944592859648,"Significant",2.73723374883522
"Lcu.1GRN.Chr4p486926887",4,486926887,2.59906197194067e-20,0.245341614906832,NA,1.60705639396281e-17,"GLM","NYC","DTF_Sask_2017_b",19.5851833650734,16.7939688829397,"Significant",-3.12182577568399
"Lcu.1GRN.Chr3p348886466",3,348886466,2.63897289019135e-20,0.307453416149068,NA,1.62661869816451e-17,"GLM","NYC","DTF_Sask_2017_b",19.578565071205,16.7887142397434,"Significant",-2.90917936657002
"Lcu.1GRN.Chr4p439348306",4,439348306,2.64037140741458e-20,0.312111801242236,NA,1.62661869816451e-17,"GLM","NYC","DTF_Sask_2017_b",19.5783349788705,16.7887142397434,"Significant",-2.80648422531263
"Lcu.1GRN.Chr5p441069648",5,441069648,2.65027995818978e-20,0.322981366459627,NA,1.62973805977408e-17,"GLM","NYC","DTF_Sask_2017_b",19.5767082476198,16.7878821921213,"Significant",-2.89479725970219
"Lcu.1GRN.Chr1p446631270",1,446631270,2.65739575731733e-20,0.290372670807453,NA,1.6311318224481e-17,"GLM","NYC","DTF_Sask_2017_b",19.5755437627068,16.7875109393593,"Significant",2.95208399048512
"Lcu.1GRN.Chr4p439490780",4,439490780,2.66850620927681e-20,0.316770186335404,NA,1.6336285835457e-17,"GLM","NYC","DTF_Sask_2017_b",19.5737317823108,16.7868466763544,"Significant",-2.79947094886457
"Lcu.1GRN.Chr1p368656438",1,368656438,2.66927336808449e-20,0.470967741935484,NA,4.25523921802121e-17,"GLM","NYC","Cotyledon_RedvsYellow",19.573606946568,16.3710760200339,"Significant",-0.340214340633256
"Lcu.1GRN.Chr6p21968500",6,21968500,2.67117678294878e-20,0.291925465838509,NA,1.6336285835457e-17,"GLM","NYC","DTF_Sask_2017_b",19.573297368692,16.7868466763544,"Significant",-2.85963851038763
"Lcu.1GRN.Chr3p225606032",3,225606032,2.69972162347892e-20,0.450310559006211,NA,1.64808940712293e-17,"GLM","NYC","DTF_Sask_2017_b",19.5686810149595,16.7830192319794,"Significant",2.69597056644307
"Lcu.1GRN.Chr3p239739162",3,239739162,2.72112575410507e-20,0.450310559006211,NA,1.65654777038937e-17,"GLM","NYC","DTF_Sask_2017_b",19.5652513872714,16.7807960357148,"Significant",2.9899295315213
"Lcu.1GRN.Chr2p415230540",2,415230540,2.728351665876e-20,0.18167701863354,NA,1.65654777038937e-17,"GLM","NYC","DTF_Sask_2017_b",19.5640996528182,16.7807960357148,"Significant",-3.37570019874045
"Lcu.1GRN.Chr2p415565174",2,415565174,2.728351665876e-20,0.18167701863354,NA,1.65654777038937e-17,"GLM","NYC","DTF_Sask_2017_b",19.5640996528182,16.7807960357148,"Significant",-3.37570019874045
"Lcu.1GRN.Chr1p367199339",1,367199339,2.74128426449123e-20,0.335483870967742,NA,4.33537611946218e-17,"GLM","NYC","Cotyledon_RedvsYellow",19.5620459268469,16.3629732189441,"Significant",-0.385122589975495
"Lcu.1GRN.Chr1p368963706",1,368963706,2.74532018136572e-20,0.37258064516129,NA,4.33537611946218e-17,"GLM","NYC","Cotyledon_RedvsYellow",19.5614069973373,16.3629732189441,"Significant",-0.357652835324724
"Lcu.1GRN.Chr6p22039846",6,22039846,2.75163417366219e-20,0.288819875776398,NA,1.66467433829538e-17,"GLM","NYC","DTF_Sask_2017_b",19.5604093055094,16.7786707152596,"Significant",-2.87238810559286
"Lcu.1GRN.Chr6p22042229",6,22042229,2.75163417366219e-20,0.288819875776398,NA,1.66467433829538e-17,"GLM","NYC","DTF_Sask_2017_b",19.5604093055094,16.7786707152596,"Significant",-2.87238810559286
"Lcu.1GRN.Chr3p225110850",3,225110850,2.76146933349125e-20,0.447204968944099,NA,1.66762505439579e-17,"GLM","NYC","DTF_Sask_2017_b",19.5588597753154,16.7779015886572,"Significant",2.65474415591529
"Lcu.1GRN.Chr5p309616829",5,309616829,2.78036869316041e-20,0.321428571428571,NA,1.67602916883923e-17,"GLM","NYC","DTF_Sask_2017_b",19.5558976102733,16.775718427379,"Significant",-2.97504898614494
"Lcu.1GRN.Chr1p231345523",1,231345523,2.79212962840286e-20,0.338709677419355,NA,4.36828031031156e-17,"GLM","NYC","Cotyledon_RedvsYellow",19.5540644228708,16.3596895009545,"Significant",0.324981015168591
"Lcu.1GRN.Chr1p297644510",1,297644510,2.79212962840286e-20,0.338709677419355,NA,4.36828031031156e-17,"GLM","NYC","Cotyledon_RedvsYellow",19.5540644228708,16.3596895009545,"Significant",0.324981015168591
"Lcu.1GRN.Chr5p422296827",5,422296827,2.84334449541657e-20,0.307453416149068,NA,1.71092532717314e-17,"GLM","NYC","DTF_Sask_2017_b",19.5461705186442,16.7667689446987,"Significant",-2.97324280092141
"Lcu.1GRN.Chr1p367494512",1,367494512,2.8663804288831e-20,0.37741935483871,NA,1.81923344578391e-16,"MLM","NYC","Cotyledon_RedvsYellow",19.5426661701144,15.7401115682754,"Significant",-0.346954019002953
"Lcu.1GRN.Chr1p365687768",1,365687768,2.86649322396512e-20,0.398387096774194,NA,1.81923344578391e-16,"MLM","NYC","Cotyledon_RedvsYellow",19.5426490805064,15.7401115682754,"Significant",-0.321835102223161
"Lcu.1GRN.Chr6p4717722",6,4717722,2.87536243842715e-20,0.34472049689441,NA,1.72710185236862e-17,"GLM","NYC","DTF_Sask_2017_b",19.5413074048567,16.7626820500311,"Significant",-2.88831938074763
"Lcu.1GRN.Chr2p54389257",2,54389257,2.91298526924692e-20,0.237577639751553,NA,1.7465813120513e-17,"GLM","NYC","DTF_Sask_2017_b",19.5356617115622,16.7578111909864,"Significant",-3.13772564305951
"Lcu.1GRN.Chr3p344047500",3,344047500,2.96043381084492e-20,0.493788819875776,NA,1.77187231254888e-17,"GLM","NYC","DTF_Sask_2017_b",19.5286446443966,16.7515675781338,"Significant",-2.55448752963926
"Lcu.1GRN.Chr1p367494358",1,367494358,2.99076870507528e-20,0.341935483870968,NA,4.64505389453107e-17,"GLM","NYC","Cotyledon_RedvsYellow",19.5242171723895,16.333009242712,"Significant",-0.360798208645111
"Lcu.1GRN.Chr3p240641891",3,240641891,2.99209019984004e-20,0.492236024844721,NA,1.7876383734451e-17,"GLM","NYC","DTF_Sask_2017_b",19.5240253183268,16.7477203313463,"Significant",2.76139381276325
"Lcu.1GRN.Chr1p367684169",1,367684169,2.99665750538323e-20,0.362903225806452,NA,4.64505389453107e-17,"GLM","NYC","Cotyledon_RedvsYellow",19.5233628906953,16.333009242712,"Significant",-0.355371626803076
"Lcu.1GRN.Chr3p332526880",3,332526880,3.00503234060593e-20,0.381987577639752,NA,1.79218743495141e-17,"GLM","NYC","DTF_Sask_2017_b",19.5221508496941,16.7466165718456,"Significant",-2.7527037844286
"Lcu.1GRN.Chr1p368964331",1,368964331,3.02592396812408e-20,0.425806451612903,NA,4.66890352011924e-17,"GLM","NYC","Cotyledon_RedvsYellow",19.5191419886192,16.3307851003919,"Significant",-0.353289788826914
"Lcu.1GRN.Chr2p113454809",2,113454809,3.0504757558715e-20,0.316770186335404,NA,1.81606969659333e-17,"GLM","NYC","DTF_Sask_2017_b",19.5156324222805,16.7408674882681,"Significant",2.75116891691893
"Lcu.1GRN.Chr3p344886683",3,344886683,3.0631737092655e-20,0.436335403726708,NA,1.82040733403624e-17,"GLM","NYC","DTF_Sask_2017_b",19.5138283741251,16.7398314234815,"Significant",-2.72061921873552
"Lcu.1GRN.Chr1p368986944",1,368986944,3.07409343270319e-20,0.35,NA,4.72156888437476e-17,"GLM","NYC","Cotyledon_RedvsYellow",19.5122829368718,16.3259136698801,"Significant",-0.370219155362621
"Lcu.1GRN.Chr1p365206960",1,365206960,3.0929180818889e-20,0.362903225806452,NA,4.72888898386693e-17,"GLM","NYC","Cotyledon_RedvsYellow",19.5096315824394,16.3252408814297,"Significant",-0.350172296074173
"Lcu.1GRN.Chr5p37155244",5,37155244,3.10649275473359e-20,0.383540372670807,NA,1.8428953235123e-17,"GLM","NYC","DTF_Sask_2017_b",19.5077296549538,16.7344993320148,"Significant",-2.70241458840567
"Lcu.1GRN.Chr4p417889058",4,417889058,3.13456225404352e-20,0.357142857142857,NA,1.85624247816717e-17,"GLM","NYC","DTF_Sask_2017_b",19.5038231004241,16.7313652931755,"Significant",-3.15763612580041
"Lcu.1GRN.Chr2p135308162",2,135308162,3.14382459620872e-20,0.270186335403727,NA,1.85624247816717e-17,"GLM","NYC","DTF_Sask_2017_b",19.502541692602,16.7313652931755,"Significant",-2.91702994715065
"Lcu.1GRN.Chr2p553568653",2,553568653,3.14554701428882e-20,0.243788819875776,NA,1.85624247816717e-17,"GLM","NYC","DTF_Sask_2017_b",19.5023038193349,16.7313652931755,"Significant",-3.08859953286337
"Lcu.1GRN.Chr1p364877675",1,364877675,3.14927979982314e-20,0.375806451612903,NA,4.79327510600502e-17,"GLM","NYC","Cotyledon_RedvsYellow",19.5017887524721,16.3193676443253,"Significant",-0.373788787903106
"Lcu.1GRN.Chr1p368421775",1,368421775,3.1695975135625e-20,0.279032258064516,NA,4.80246849929944e-17,"GLM","NYC","Cotyledon_RedvsYellow",19.4989958824941,16.3185354751129,"Significant",-0.429581982126825
"Lcu.1GRN.Chr2p412304185",2,412304185,3.17682832771987e-20,0.267080745341615,NA,1.87141893889694e-17,"GLM","NYC","DTF_Sask_2017_b",19.498006253331,16.727828979745,"Significant",-2.93564072715816
"Lcu.1GRN.Chr4p416670283",4,416670283,3.1955998782469e-20,0.346273291925466,NA,1.87918591651447e-17,"GLM","NYC","DTF_Sask_2017_b",19.4954476040602,16.7260302510213,"Significant",-2.83155186955884
"Lcu.1GRN.Chr4p486696381",4,486696381,3.22069024088126e-20,0.240683229813665,NA,1.88219507284825e-17,"GLM","NYC","DTF_Sask_2017_b",19.4920510426889,16.7253353677997,"Significant",-3.14542524397955
"Lcu.1GRN.Chr1p354861253",1,354861253,3.2208959659073e-20,0.387096774193548,NA,4.85830992540064e-17,"GLM","NYC","Cotyledon_RedvsYellow",19.4920233025513,16.3135147837676,"Significant",0.316703855345824
"Lcu.1GRN.Chr2p216722064",2,216722064,3.22155955787623e-20,0.28416149068323,NA,1.88219507284825e-17,"GLM","NYC","DTF_Sask_2017_b",19.4919338353194,16.7253353677997,"Significant",-2.83236101465882
"Lcu.1GRN.Chr2p54307482",2,54307482,3.22648430779357e-20,0.232919254658385,NA,1.88219507284825e-17,"GLM","NYC","DTF_Sask_2017_b",19.4912704427699,16.7253353677997,"Significant",-3.08425041998876
"Lcu.1GRN.Chr4p439345722",4,439345722,3.22869531503817e-20,0.302795031055901,NA,1.88219507284825e-17,"GLM","NYC","DTF_Sask_2017_b",19.4909729364759,16.7253353677997,"Significant",-2.82276200367376
"Lcu.1GRN.Chr4p439347877",4,439347877,3.22869531503817e-20,0.302795031055901,NA,1.88219507284825e-17,"GLM","NYC","DTF_Sask_2017_b",19.4909729364759,16.7253353677997,"Significant",-2.82276200367376
"Lcu.1GRN.Chr3p239677846",3,239677846,3.2500113633198e-20,0.451863354037267,NA,1.88631989891466e-17,"GLM","NYC","DTF_Sask_2017_b",19.4881151205539,16.7243846538298,"Significant",2.6811340480344
"Lcu.1GRN.Chr6p436535353",6,436535353,3.25142248456265e-20,0.313664596273292,NA,1.88631989891466e-17,"GLM","NYC","DTF_Sask_2017_b",19.4879265953168,16.7243846538298,"Significant",2.93924087847651
"Lcu.1GRN.Chr3p332524100",3,332524100,3.29612104021785e-20,0.375776397515528,NA,1.88631989891466e-17,"GLM","NYC","DTF_Sask_2017_b",19.4819968485121,16.7243846538298,"Significant",-2.72896349932633
"Lcu.1GRN.Chr3p332525450",3,332525450,3.29612104021785e-20,0.375776397515528,NA,1.88631989891466e-17,"GLM","NYC","DTF_Sask_2017_b",19.4819968485121,16.7243846538298,"Significant",-2.72896349932633
"Lcu.1GRN.Chr3p332525454",3,332525454,3.29612104021785e-20,0.375776397515528,NA,1.88631989891466e-17,"GLM","NYC","DTF_Sask_2017_b",19.4819968485121,16.7243846538298,"Significant",-2.72896349932633
"Lcu.1GRN.Chr3p332525980",3,332525980,3.29612104021785e-20,0.375776397515528,NA,1.88631989891466e-17,"GLM","NYC","DTF_Sask_2017_b",19.4819968485121,16.7243846538298,"Significant",-2.72896349932633
"Lcu.1GRN.Chr3p332526700",3,332526700,3.29612104021785e-20,0.375776397515528,NA,1.88631989891466e-17,"GLM","NYC","DTF_Sask_2017_b",19.4819968485121,16.7243846538298,"Significant",-2.72896349932633
"Lcu.1GRN.Chr3p332546365",3,332546365,3.29612104021785e-20,0.375776397515528,NA,1.88631989891466e-17,"GLM","NYC","DTF_Sask_2017_b",19.4819968485121,16.7243846538298,"Significant",-2.72896349932633
"Lcu.1GRN.Chr4p437375414",4,437375414,3.32081071604223e-20,0.346273291925466,NA,1.88631989891466e-17,"GLM","NYC","DTF_Sask_2017_b",19.478755878187,16.7243846538298,"Significant",-2.86435552939122
"Lcu.1GRN.Chr6p278593936",6,278593936,3.32677565827987e-20,0.234472049689441,NA,1.88631989891466e-17,"GLM","NYC","DTF_Sask_2017_b",19.4779764848709,16.7243846538298,"Significant",-3.1110084909798
"Lcu.1GRN.Chr2p133404578",2,133404578,3.33103750634991e-20,0.263975155279503,NA,1.88631989891466e-17,"GLM","NYC","DTF_Sask_2017_b",19.4774204772731,16.7243846538298,"Significant",-2.91227227863746
"Lcu.1GRN.Chr2p134725546",2,134725546,3.33103750634991e-20,0.263975155279503,NA,1.88631989891466e-17,"GLM","NYC","DTF_Sask_2017_b",19.4774204772731,16.7243846538298,"Significant",-2.91227227863746
"Lcu.1GRN.Chr2p135212679",2,135212679,3.33103750634991e-20,0.263975155279503,NA,1.88631989891466e-17,"GLM","NYC","DTF_Sask_2017_b",19.4774204772731,16.7243846538298,"Significant",-2.91227227863746
"Lcu.1GRN.Chr2p135434217",2,135434217,3.33103750634991e-20,0.263975155279503,NA,1.88631989891466e-17,"GLM","NYC","DTF_Sask_2017_b",19.4774204772731,16.7243846538298,"Significant",-2.91227227863746
"Lcu.1GRN.Chr3p348543724",3,348543724,3.3376320933679e-20,0.304347826086957,NA,1.88631989891466e-17,"GLM","NYC","DTF_Sask_2017_b",19.4765615372272,16.7243846538298,"Significant",-2.91135047902019
"Lcu.1GRN.Chr3p348588881",3,348588881,3.3376320933679e-20,0.304347826086957,NA,1.88631989891466e-17,"GLM","NYC","DTF_Sask_2017_b",19.4765615372272,16.7243846538298,"Significant",-2.91135047902019
"Lcu.1GRN.Chr3p348853408",3,348853408,3.3376320933679e-20,0.304347826086957,NA,1.88631989891466e-17,"GLM","NYC","DTF_Sask_2017_b",19.4765615372272,16.7243846538298,"Significant",-2.91135047902019
"Lcu.1GRN.Chr3p349041600",3,349041600,3.3376320933679e-20,0.304347826086957,NA,1.88631989891466e-17,"GLM","NYC","DTF_Sask_2017_b",19.4765615372272,16.7243846538298,"Significant",-2.91135047902019
"Lcu.1GRN.Chr1p365311297",1,365311297,3.34049324069628e-20,0.311290322580645,NA,4.99285417656124e-17,"GLM","NYC","Cotyledon_RedvsYellow",19.4761894026803,16.3016511179504,"Significant",-0.36279322757038
"Lcu.1GRN.Chr2p552304153",2,552304153,3.34232151118611e-20,0.242236024844721,NA,1.88631989891466e-17,"GLM","NYC","DTF_Sask_2017_b",19.4759517759214,16.7243846538298,"Significant",-3.07667586016161
"Lcu.1GRN.Chr5p403498996",5,403498996,3.3491985564662e-20,0.31832298136646,NA,1.88691141747132e-17,"GLM","NYC","DTF_Sask_2017_b",19.4750591046484,16.7242484876498,"Significant",-2.87710450274155
"Lcu.1GRN.Chr1p352115312",1,352115312,3.35090774165325e-20,0.22258064516129,NA,4.99285417656124e-17,"GLM","NYC","Cotyledon_RedvsYellow",19.4748375291455,16.3016511179504,"Significant",-0.326250551231114
"Lcu.1GRN.Chr2p314231512",2,314231512,3.35458896873906e-20,0.420807453416149,NA,1.88691141747132e-17,"GLM","NYC","DTF_Sask_2017_b",19.4743606854933,16.7242484876498,"Significant",-2.62186622812825
"Lcu.1GRN.Chr1p368421751",1,368421751,3.35462469238314e-20,0.317741935483871,NA,4.99285417656124e-17,"GLM","NYC","Cotyledon_RedvsYellow",19.4743560606349,16.3016511179504,"Significant",-0.396283745436075
"Lcu.1GRN.Chr2p553371844",2,553371844,3.38601767589493e-20,0.242236024844721,NA,1.90141002936185e-17,"GLM","NYC","DTF_Sask_2017_b",19.4703107790908,16.7209242196482,"Significant",-3.09428575983578
"Lcu.1GRN.Chr1p240454407",1,240454407,3.38919412747727e-20,0.337096774193548,NA,5.00005728542608e-17,"GLM","NYC","Cotyledon_RedvsYellow",19.469903554775,16.3010250199436,"Significant",0.324875132737481
"Lcu.1GRN.Chr1p309150460",1,309150460,3.38919412747727e-20,0.337096774193548,NA,5.00005728542608e-17,"GLM","NYC","Cotyledon_RedvsYellow",19.469903554775,16.3010250199436,"Significant",0.324875132737481
"Lcu.1GRN.Chr2p402142475",2,402142475,3.46033849453225e-20,0.291925465838509,NA,1.93990613065055e-17,"GLM","NYC","DTF_Sask_2017_b",19.4608814159133,16.712219284465,"Significant",-2.86014019100237
"Lcu.1GRN.Chr1p368965128",1,368965128,3.49713653979961e-20,0.367741935483871,NA,2.17837282681996e-16,"MLM","NYC","Cotyledon_RedvsYellow",19.456287411064,15.6618677890551,"Significant",-0.357676577951685
"Lcu.1GRN.Chr4p439620944",4,439620944,3.58540262093761e-20,0.324534161490683,NA,2.00558658673538e-17,"GLM","NYC","DTF_Sask_2017_b",19.4454620683829,16.6977585835803,"Significant",-2.77837550489487
"Lcu.1GRN.Chr5p404775382",5,404775382,3.58942204560702e-20,0.354037267080745,NA,2.00558658673538e-17,"GLM","NYC","DTF_Sask_2017_b",19.4449754741544,16.6977585835803,"Significant",-2.9636300385047
"Lcu.1GRN.Chr4p439061181",4,439061181,3.60255408859901e-20,0.343167701863354,NA,2.00958592225503e-17,"GLM","NYC","DTF_Sask_2017_b",19.4433894899855,16.6968934202938,"Significant",-2.80773555589639
"Lcu.1GRN.Chr1p368965430",1,368965430,3.61130696983102e-20,0.374193548387097,NA,2.20858998458391e-16,"MLM","NYC","Cotyledon_RedvsYellow",19.4423355939222,15.6558849015846,"Significant",-0.348276816160873
"Lcu.1GRN.Chr5p45837105",5,45837105,3.61345321179837e-20,0.394409937888199,NA,2.01232850412745e-17,"GLM","NYC","DTF_Sask_2017_b",19.4420775642999,16.6963011210891,"Significant",-2.67836299036658
"Lcu.1GRN.Chr2p411835590",2,411835590,3.63915549944865e-20,0.309006211180124,NA,2.02329226096371e-17,"GLM","NYC","DTF_Sask_2017_b",19.4389993868129,16.6939413796335,"Significant",-2.97759088995811
"Lcu.1GRN.Chr2p551395758",2,551395758,3.65221877544297e-20,0.274844720496894,NA,2.02720441062611e-17,"GLM","NYC","DTF_Sask_2017_b",19.4374432152227,16.6931024575571,"Significant",-3.05385023548985
"Lcu.1GRN.Chr2p54304915",2,54304915,3.69812923628735e-20,0.313664596273292,NA,2.04434388366778e-17,"GLM","NYC","DTF_Sask_2017_b",19.4320179158849,16.689446048744,"Significant",-3.03132268221991
"Lcu.1GRN.Chr1p99872019",1,99872019,3.70581067824122e-20,0.382258064516129,NA,5.42089843328695e-17,"GLM","NYC","Cotyledon_RedvsYellow",19.4311167716052,16.2659287296455,"Significant",0.320825976015686
"Lcu.1GRN.Chr3p332542728",3,332542728,3.70611892528875e-20,0.377329192546584,NA,2.04434388366778e-17,"GLM","NYC","DTF_Sask_2017_b",19.4310806487602,16.689446048744,"Significant",-2.72725730193531
"Lcu.1GRN.Chr1p357633165",1,357633165,3.70668537536679e-20,0.491935483870968,NA,5.42089843328695e-17,"GLM","NYC","Cotyledon_RedvsYellow",19.4310142754598,16.2659287296455,"Significant",-0.29794717243599
"Lcu.1GRN.Chr5p404862253",5,404862253,3.70969318220183e-20,0.321428571428571,NA,2.04434388366778e-17,"GLM","NYC","DTF_Sask_2017_b",19.4306620081173,16.689446048744,"Significant",-2.90687655229617
"Lcu.1GRN.Chr1p437610163",1,437610163,3.71348590355479e-20,0.383540372670807,NA,2.04434388366778e-17,"GLM","NYC","DTF_Sask_2017_b",19.4302182203333,16.689446048744,"Significant",2.63014475902123
"Lcu.1GRN.Chr1p437610216",1,437610216,3.71348590355479e-20,0.383540372670807,NA,2.04434388366778e-17,"GLM","NYC","DTF_Sask_2017_b",19.4302182203333,16.689446048744,"Significant",2.63014475902123
"Lcu.1GRN.Chr3p234412350",3,234412350,3.72397408068254e-20,0.492236024844721,NA,2.04443729240069e-17,"GLM","NYC","DTF_Sask_2017_b",19.4289933504232,16.6894262057171,"Significant",-2.56668611155681
"Lcu.1GRN.Chr5p231762397",5,231762397,3.72581156962967e-20,0.31055900621118,NA,2.04443729240069e-17,"GLM","NYC","DTF_Sask_2017_b",19.4287791130306,16.6894262057171,"Significant",-2.88055063691971
"Lcu.1GRN.Chr1p367587823",1,367587823,3.74732753431149e-20,0.398387096774194,NA,5.4566117780682e-17,"GLM","NYC","Cotyledon_RedvsYellow",19.4262783458367,16.263076943897,"Significant",-0.344757825611765
"Lcu.1GRN.Chr4p416805051",4,416805051,3.75457572762833e-20,0.335403726708075,NA,2.05686542960123e-17,"GLM","NYC","DTF_Sask_2017_b",19.4254391317784,16.6867941210877,"Significant",-2.82657004966781
"Lcu.1GRN.Chr2p126487481",2,126487481,3.78878080797505e-20,0.363354037267081,NA,2.07113365163562e-17,"GLM","NYC","DTF_Sask_2017_b",19.4215005192012,16.6837918748897,"Significant",2.94572784466543
"Lcu.1GRN.Chr4p417503097",4,417503097,3.79293548239732e-20,0.33695652173913,NA,2.07113365163562e-17,"GLM","NYC","DTF_Sask_2017_b",19.4210245445572,16.6837918748897,"Significant",-2.78860386429388
"Lcu.1GRN.Chr3p238331796",3,238331796,3.80353971397038e-20,0.486024844720497,NA,2.07355793025782e-17,"GLM","NYC","DTF_Sask_2017_b",19.4198120447782,16.6832838269796,"Significant",-2.63342880067153
"Lcu.1GRN.Chr5p420458002",5,420458002,3.83320005071e-20,0.332298136645963,NA,2.08634628067503e-17,"GLM","NYC","DTF_Sask_2017_b",19.4164385147784,16.6806136080354,"Significant",-2.87574941525357
"Lcu.1GRN.Chr2p201861319",2,201861319,3.8538342568142e-20,0.262422360248447,NA,2.09321591209059e-17,"GLM","NYC","DTF_Sask_2017_b",19.4141069671323,16.6791859725245,"Significant",-2.91552779616944
"Lcu.1GRN.Chr3p240993775",3,240993775,3.85826750393519e-20,0.478260869565217,NA,2.09321591209059e-17,"GLM","NYC","DTF_Sask_2017_b",19.4136076648582,16.6791859725245,"Significant",2.73876074637505
"Lcu.1GRN.Chr1p446647193",1,446647193,3.86468192487209e-20,0.254658385093168,NA,2.09331958940974e-17,"GLM","NYC","DTF_Sask_2017_b",19.4128862440373,16.679164462382,"Significant",2.95739357050284
"Lcu.1GRN.Chr6p21968352",6,21968352,3.93668888896006e-20,0.295031055900621,NA,2.12547709713134e-17,"GLM","NYC","DTF_Sask_2017_b",19.4048689055417,16.672543570369,"Significant",-2.83588459982175
"Lcu.1GRN.Chr6p21968372",6,21968372,3.93668888896006e-20,0.295031055900621,NA,2.12547709713134e-17,"GLM","NYC","DTF_Sask_2017_b",19.4048689055417,16.672543570369,"Significant",-2.83588459982175
"Lcu.1GRN.Chr1p436049603",1,436049603,3.9604249590333e-20,0.468944099378882,NA,2.13486580479992e-17,"GLM","NYC","DTF_Sask_2017_b",19.4022582111802,16.6706294190308,"Significant",2.63793315864223
"Lcu.1GRN.Chr1p367431270",1,367431270,3.99631454206043e-20,0.364516129032258,NA,2.38248339247786e-16,"MLM","NYC","Cotyledon_RedvsYellow",19.398340336636,15.6229701180056,"Significant",-0.353776676207918
"Lcu.1GRN.Chr2p135413841",2,135413841,4.00157970759238e-20,0.262422360248447,NA,2.15359897840596e-17,"GLM","NYC","DTF_Sask_2017_b",19.3977685279584,16.6668351634706,"Significant",-2.90521911774626
"Lcu.1GRN.Chr1p369133533",1,369133533,4.03730310557332e-20,0.393548387096774,NA,2.38248339247786e-16,"MLM","NYC","Cotyledon_RedvsYellow",19.393908644165,15.6229701180056,"Significant",-0.311102741645341
"Lcu.1GRN.Chr6p278085089",6,278085089,4.0524496262181e-20,0.237577639751553,NA,2.17573260468175e-17,"GLM","NYC","DTF_Sask_2017_b",19.3922823749228,16.6623944800432,"Significant",-3.07974460371739
"Lcu.1GRN.Chr3p332450504",3,332450504,4.05564262586834e-20,0.386645962732919,NA,2.17573260468175e-17,"GLM","NYC","DTF_Sask_2017_b",19.3919403210444,16.6623944800432,"Significant",-2.71568612789393
"Lcu.1GRN.Chr1p367682602",1,367682602,4.10271709382276e-20,0.333870967741935,NA,5.94835620990465e-17,"GLM","NYC","Cotyledon_RedvsYellow",19.3869284291281,16.2256030321871,"Significant",-0.370707832823478
"Lcu.1GRN.Chr4p440559049",4,440559049,4.14290003615622e-20,0.299689440993789,NA,2.21674256716897e-17,"GLM","NYC","DTF_Sask_2017_b",19.3826955456468,16.6542847390684,"Significant",-2.82445085131907
"Lcu.1GRN.Chr2p128513503",2,128513503,4.14526714793449e-20,0.458074534161491,NA,2.21674256716897e-17,"GLM","NYC","DTF_Sask_2017_b",19.382447475455,16.6542847390684,"Significant",-2.87269070061475
"Lcu.1GRN.Chr6p219683583",6,219683583,4.21200105954202e-20,0.220496894409938,NA,2.24885422284916e-17,"GLM","NYC","DTF_Sask_2017_b",19.3755115282384,16.6480386958601,"Significant",-3.16240174012944
"Lcu.1GRN.Chr2p54305397",2,54305397,4.26016354239415e-20,0.236024844720497,NA,2.27096423179793e-17,"GLM","NYC","DTF_Sask_2017_b",19.3705737285508,16.6437897059631,"Significant",-3.02122743694672
"Lcu.1GRN.Chr1p248361933",1,248361933,4.26191646242051e-20,0.335483870967742,NA,6.15265259534335e-17,"GLM","NYC","Cotyledon_RedvsYellow",19.3703950671196,16.2109376063137,"Significant",0.324517074077169
"Lcu.1GRN.Chr1p367612579",1,367612579,4.29790035320951e-20,0.359677419354839,NA,2.49253766915177e-16,"MLM","NYC","Cotyledon_RedvsYellow",19.3667436578425,15.6033582695735,"Significant",-0.329259938508121
"Lcu.1GRN.Chr4p486513216",4,486513216,4.29866533363062e-20,0.242236024844721,NA,2.28786259854008e-17,"GLM","NYC","DTF_Sask_2017_b",19.3666663649354,16.6405700613859,"Significant",-3.13653444448255
"Lcu.1GRN.Chr2p314231578",2,314231578,4.3062989654166e-20,0.419254658385093,NA,2.28830468262288e-17,"GLM","NYC","DTF_Sask_2017_b",19.3658958225098,16.6404861506953,"Significant",-2.61109994891562
"Lcu.1GRN.Chr4p440561453",4,440561453,4.34552374111924e-20,0.299689440993789,NA,2.30550596881554e-17,"GLM","NYC","DTF_Sask_2017_b",19.3619578730311,16.637233749081,"Significant",-2.82141376873182
"Lcu.1GRN.Chr2p314222505",2,314222505,4.37455028485335e-20,0.422360248447205,NA,2.31725095380357e-17,"GLM","NYC","DTF_Sask_2017_b",19.3590665869492,16.6350269304093,"Significant",-2.59339007475333
"Lcu.1GRN.Chr3p348855019",3,348855019,4.41602220568703e-20,0.302795031055901,NA,2.33253296666853e-17,"GLM","NYC","DTF_Sask_2017_b",19.3549687514512,16.6321722094717,"Significant",-2.9079975429587
"Lcu.1GRN.Chr3p158675883",3,158675883,4.41726893472859e-20,0.476708074534162,NA,2.33253296666853e-17,"GLM","NYC","DTF_Sask_2017_b",19.3548461589682,16.6321722094717,"Significant",3.35168592394317
"Lcu.1GRN.Chr2p400740191",2,400740191,4.44176891459066e-20,0.363354037267081,NA,2.33813131213265e-17,"GLM","NYC","DTF_Sask_2017_b",19.3524440396031,16.6311311020137,"Significant",-2.86518740324071
"Lcu.1GRN.Chr3p220399363",3,220399363,4.44177314793889e-20,0.332298136645963,NA,2.33813131213265e-17,"GLM","NYC","DTF_Sask_2017_b",19.3524436256872,16.6311311020137,"Significant",2.719975082912
"Lcu.1GRN.Chr1p263734719",1,263734719,4.46344869513022e-20,0.335483870967742,NA,6.4160549027131e-17,"GLM","NYC","Cotyledon_RedvsYellow",19.3503294528359,16.1927319284141,"Significant",0.324897337510303
"Lcu.1GRN.Chr3p344049630",3,344049630,4.48107914630213e-20,0.468944099378882,NA,2.35513617063157e-17,"GLM","NYC","DTF_Sask_2017_b",19.3486173853664,16.6279839775184,"Significant",-2.54394752365152
"Lcu.1GRN.Chr2p415394295",2,415394295,4.52295554348594e-20,0.187888198757764,NA,2.37343679765325e-17,"GLM","NYC","DTF_Sask_2017_b",19.3445776809504,16.6246223286374,"Significant",-3.28813685489638
"Lcu.1GRN.Chr4p417443160",4,417443160,4.53369670470158e-20,0.335403726708075,NA,2.37536753811582e-17,"GLM","NYC","DTF_Sask_2017_b",19.3435475366754,16.6242691829124,"Significant",-2.80872619690975
"Lcu.1GRN.Chr3p346350820",3,346350820,4.54675391900823e-20,0.478260869565217,NA,2.37850384988342e-17,"GLM","NYC","DTF_Sask_2017_b",19.3422985501953,16.6236961412877,"Significant",-2.58883550454684
"Lcu.1GRN.Chr3p240449106",3,240449106,4.5670721090537e-20,0.481366459627329,NA,2.38542289457464e-17,"GLM","NYC","DTF_Sask_2017_b",19.3403621313059,16.6224346168338,"Significant",-2.82520380011314
"Lcu.1GRN.Chr3p332305208",3,332305208,4.5865708986863e-20,0.381987577639752,NA,2.39189316818359e-17,"GLM","NYC","DTF_Sask_2017_b",19.3385118888303,16.6212582216337,"Significant",-2.80177401815251
"Lcu.1GRN.Chr3p332525778",3,332525778,4.63591092851659e-20,0.37888198757764,NA,2.41388150354851e-17,"GLM","NYC","DTF_Sask_2017_b",19.3338649168899,16.6172840530531,"Significant",-2.71600328603377
"Lcu.1GRN.Chr2p103156260",2,103156260,4.68648439907522e-20,0.364906832298137,NA,2.43526545045331e-17,"GLM","NYC","DTF_Sask_2017_b",19.3291528243663,16.613453692608,"Significant",-2.93249069620795
"Lcu.1GRN.Chr5p6639227",5,6639227,4.69145906671506e-20,0.237577639751553,NA,2.43526545045331e-17,"GLM","NYC","DTF_Sask_2017_b",19.3286920685693,16.613453692608,"Significant",-3.06440153840012
"Lcu.1GRN.Chr2p314222430",2,314222430,4.70724887627668e-20,0.425465838509317,NA,2.43680252716388e-17,"GLM","NYC","DTF_Sask_2017_b",19.3272328395654,16.6131796636088,"Significant",-2.59908751499143
"Lcu.1GRN.Chr6p278095489",6,278095489,4.70890914583334e-20,0.246894409937888,NA,2.43680252716388e-17,"GLM","NYC","DTF_Sask_2017_b",19.3270796887979,16.6131796636088,"Significant",-3.05435740409393
"Lcu.1GRN.Chr2p109565078",2,109565078,4.73625377196156e-20,0.312111801242236,NA,2.44343477379355e-17,"GLM","NYC","DTF_Sask_2017_b",19.3245650358439,16.6119992497439,"Significant",2.74672215773768
"Lcu.1GRN.Chr2p113462352",2,113462352,4.73625377196156e-20,0.312111801242236,NA,2.44343477379355e-17,"GLM","NYC","DTF_Sask_2017_b",19.3245650358439,16.6119992497439,"Significant",2.74672215773768
"Lcu.1GRN.Chr3p224223254",3,224223254,4.7857880528037e-20,0.475155279503106,NA,2.46520852979697e-17,"GLM","NYC","DTF_Sask_2017_b",19.3200465388057,16.6081463382489,"Significant",2.63239689281693
"Lcu.1GRN.Chr1p367500108",1,367500108,4.79822157180012e-20,0.35,NA,6.86792934230506e-17,"GLM","NYC","Cotyledon_RedvsYellow",19.3189197010976,16.1631741815375,"Significant",-0.355103338092418
"Lcu.1GRN.Chr6p21969253",6,21969253,4.8298037830486e-20,0.293478260869565,NA,2.47805825954418e-17,"GLM","NYC","DTF_Sask_2017_b",19.3160705126585,16.6058884875075,"Significant",-2.84836004621562
"Lcu.1GRN.Chr6p21969265",6,21969265,4.8298037830486e-20,0.293478260869565,NA,2.47805825954418e-17,"GLM","NYC","DTF_Sask_2017_b",19.3160705126585,16.6058884875075,"Significant",-2.84836004621562
"Lcu.1GRN.Chr4p486926633",4,486926633,4.84091700419523e-20,0.245341614906832,NA,2.47805825954418e-17,"GLM","NYC","DTF_Sask_2017_b",19.3150723631201,16.6058884875075,"Significant",-3.12410658708593
"Lcu.1GRN.Chr3p240395253",3,240395253,4.84756927635608e-20,0.450310559006211,NA,2.47805825954418e-17,"GLM","NYC","DTF_Sask_2017_b",19.3144759757254,16.6058884875075,"Significant",2.61234014464522
"Lcu.1GRN.Chr3p240395597",3,240395597,4.84756927635608e-20,0.450310559006211,NA,2.47805825954418e-17,"GLM","NYC","DTF_Sask_2017_b",19.3144759757254,16.6058884875075,"Significant",2.61234014464522
"Lcu.1GRN.Chr1p367622297",1,367622297,4.84914677774933e-20,0.348387096774194,NA,6.91141082284411e-17,"GLM","NYC","Cotyledon_RedvsYellow",19.3143346701221,16.1604332912603,"Significant",-0.367231993689267
"Lcu.1GRN.Chr6p237365204",6,237365204,4.85530491889614e-20,0.329192546583851,NA,2.47824635759383e-17,"GLM","NYC","DTF_Sask_2017_b",19.313783490692,16.6058555234541,"Significant",-3.12028206027973
"Lcu.1GRN.Chr1p361295000",1,361295000,4.92540608050726e-20,0.158064516129032,NA,6.99048129570458e-17,"GLM","NYC","Cotyledon_RedvsYellow",19.3075579578053,16.1554929219835,"Significant",-0.37327786779615
"Lcu.1GRN.Chr4p439338144",4,439338144,4.94919439790165e-20,0.305900621118012,NA,2.52234192733179e-17,"GLM","NYC","DTF_Sask_2017_b",19.3054654873329,16.5981960410429,"Significant",-2.8025702224779
"Lcu.1GRN.Chr3p225602235",3,225602235,4.98867598530294e-20,0.380434782608696,NA,2.53861720899908e-17,"GLM","NYC","DTF_Sask_2017_b",19.3020147025881,16.5954027802419,"Significant",2.78593472874087
"Lcu.1GRN.Chr2p54577849",2,54577849,5.00073716307337e-20,0.240683229813665,NA,2.540910811679e-17,"GLM","NYC","DTF_Sask_2017_b",19.3009659712125,16.5950105788203,"Significant",-3.13720025069711
"Lcu.1GRN.Chr3p346519843",3,346519843,5.04633217468581e-20,0.313664596273292,NA,2.56021058009433e-17,"GLM","NYC","DTF_Sask_2017_b",19.2970241654544,16.5917243120273,"Significant",-3.03058382433525
"Lcu.1GRN.Chr5p420457981",5,420457981,5.08134266762322e-20,0.330745341614907,NA,2.57409034500063e-17,"GLM","NYC","DTF_Sask_2017_b",19.2940215168315,16.5893762143677,"Significant",-2.85851859409335
"Lcu.1GRN.Chr3p332526896",3,332526896,5.10206803938887e-20,0.380434782608696,NA,2.58070273715055e-17,"GLM","NYC","DTF_Sask_2017_b",19.2922537540888,16.58826201756,"Significant",-2.74001544426608
"Lcu.1GRN.Chr4p420566249",4,420566249,5.12453262374936e-20,0.375776397515528,NA,2.58691417255288e-17,"GLM","NYC","DTF_Sask_2017_b",19.2903457377225,16.5872179798668,"Significant",-3.00928118051839
"Lcu.1GRN.Chr2p415404102",2,415404102,5.13074576092854e-20,0.186335403726708,NA,2.58691417255288e-17,"GLM","NYC","DTF_Sask_2017_b",19.2898195050019,16.5872179798668,"Significant",-3.30068399357319
"Lcu.1GRN.Chr2p425612987",2,425612987,5.14211238981745e-20,0.169254658385093,NA,2.58691417255288e-17,"GLM","NYC","DTF_Sask_2017_b",19.2888584353275,16.5872179798668,"Significant",-4.1981545793443
"Lcu.1GRN.Chr2p551395744",2,551395744,5.15113150733218e-20,0.27639751552795,NA,2.58691417255288e-17,"GLM","NYC","DTF_Sask_2017_b",19.2880973625287,16.5872179798668,"Significant",-3.03861612042111
"Lcu.1GRN.Chr1p445788717",1,445788717,5.18356483335358e-20,0.279503105590062,NA,2.58691417255288e-17,"GLM","NYC","DTF_Sask_2017_b",19.2853714651633,16.5872179798668,"Significant",2.81145038096095
"Lcu.1GRN.Chr1p445791283",1,445791283,5.18356483335358e-20,0.279503105590062,NA,2.58691417255288e-17,"GLM","NYC","DTF_Sask_2017_b",19.2853714651633,16.5872179798668,"Significant",2.81145038096095
"Lcu.1GRN.Chr1p445792800",1,445792800,5.18356483335358e-20,0.279503105590062,NA,2.58691417255288e-17,"GLM","NYC","DTF_Sask_2017_b",19.2853714651633,16.5872179798668,"Significant",2.81145038096095
"Lcu.1GRN.Chr1p446411579",1,446411579,5.18356483335358e-20,0.279503105590062,NA,2.58691417255288e-17,"GLM","NYC","DTF_Sask_2017_b",19.2853714651633,16.5872179798668,"Significant",2.81145038096095
"Lcu.1GRN.Chr1p446608224",1,446608224,5.18356483335358e-20,0.279503105590062,NA,2.58691417255288e-17,"GLM","NYC","DTF_Sask_2017_b",19.2853714651633,16.5872179798668,"Significant",2.81145038096095
"Lcu.1GRN.Chr6p342297255",6,342297255,5.20498230414315e-20,0.350931677018634,NA,2.59375449288551e-17,"GLM","NYC","DTF_Sask_2017_b",19.2835807426618,16.586071133661,"Significant",2.65043963842371
"Lcu.1GRN.Chr2p398654989",2,398654989,5.25056151171237e-20,0.313664596273292,NA,2.60351262801475e-17,"GLM","NYC","DTF_Sask_2017_b",19.2797942492801,16.5844403114917,"Significant",-2.76872123369481
"Lcu.1GRN.Chr4p439345815",4,439345815,5.25433340372321e-20,0.309006211180124,NA,2.60351262801475e-17,"GLM","NYC","DTF_Sask_2017_b",19.279482373346,16.5844403114917,"Significant",-2.80288764705976
"Lcu.1GRN.Chr5p395213806",5,395213806,5.26326478831166e-20,0.377329192546584,NA,2.60351262801475e-17,"GLM","NYC","DTF_Sask_2017_b",19.2787447806174,16.5844403114917,"Significant",-2.68318452744717
"Lcu.1GRN.Chr5p408826506",5,408826506,5.26326478831166e-20,0.377329192546584,NA,2.60351262801475e-17,"GLM","NYC","DTF_Sask_2017_b",19.2787447806174,16.5844403114917,"Significant",-2.68318452744717
"Lcu.1GRN.Chr5p408826510",5,408826510,5.26326478831166e-20,0.377329192546584,NA,2.60351262801475e-17,"GLM","NYC","DTF_Sask_2017_b",19.2787447806174,16.5844403114917,"Significant",-2.68318452744717
"Lcu.1GRN.Chr5p3937524",5,3937524,5.30061425617725e-20,0.234472049689441,NA,2.61813761454857e-17,"GLM","NYC","DTF_Sask_2017_b",19.275673799718,16.5820075297989,"Significant",-3.02626067453909
"Lcu.1GRN.Chr2p133088780",2,133088780,5.32150672264895e-20,0.256211180124224,NA,2.62460300847105e-17,"GLM","NYC","DTF_Sask_2017_b",19.2739653848692,16.5809363776938,"Significant",-2.93970389656592
"Lcu.1GRN.Chr1p287083912",1,287083912,5.32402502631777e-20,0.338709677419355,NA,7.52448036145979e-17,"GLM","NYC","Cotyledon_RedvsYellow",19.2737599117311,16.1235234869558,"Significant",0.323875071008538
"Lcu.1GRN.Chr2p125617868",2,125617868,5.36081404013932e-20,0.374223602484472,NA,2.64011850108279e-17,"GLM","NYC","DTF_Sask_2017_b",19.2707692576398,16.5783765794895,"Significant",2.63565856086265
"Lcu.1GRN.Chr2p117059436",2,117059436,5.40034651223851e-20,0.31832298136646,NA,2.65365896569254e-17,"GLM","NYC","DTF_Sask_2017_b",19.2675783728576,16.5761548911304,"Significant",2.89461001138359
"Lcu.1GRN.Chr1p385772554",1,385772554,5.40355830102824e-20,0.146774193548387,NA,7.60493177841827e-17,"GLM","NYC","Cotyledon_RedvsYellow",19.2673201584039,16.1189046775202,"Significant",-0.458419029569574
"Lcu.1GRN.Chr5p417929937",5,417929937,5.40408658251073e-20,0.313664596273292,NA,2.65365896569254e-17,"GLM","NYC","DTF_Sask_2017_b",19.2672777014699,16.5761548911304,"Significant",-2.82781241931576
"Lcu.1GRN.Chr1p367658998",1,367658998,5.42959076950085e-20,0.338709677419355,NA,7.60972982651955e-17,"GLM","NYC","Cotyledon_RedvsYellow",19.2652329021322,16.1186307620119,"Significant",-0.425145835836343
"Lcu.1GRN.Chr2p135400076",2,135400076,5.43090563639314e-20,0.268633540372671,NA,2.66294086909133e-17,"GLM","NYC","DTF_Sask_2017_b",19.2651277431381,16.574638477013,"Significant",-2.89234241719332
"Lcu.1GRN.Chr2p401972253",2,401972253,5.45114506888056e-20,0.319875776397516,NA,2.66897425528988e-17,"GLM","NYC","DTF_Sask_2017_b",19.2635122601341,16.5736556153618,"Significant",-2.87115525777466
"Lcu.1GRN.Chr5p372439044",5,372439044,5.53294520182904e-20,0.305900621118012,NA,2.70508746904597e-17,"GLM","NYC","DTF_Sask_2017_b",19.2570436310078,16.5678186874114,"Significant",-2.85091074404812
"Lcu.1GRN.Chr4p440120091",4,440120091,5.56686760850492e-20,0.335403726708075,NA,2.71772214349778e-17,"GLM","NYC","DTF_Sask_2017_b",19.2543891069811,16.5657949470568,"Significant",-2.81194142051289
"Lcu.1GRN.Chr2p131960034",2,131960034,5.58973110220339e-20,0.288819875776398,NA,2.72492910384761e-17,"GLM","NYC","DTF_Sask_2017_b",19.252609083641,16.5646447925463,"Significant",-2.86391634468904
"Lcu.1GRN.Chr5p3943837",5,3943837,5.6084511391512e-20,0.234472049689441,NA,2.72922168982113e-17,"GLM","NYC","DTF_Sask_2017_b",19.2511570593489,16.5639611859294,"Significant",-3.03722318522885
"Lcu.1GRN.Chr6p2134405",6,2134405,5.61927595668218e-20,0.361801242236025,NA,2.72922168982113e-17,"GLM","NYC","DTF_Sask_2017_b",19.25031963964,16.5639611859294,"Significant",-2.85337608258624
"Lcu.1GRN.Chr2p135309003",2,135309003,5.62287807973446e-20,0.265527950310559,NA,2.72922168982113e-17,"GLM","NYC","DTF_Sask_2017_b",19.2500413331494,16.5639611859294,"Significant",-2.89283802258721
"Lcu.1GRN.Chr6p1447370",6,1447370,5.65236293853881e-20,0.430124223602484,NA,2.73957977600502e-17,"GLM","NYC","DTF_Sask_2017_b",19.2477699598553,16.5623160484783,"Significant",-2.89455354952828
"Lcu.1GRN.Chr1p359991374",1,359991374,5.67401724289706e-20,0.193548387096774,NA,7.91930355992346e-17,"GLM","NYC","Cotyledon_RedvsYellow",19.246109348751,16.101313009494,"Significant",-0.337252552083374
"Lcu.1GRN.Chr4p440368207",4,440368207,5.73599530620405e-20,0.225155279503106,NA,2.76927322032088e-17,"GLM","NYC","DTF_Sask_2017_b",19.2413912127256,16.5576341940471,"Significant",-3.08325270456514
"Lcu.1GRN.Chr4p180957935",4,180957935,5.73889988426497e-20,0.453416149068323,NA,2.76927322032088e-17,"GLM","NYC","DTF_Sask_2017_b",19.2411713515016,16.5576341940471,"Significant",2.69232011542511
"Lcu.1GRN.Chr2p314230388",2,314230388,5.74620493724172e-20,0.422360248447205,NA,2.76927322032088e-17,"GLM","NYC","DTF_Sask_2017_b",19.2406188890426,16.5576341940471,"Significant",-2.66027794148817
"Lcu.1GRN.Chr3p332449238",3,332449238,5.76465278500245e-20,0.385093167701863,NA,2.76927322032088e-17,"GLM","NYC","DTF_Sask_2017_b",19.2392268458886,16.5576341940471,"Significant",-2.70141027771105
"Lcu.1GRN.Chr3p332450335",3,332450335,5.76465278500245e-20,0.385093167701863,NA,2.76927322032088e-17,"GLM","NYC","DTF_Sask_2017_b",19.2392268458886,16.5576341940471,"Significant",-2.70141027771105
"Lcu.1GRN.Chr3p332451211",3,332451211,5.76465278500245e-20,0.385093167701863,NA,2.76927322032088e-17,"GLM","NYC","DTF_Sask_2017_b",19.2392268458886,16.5576341940471,"Significant",-2.70141027771105
"Lcu.1GRN.Chr5p45010185",5,45010185,5.77125736901936e-20,0.377329192546584,NA,2.76927322032088e-17,"GLM","NYC","DTF_Sask_2017_b",19.2387295579123,16.5576341940471,"Significant",3.82227410917801
"Lcu.1GRN.Chr4p420244260",4,420244260,5.80636229226504e-20,0.316770186335404,NA,2.78214909567281e-17,"GLM","NYC","DTF_Sask_2017_b",19.2360958695338,16.5556195998318,"Significant",-2.99449680650162
"Lcu.1GRN.Chr1p434703257",1,434703257,5.89913788569107e-20,0.493788819875776,NA,2.8225822378325e-17,"GLM","NYC","DTF_Sask_2017_b",19.2292114525688,16.5493533957567,"Significant",-2.54803575902987
"Lcu.1GRN.Chr2p580390351",2,580390351,5.92136070347468e-20,0.257763975155279,NA,2.82919081782055e-17,"GLM","NYC","DTF_Sask_2017_b",19.227578482786,16.5483377600963,"Significant",-2.95477008290136
"Lcu.1GRN.Chr1p283448720",1,283448720,5.9325931114313e-20,0.351612903225806,NA,8.21856930441128e-17,"GLM","NYC","Cotyledon_RedvsYellow",19.2267554368504,16.0852037782359,"Significant",0.322382646693267
"Lcu.1GRN.Chr1p364568672",1,364568672,5.93730164068396e-20,0.487096774193548,NA,8.21856930441128e-17,"GLM","NYC","Cotyledon_RedvsYellow",19.2264108864695,16.0852037782359,"Significant",-0.330009615515807
"Lcu.1GRN.Chr2p553914868",2,553914868,5.97148366994825e-20,0.254658385093168,NA,2.84909226611274e-17,"GLM","NYC","DTF_Sask_2017_b",19.2239177510117,16.5452934861713,"Significant",-3.0102748302958
"Lcu.1GRN.Chr3p235923656",3,235923656,6.00503812799695e-20,0.496894409937888,NA,2.86104342776197e-17,"GLM","NYC","DTF_Sask_2017_b",19.2214842307713,16.5434755499912,"Significant",-2.61816560135109
"Lcu.1GRN.Chr2p314230784",2,314230784,6.03873811054403e-20,0.420807453416149,NA,2.87303001701466e-17,"GLM","NYC","DTF_Sask_2017_b",19.2190538045715,16.5416598365365,"Significant",-2.60420955839717
"Lcu.1GRN.Chr5p260462090",5,260462090,6.07331513618892e-20,0.324534161490683,NA,2.88539942431421e-17,"GLM","NYC","DTF_Sask_2017_b",19.2165741833337,16.5397940591916,"Significant",-2.85893031369443
"Lcu.1GRN.Chr3p332263803",3,332263803,6.13420267246457e-20,0.391304347826087,NA,2.90834550499724e-17,"GLM","NYC","DTF_Sask_2017_b",19.2122418791395,16.5363540015267,"Significant",-2.73852768907248
"Lcu.1GRN.Chr3p444479403",3,444479403,6.13890574446375e-20,0.358695652173913,NA,2.90834550499724e-17,"GLM","NYC","DTF_Sask_2017_b",19.2119090346395,16.5363540015267,"Significant",2.74308941006971
"Lcu.1GRN.Chr3p224169929",3,224169929,6.16015848670413e-20,0.468944099378882,NA,2.91430946511562e-17,"GLM","NYC","DTF_Sask_2017_b",19.2104081142941,16.535464333192,"Significant",2.63824878195096
"Lcu.1GRN.Chr5p404677875",5,404677875,6.1820339903991e-20,0.33695652173913,NA,2.9205508809671e-17,"GLM","NYC","DTF_Sask_2017_b",19.2088686114044,16.5345352232093,"Significant",-2.81963457828896
"Lcu.1GRN.Chr1p367687922",1,367687922,6.18427187615869e-20,0.375806451612903,NA,3.52573725113198e-16,"MLM","NYC","Cotyledon_RedvsYellow",19.2087114259914,15.4527500558017,"Significant",-0.339664244566684
"Lcu.1GRN.Chr4p181401701",4,181401701,6.19598139874454e-20,0.461180124223602,NA,2.92303460750562e-17,"GLM","NYC","DTF_Sask_2017_b",19.2078898947273,16.5341660427473,"Significant",-2.60598754454465
"Lcu.1GRN.Chr4p417442406",4,417442406,6.22354094609903e-20,0.361801242236025,NA,2.9319240860175e-17,"GLM","NYC","DTF_Sask_2017_b",19.2059624487832,16.5328472787275,"Significant",-2.80678304045426
"Lcu.1GRN.Chr5p408825347",5,408825347,6.25335099410231e-20,0.383540372670807,NA,2.93742552737874e-17,"GLM","NYC","DTF_Sask_2017_b",19.2038871941366,16.5320331352593,"Significant",-2.68469831380087
"Lcu.1GRN.Chr2p133088910",2,133088910,6.2604790349075e-20,0.256211180124224,NA,2.93742552737874e-17,"GLM","NYC","DTF_Sask_2017_b",19.2033924344801,16.5320331352593,"Significant",-2.92090327936037
"Lcu.1GRN.Chr5p394115181",5,394115181,6.26141715189229e-20,0.380434782608696,NA,2.93742552737874e-17,"GLM","NYC","DTF_Sask_2017_b",19.2033273614233,16.5320331352593,"Significant",-2.68336006747832
"Lcu.1GRN.Chr1p446418552",1,446418552,6.3086674383607e-20,0.273291925465838,NA,2.95547011175359e-17,"GLM","NYC","DTF_Sask_2017_b",19.2000623658404,16.5293734282508,"Significant",2.83649578781353
"Lcu.1GRN.Chr2p134727901",2,134727901,6.37639473218949e-20,0.262422360248447,NA,2.95835691983777e-17,"GLM","NYC","DTF_Sask_2017_b",19.1954248056795,16.5289494304186,"Significant",-2.89840720067896
"Lcu.1GRN.Chr2p135303433",2,135303433,6.37639473218949e-20,0.262422360248447,NA,2.95835691983777e-17,"GLM","NYC","DTF_Sask_2017_b",19.1954248056795,16.5289494304186,"Significant",-2.89840720067896
"Lcu.1GRN.Chr2p135307708",2,135307708,6.37639473218949e-20,0.262422360248447,NA,2.95835691983777e-17,"GLM","NYC","DTF_Sask_2017_b",19.1954248056795,16.5289494304186,"Significant",-2.89840720067896
"Lcu.1GRN.Chr2p135307827",2,135307827,6.37639473218949e-20,0.262422360248447,NA,2.95835691983777e-17,"GLM","NYC","DTF_Sask_2017_b",19.1954248056795,16.5289494304186,"Significant",-2.89840720067896
"Lcu.1GRN.Chr2p135308726",2,135308726,6.37639473218949e-20,0.262422360248447,NA,2.95835691983777e-17,"GLM","NYC","DTF_Sask_2017_b",19.1954248056795,16.5289494304186,"Significant",-2.89840720067896
"Lcu.1GRN.Chr2p135308803",2,135308803,6.37639473218949e-20,0.262422360248447,NA,2.95835691983777e-17,"GLM","NYC","DTF_Sask_2017_b",19.1954248056795,16.5289494304186,"Significant",-2.89840720067896
"Lcu.1GRN.Chr2p135475717",2,135475717,6.37639473218949e-20,0.262422360248447,NA,2.95835691983777e-17,"GLM","NYC","DTF_Sask_2017_b",19.1954248056795,16.5289494304186,"Significant",-2.89840720067896
"Lcu.1GRN.Chr3p332449975",3,332449975,6.44878474689242e-20,0.386645962732919,NA,2.98589283532513e-17,"GLM","NYC","DTF_Sask_2017_b",19.1905221190771,16.5249257833029,"Significant",-2.70002780152427
"Lcu.1GRN.Chr4p423073885",4,423073885,6.45684962307187e-20,0.459627329192547,NA,2.98589283532513e-17,"GLM","NYC","DTF_Sask_2017_b",19.1899793279864,16.5249257833029,"Significant",-2.67553204117793
"Lcu.1GRN.Chr6p329046031",6,329046031,6.46237586956122e-20,0.304347826086957,NA,2.98589283532513e-17,"GLM","NYC","DTF_Sask_2017_b",19.1896077858218,16.5249257833029,"Significant",-2.83599558715527
"Lcu.1GRN.Chr1p367989648",1,367989648,6.46302790078473e-20,0.367741935483871,NA,8.9096283028822e-17,"GLM","NYC","Cotyledon_RedvsYellow",19.1895639692312,16.050140413738,"Significant",-0.372091180342989
"Lcu.1GRN.Chr3p343756360",3,343756360,6.59365541773855e-20,0.462732919254658,NA,3.04237049643136e-17,"GLM","NYC","DTF_Sask_2017_b",19.1808737526865,16.5167878991726,"Significant",-2.54156083952088
"Lcu.1GRN.Chr1p367885988",1,367885988,6.6007577538207e-20,0.348387096774194,NA,9.06235544236493e-17,"GLM","NYC","Cotyledon_RedvsYellow",19.1804062054562,16.0427589079888,"Significant",-0.361607907891548
"Lcu.1GRN.Chr1p356304338",1,356304338,6.66214072220987e-20,0.458064516129032,NA,9.08745842356486e-17,"GLM","NYC","Cotyledon_RedvsYellow",19.1763861980883,16.0415575630884,"Significant",-0.289061264845918
"Lcu.1GRN.Chr1p368421673",1,368421673,6.6730750359593e-20,0.358064516129032,NA,9.08745842356486e-17,"GLM","NYC","Cotyledon_RedvsYellow",19.1756739916606,16.0415575630884,"Significant",-0.380746928659603
"Lcu.1GRN.Chr6p21969339",6,21969339,6.68973938981854e-20,0.31832298136646,NA,3.08247612237684e-17,"GLM","NYC","DTF_Sask_2017_b",19.1745908005832,16.5111002788718,"Significant",-2.85209044048997
"Lcu.1GRN.Chr3p238570209",3,238570209,6.69891582166775e-20,0.493788819875776,NA,3.08248183062505e-17,"GLM","NYC","DTF_Sask_2017_b",19.1739954795033,16.5110994746292,"Significant",2.63995902574819
"Lcu.1GRN.Chr2p135434034",2,135434034,6.7525143475554e-20,0.267080745341615,NA,3.1029002644046e-17,"GLM","NYC","DTF_Sask_2017_b",19.1705344843626,16.5082321835892,"Significant",-2.88780418985743
"Lcu.1GRN.Chr3p240805568",3,240805568,6.82630892309843e-20,0.46583850931677,NA,3.13253076880744e-17,"GLM","NYC","DTF_Sask_2017_b",19.1658140617121,16.5041046545213,"Significant",2.61092100870252
"Lcu.1GRN.Chr2p113455513",2,113455513,6.84683181952303e-20,0.335403726708075,NA,3.13766795454701e-17,"GLM","NYC","DTF_Sask_2017_b",19.1645103396878,16.503393017772,"Significant",2.74667698688458
"Lcu.1GRN.Chr4p418175608",4,418175608,6.86509827338085e-20,0.343167701863354,NA,3.14175851826163e-17,"GLM","NYC","DTF_Sask_2017_b",19.1633532414889,16.5028271987412,"Significant",-2.81645254597667
"Lcu.1GRN.Chr5p408824212",5,408824212,6.99128200513225e-20,0.380434782608696,NA,3.19515836171239e-17,"GLM","NYC","DTF_Sask_2017_b",19.1554431795184,16.4955076120241,"Significant",-2.6782398039812
"Lcu.1GRN.Chr4p440027109",4,440027109,7.01467525661683e-20,0.346273291925466,NA,3.19694404390038e-17,"GLM","NYC","DTF_Sask_2017_b",19.1539924297709,16.4952649651165,"Significant",-2.83771047646434
"Lcu.1GRN.Chr4p385251380",4,385251380,7.0177359657773e-20,0.327639751552795,NA,3.19694404390038e-17,"GLM","NYC","DTF_Sask_2017_b",19.1538029756423,16.4952649651165,"Significant",-2.71419346119575
"Lcu.1GRN.Chr6p21967877",6,21967877,7.02370223131991e-20,0.296583850931677,NA,3.19694404390038e-17,"GLM","NYC","DTF_Sask_2017_b",19.1534339085535,16.4952649651165,"Significant",-2.80712192562203
"Lcu.1GRN.Chr1p363891780",1,363891780,7.03429475851633e-20,0.119354838709677,NA,9.54074445579783e-17,"GLM","NYC","Cotyledon_RedvsYellow",19.1527794373675,16.0204177363619,"Significant",-0.426008339666959
"Lcu.1GRN.Chr4p181478788",4,181478788,7.05264535167542e-20,0.397515527950311,NA,3.20577994460406e-17,"GLM","NYC","DTF_Sask_2017_b",19.1516479544771,16.4940662923762,"Significant",2.82534075805428
"Lcu.1GRN.Chr1p434743687",1,434743687,7.06771994098248e-20,0.493788819875776,NA,3.20829656327727e-17,"GLM","NYC","DTF_Sask_2017_b",19.150720667781,16.4937254939284,"Significant",-2.5494191298598
"Lcu.1GRN.Chr1p444454650",1,444454650,7.13677657418122e-20,0.271739130434783,NA,3.2309234534692e-17,"GLM","NYC","DTF_Sask_2017_b",19.1464978991684,16.4906733310971,"Significant",2.82932030997344
"Lcu.1GRN.Chr1p444457691",1,444457691,7.13677657418122e-20,0.271739130434783,NA,3.2309234534692e-17,"GLM","NYC","DTF_Sask_2017_b",19.1464978991684,16.4906733310971,"Significant",2.82932030997344
"Lcu.1GRN.Chr4p486717142",4,486717142,7.17140095953708e-20,0.256211180124224,NA,3.24223471311372e-17,"GLM","NYC","DTF_Sask_2017_b",19.1443959950208,16.4891555487348,"Significant",-3.15719302891989
"Lcu.1GRN.Chr1p367559138",1,367559138,7.17418618605261e-20,0.387096774193548,NA,4.01974673434022e-16,"MLM","NYC","Cotyledon_RedvsYellow",19.1442273566082,15.3958013089413,"Significant",-0.304744222821865
"Lcu.1GRN.Chr1p498741727",1,498741727,7.17823521925847e-20,0.0951612903225807,NA,9.69687327709363e-17,"GLM","NYC","Cotyledon_RedvsYellow",19.1439823146358,16.0133682798997,"Significant",-0.651275994584152
"Lcu.1GRN.Chr1p368780332",1,368780332,7.24323147888253e-20,0.32741935483871,NA,9.74553617142911e-17,"GLM","NYC","Cotyledon_RedvsYellow",19.140067635413,16.0111942622531,"Significant",-0.372269997373369
"Lcu.1GRN.Chr3p351918425",3,351918425,7.25952006282112e-20,0.352484472049689,NA,3.27766843620262e-17,"GLM","NYC","DTF_Sask_2017_b",19.1390920901757,16.4844349810921,"Significant",-2.82764601439968
"Lcu.1GRN.Chr1p369005240",1,369005240,7.28979212570654e-20,0.366129032258064,NA,4.01974673434022e-16,"MLM","NYC","Cotyledon_RedvsYellow",19.1372848557624,15.3958013089413,"Significant",-0.328132427551511
"Lcu.1GRN.Chr2p134728151",2,134728151,7.30733826369993e-20,0.273291925465838,NA,3.29483572352005e-17,"GLM","NYC","DTF_Sask_2017_b",19.1362407882812,16.482166233922,"Significant",-2.88481108031699
"Lcu.1GRN.Chr2p132573558",2,132573558,7.31903415284663e-20,0.277950310559006,NA,3.29569151390972e-17,"GLM","NYC","DTF_Sask_2017_b",19.1355462262865,16.48205344627,"Significant",-2.87914998352119
"Lcu.1GRN.Chr1p368656472",1,368656472,7.34130792804956e-20,0.466129032258065,NA,9.83814232603286e-17,"GLM","NYC","Cotyledon_RedvsYellow",19.1342265592485,16.0070868988977,"Significant",-0.342924162086928
"Lcu.1GRN.Chr2p411914437",2,411914437,7.4982458251184e-20,0.333850931677019,NA,3.37187493777754e-17,"GLM","NYC","DTF_Sask_2017_b",19.1250403256186,16.4721285416512,"Significant",-2.89474685904169
"Lcu.1GRN.Chr1p363517540",1,363517540,7.53170821164559e-20,0.12258064516129,NA,1.00532464128039e-16,"GLM","NYC","Cotyledon_RedvsYellow",19.1231065134731,15.9976936724227,"Significant",-0.454167450337816
"Lcu.1GRN.Chr2p231381515",2,231381515,7.55520559153956e-20,0.285714285714286,NA,3.39295305635432e-17,"GLM","NYC","DTF_Sask_2017_b",19.1217537131838,16.4694221490514,"Significant",-2.80053765460953
"Lcu.1GRN.Chr2p415393067",2,415393067,7.62351587687545e-20,0.183229813664596,NA,3.41764525695103e-17,"GLM","NYC","DTF_Sask_2017_b",19.1178446908951,16.4662730179594,"Significant",-3.30380021046329
"Lcu.1GRN.Chr6p379438941",6,379438941,7.63050949697868e-20,0.218944099378882,NA,3.41764525695103e-17,"GLM","NYC","DTF_Sask_2017_b",19.1174464627871,16.4662730179594,"Significant",-3.1491197202598
"Lcu.1GRN.Chr4p105852774",4,105852774,7.66299575905475e-20,0.487577639751553,NA,3.42763150862496e-17,"GLM","NYC","DTF_Sask_2017_b",19.1156014147956,16.4650058735554,"Significant",2.5466152896055
"Lcu.1GRN.Chr3p226124307",3,226124307,7.69982637483751e-20,0.423913043478261,NA,3.43953187015268e-17,"GLM","NYC","DTF_Sask_2017_b",19.1135190677236,16.4635006620925,"Significant",2.60193115296465
"Lcu.1GRN.Chr1p356473128",1,356473128,7.7080479130374e-20,0.480645161290323,NA,1.02479563334571e-16,"GLM","NYC","Cotyledon_RedvsYellow",19.1130555944443,15.9893627337883,"Significant",-0.285078952530176
"Lcu.1GRN.Chr5p404775625",5,404775625,7.75984202681106e-20,0.349378881987578,NA,3.46174374407474e-17,"GLM","NYC","DTF_Sask_2017_b",19.1101471199251,16.460705083963,"Significant",-2.83420015725838
"Lcu.1GRN.Chr1p446625469",1,446625469,7.78888940930483e-20,0.248447204968944,NA,3.4700998197876e-17,"GLM","NYC","DTF_Sask_2017_b",19.1085244624552,16.4596580322525,"Significant",2.90715320844215
"Lcu.1GRN.Chr6p21969239",6,21969239,7.82820316063153e-20,0.295031055900621,NA,3.4830016038785e-17,"GLM","NYC","DTF_Sask_2017_b",19.1063379118852,16.4580463255546,"Significant",-2.8319093357393
"Lcu.1GRN.Chr3p40561521",3,40561521,7.9366774504265e-20,0.440993788819876,NA,3.52660024302194e-17,"GLM","NYC","DTF_Sask_2017_b",19.1003612692277,16.4526437668959,"Significant",-2.57974692140207
"Lcu.1GRN.Chr1p368732532",1,368732532,7.96775178638879e-20,0.385483870967742,NA,1.05515305713868e-16,"GLM","NYC","Cotyledon_RedvsYellow",19.0986642036357,15.9766845384237,"Significant",-0.365099018627513
"Lcu.1GRN.Chr2p580289013",2,580289013,8.15738469691594e-20,0.256211180124224,NA,3.61511860124838e-17,"GLM","NYC","DTF_Sask_2017_b",19.0884490561668,16.4418774502304,"Significant",-2.94272155626346
"Lcu.1GRN.Chr2p580289014",2,580289014,8.15738469691594e-20,0.256211180124224,NA,3.61511860124838e-17,"GLM","NYC","DTF_Sask_2017_b",19.0884490561668,16.4418774502304,"Significant",-2.94272155626346
"Lcu.1GRN.Chr1p365214707",1,365214707,8.20230223213794e-20,0.345161290322581,NA,4.44997386277023e-16,"MLM","NYC","Cotyledon_RedvsYellow",19.0860642322039,15.3516425398703,"Significant",-0.351562520847881
"Lcu.1GRN.Chr3p240449085",3,240449085,8.25037008521495e-20,0.490683229813665,NA,3.65151609796513e-17,"GLM","NYC","DTF_Sask_2017_b",19.0835265699517,16.4375267804006,"Significant",-2.78788661702
"Lcu.1GRN.Chr2p553289221",2,553289221,8.41003855988855e-20,0.243788819875776,NA,3.71729229996588e-17,"GLM","NYC","DTF_Sask_2017_b",19.0752020129645,16.4297732879032,"Significant",-3.09223563436591
"Lcu.1GRN.Chr5p2543117",5,2543117,8.48596686723732e-20,0.293478260869565,NA,3.74593073127561e-17,"GLM","NYC","DTF_Sask_2017_b",19.0712986682333,16.4264402577411,"Significant",2.74754577047196
"Lcu.1GRN.Chr1p367484107",1,367484107,8.579316572881e-20,0.356451612903226,NA,4.55052705558741e-16,"MLM","NYC","Cotyledon_RedvsYellow",19.0665473066091,15.3419382991501,"Significant",-0.324879736963375
"Lcu.1GRN.Chr2p135475314",2,135475314,8.59742772719984e-20,0.263975155279503,NA,3.79015854825036e-17,"GLM","NYC","DTF_Sask_2017_b",19.0656314663126,16.4213426224356,"Significant",-2.87785717171714
"Lcu.1GRN.Chr4p419285993",4,419285993,8.64961587082351e-20,0.31832298136646,NA,3.80292665390869e-17,"GLM","NYC","DTF_Sask_2017_b",19.0630031791116,16.4198820506363,"Significant",-2.90738396793583
"Lcu.1GRN.Chr4p439621597",4,439621597,8.65346832429188e-20,0.346273291925466,NA,3.80292665390869e-17,"GLM","NYC","DTF_Sask_2017_b",19.0628097917025,16.4198820506363,"Significant",-2.79146062059687
"Lcu.1GRN.Chr1p368780968",1,368780968,8.65821354525249e-20,0.364516129032258,NA,4.55052705558741e-16,"MLM","NYC","Cotyledon_RedvsYellow",19.0625717069981,15.3419382991501,"Significant",-0.350685183757626
"Lcu.1GRN.Chr2p400420697",2,400420697,8.66030798768624e-20,0.301242236024845,NA,3.80292665390869e-17,"GLM","NYC","DTF_Sask_2017_b",19.0624666628355,16.4198820506363,"Significant",-2.76450462227028
"Lcu.1GRN.Chr3p224721082",3,224721082,8.72000664141466e-20,0.447204968944099,NA,3.82414924896053e-17,"GLM","NYC","DTF_Sask_2017_b",19.0594831842958,16.4174651664129,"Significant",2.6146366083156
"Lcu.1GRN.Chr2p135306628",2,135306628,8.76489135332006e-20,0.268633540372671,NA,3.83882839823204e-17,"GLM","NYC","DTF_Sask_2017_b",19.0572534629069,16.4158013011065,"Significant",-2.89879587869842
"Lcu.1GRN.Chr1p434757288",1,434757288,8.8903899524504e-20,0.495341614906832,NA,3.88873055544328e-17,"GLM","NYC","DTF_Sask_2017_b",19.0510791894816,16.4101921474512,"Significant",-2.53857193591023
"Lcu.1GRN.Chr4p488467974",4,488467974,8.96723444570165e-20,0.299689440993789,NA,3.91427023387555e-17,"GLM","NYC","DTF_Sask_2017_b",19.0473414755914,16.4073491947665,"Significant",-3.13083278476329
"Lcu.1GRN.Chr2p416352828",2,416352828,8.97854263629896e-20,0.291925465838509,NA,3.91427023387555e-17,"GLM","NYC","DTF_Sask_2017_b",19.0467941506799,16.4073491947665,"Significant",-2.86422923568412
"Lcu.1GRN.Chr3p344051005",3,344051005,8.99532620853353e-20,0.467391304347826,NA,3.91427023387555e-17,"GLM","NYC","DTF_Sask_2017_b",19.04598308268,16.4073491947665,"Significant",-2.52448994209025
"Lcu.1GRN.Chr3p344137927",3,344137927,8.99532620853353e-20,0.467391304347826,NA,3.91427023387555e-17,"GLM","NYC","DTF_Sask_2017_b",19.04598308268,16.4073491947665,"Significant",-2.52448994209025
"Lcu.1GRN.Chr4p181435211",4,181435211,9.079448594712e-20,0.436335403726708,NA,3.94577116984172e-17,"GLM","NYC","DTF_Sask_2017_b",19.0419405258782,16.4038681047292,"Significant",2.63399520687028
"Lcu.1GRN.Chr4p440265819",4,440265819,9.21133103696691e-20,0.349378881987578,NA,3.99606448471109e-17,"GLM","NYC","DTF_Sask_2017_b",19.0356776097333,16.3983675121557,"Significant",-2.88809854195661
"Lcu.1GRN.Chr2p118053963",2,118053963,9.21893657860553e-20,0.15527950310559,NA,3.99606448471109e-17,"GLM","NYC","DTF_Sask_2017_b",19.0353191727294,16.3983675121557,"Significant",-3.53226751284294
"Lcu.1GRN.Chr2p135303797",2,135303797,9.23973155188629e-20,0.265527950310559,NA,3.99992378753325e-17,"GLM","NYC","DTF_Sask_2017_b",19.0343406464453,16.3979482834143,"Significant",-2.87394699174735
"Lcu.1GRN.Chr5p296132640",5,296132640,9.31871668160216e-20,0.31055900621118,NA,4.02893158617028e-17,"GLM","NYC","DTF_Sask_2017_b",19.0306438919887,16.3948101071465,"Significant",-2.97960028726966
"Lcu.1GRN.Chr2p133090978",2,133090978,9.40477553668749e-20,0.288819875776398,NA,4.0609192977522e-17,"GLM","NYC","DTF_Sask_2017_b",19.0266515652748,16.3913756411155,"Significant",-2.87796546454423
"Lcu.1GRN.Chr1p446496337",1,446496337,9.47796773970151e-20,0.263975155279503,NA,4.08727637782074e-17,"GLM","NYC","DTF_Sask_2017_b",19.0232847738486,16.3885659947072,"Significant",3.01801483258382
"Lcu.1GRN.Chr2p15034271",2,15034271,9.51568677099828e-20,0.437888198757764,NA,4.09828810768294e-17,"GLM","NYC","DTF_Sask_2017_b",19.021559862123,16.3873975141684,"Significant",-2.61176376832154
"Lcu.1GRN.Chr3p224720129",3,224720129,9.52906873035326e-20,0.444099378881988,NA,4.09880340360964e-17,"GLM","NYC","DTF_Sask_2017_b",19.0209495406031,16.3873429118311,"Significant",2.61513076840213
"Lcu.1GRN.Chr1p361792419",1,361792419,9.60868650802009e-20,0.209677419354839,NA,1.26746864887968e-16,"GLM","NYC","Cotyledon_RedvsYellow",19.0173359756308,15.8970627742329,"Significant",-0.334264384836328
"Lcu.1GRN.Chr4p384133460",4,384133460,9.62688014272062e-20,0.363354037267081,NA,4.13558721962517e-17,"GLM","NYC","DTF_Sask_2017_b",19.0165144352357,16.3834628154618,"Significant",-2.64961389174408
"Lcu.1GRN.Chr5p403497703",5,403497703,9.79669131983185e-20,0.301242236024845,NA,4.20316794537995e-17,"GLM","NYC","DTF_Sask_2017_b",19.0089205757529,16.3764232566054,"Significant",-2.90397549181185
"Lcu.1GRN.Chr4p1646133",4,1646133,9.84182718463737e-20,0.326086956521739,NA,4.2171505997503e-17,"GLM","NYC","DTF_Sask_2017_b",19.0069242651318,16.3749808895062,"Significant",-2.72015375770249
"Lcu.1GRN.Chr2p565787949",2,565787949,9.85435661466118e-20,0.243788819875776,NA,4.2171505997503e-17,"GLM","NYC","DTF_Sask_2017_b",19.0063717252987,16.3749808895062,"Significant",-3.30351112460534
"Lcu.1GRN.Chr4p488678505",4,488678505,9.887704680252e-20,0.287267080745342,NA,4.22604518447564e-17,"GLM","NYC","DTF_Sask_2017_b",19.0049045132961,16.3740658638233,"Significant",-3.14403252631671
"Lcu.1GRN.Chr2p119362364",2,119362364,9.99338839172611e-20,0.37888198757764,NA,4.25955799744507e-17,"GLM","NYC","DTF_Sask_2017_b",19.0002872334632,16.3706354640968,"Significant",-2.64367315804311
"Lcu.1GRN.Chr3p239676281",3,239676281,9.99485610939457e-20,0.425465838509317,NA,4.25955799744507e-17,"GLM","NYC","DTF_Sask_2017_b",19.0002234538066,16.3706354640968,"Significant",2.67763376467764
"Lcu.1GRN.Chr5p432206765",5,432206765,1.0004105093489e-19,0.305900621118012,NA,4.25955799744507e-17,"GLM","NYC","DTF_Sask_2017_b",18.9998217546382,16.3706354640968,"Significant",-2.86333934302385
"Lcu.1GRN.Chr2p416086614",2,416086614,1.01117095752647e-19,0.287267080745342,NA,4.29529255527533e-17,"GLM","NYC","DTF_Sask_2017_b",18.995175412526,16.367007250735,"Significant",-2.85958304049646
"Lcu.1GRN.Chr2p133395781",2,133395781,1.01135714971387e-19,0.270186335403727,NA,4.29529255527533e-17,"GLM","NYC","DTF_Sask_2017_b",18.9950954509774,16.367007250735,"Significant",-2.89432558304469
"Lcu.1GRN.Chr1p363891356",1,363891356,1.01402331014583e-19,0.12258064516129,NA,1.33235929204618e-16,"GLM","NYC","Cotyledon_RedvsYellow",18.9939520614215,15.8753786449014,"Significant",-0.417159574583206
"Lcu.1GRN.Chr1p508808563",1,508808563,1.01667534218396e-19,0.37111801242236,NA,4.31243423485994e-17,"GLM","NYC","DTF_Sask_2017_b",18.9928177094255,16.3652775149112,"Significant",-2.68220055584837
"Lcu.1GRN.Chr4p440493727",4,440493727,1.04588941767083e-19,0.338509316770186,NA,4.43076430420256e-17,"GLM","NYC","DTF_Sask_2017_b",18.9805142311802,16.3535213517754,"Significant",-2.83904169946202
"Lcu.1GRN.Chr3p389298069",3,389298069,1.04622689318134e-19,0.0833333333333334,NA,2.34610800919151e-15,"GLM","NYC","DTF_Nepal_2017",18.980374120659,14.6296519978829,"Significant",11.4041422244472
"Lcu.1GRN.Chr3p389318049",3,389318049,1.04622689318134e-19,0.0833333333333334,NA,2.34610800919151e-15,"GLM","NYC","DTF_Nepal_2017",18.980374120659,14.6296519978829,"Significant",11.4041422244472
"Lcu.1GRN.Chr3p389319560",3,389319560,1.04622689318134e-19,0.0833333333333334,NA,2.34610800919151e-15,"GLM","NYC","DTF_Nepal_2017",18.980374120659,14.6296519978829,"Significant",11.4041422244472
"Lcu.1GRN.Chr5p394116665",5,394116665,1.05295141443449e-19,0.375776397515528,NA,4.4536822932803e-17,"GLM","NYC","DTF_Sask_2017_b",18.9775916676842,16.351280766915,"Significant",-2.66450326454033
"Lcu.1GRN.Chr1p367671439",1,367671439,1.05375854418146e-19,0.42741935483871,NA,5.45307077277976e-16,"MLM","NYC","Cotyledon_RedvsYellow",18.9772588909667,15.2633588657776,"Significant",-0.293068233239752
"Lcu.1GRN.Chr2p578333339",2,578333339,1.05394735674163e-19,0.422360248447205,NA,4.4536822932803e-17,"GLM","NYC","DTF_Sask_2017_b",18.9771810810092,16.351280766915,"Significant",-2.56414696426709
"Lcu.1GRN.Chr3p351642553",3,351642553,1.05884765271904e-19,0.364906832298137,NA,4.46877551320134e-17,"GLM","NYC","DTF_Sask_2017_b",18.9751665218028,16.3498114613671,"Significant",-2.79211067362151
"Lcu.1GRN.Chr3p329302022",3,329302022,1.06108003074438e-19,0.380434782608696,NA,4.47258529700995e-17,"GLM","NYC","DTF_Sask_2017_b",18.9742518587001,16.3494413682189,"Significant",-2.64504179321656
"Lcu.1GRN.Chr1p365384755",1,365384755,1.06181379945698e-19,0.330645161290323,NA,1.3897242112138e-16,"GLM","NYC","Cotyledon_RedvsYellow",18.973951634816,15.8570713763155,"Significant",-0.353085536831575
"Lcu.1GRN.Chr3p344053100",3,344053100,1.06496217592665e-19,0.462732919254658,NA,4.48333081639448e-17,"GLM","NYC","DTF_Sask_2017_b",18.9726658167117,16.3483992141938,"Significant",-2.53293088536233
"Lcu.1GRN.Chr2p52995944",2,52995944,1.06664867672616e-19,0.28416149068323,NA,4.48481769305436e-17,"GLM","NYC","DTF_Sask_2017_b",18.9719786010852,16.3482552062452,"Significant",-2.9696117408553
"Lcu.1GRN.Chr1p219324082",1,219324082,1.06686053819445e-19,0.337096774193548,NA,1.39091735911183e-16,"GLM","NYC","Cotyledon_RedvsYellow",18.971892348571,15.8566986727023,"Significant",0.320459567658074
"Lcu.1GRN.Chr5p389132967",5,389132967,1.07084799972354e-19,0.316770186335404,NA,4.49586977028852e-17,"GLM","NYC","DTF_Sask_2017_b",18.9702721702196,16.3471862772575,"Significant",-2.85607866449455
"Lcu.1GRN.Chr5p38556576",5,38556576,1.07195044572488e-19,0.296583850931677,NA,4.49586977028852e-17,"GLM","NYC","DTF_Sask_2017_b",18.9698252908053,16.3471862772575,"Significant",-2.91100224985247
"Lcu.1GRN.Chr4p417477739",4,417477739,1.07421765792375e-19,0.346273291925466,NA,4.49976800676014e-17,"GLM","NYC","DTF_Sask_2017_b",18.9689077129959,16.3468098764427,"Significant",-2.86635021127967
"Lcu.1GRN.Chr4p439349490",4,439349490,1.07691356854699e-19,0.377329192546584,NA,4.50545007850055e-17,"GLM","NYC","DTF_Sask_2017_b",18.9678191511211,16.3462618180377,"Significant",-2.84339102294078
"Lcu.1GRN.Chr3p329227998",3,329227998,1.07985797221831e-19,0.381987577639752,NA,4.51215635454852e-17,"GLM","NYC","DTF_Sask_2017_b",18.9666333611223,16.3456158596583,"Significant",-2.64167495401001
"Lcu.1GRN.Chr5p180524394",5,180524394,1.11116542009301e-19,0.296583850931677,NA,4.63721313722613e-17,"GLM","NYC","DTF_Sask_2017_b",18.954221282476,16.3337429424493,"Significant",-2.8398483776493
"Lcu.1GRN.Chr6p278149898",6,278149898,1.12140917247476e-19,0.21583850931677,NA,4.67416405350455e-17,"GLM","NYC","DTF_Sask_2017_b",18.9502358959467,16.3302960488369,"Significant",-3.74890131839328
"Lcu.1GRN.Chr3p225414728",3,225414728,1.12947407297533e-19,0.454968944099379,NA,4.69060698606843e-17,"GLM","NYC","DTF_Sask_2017_b",18.9471237338388,16.3287709539495,"Significant",2.61720230695664
"Lcu.1GRN.Chr3p225414729",3,225414729,1.12947407297533e-19,0.454968944099379,NA,4.69060698606843e-17,"GLM","NYC","DTF_Sask_2017_b",18.9471237338388,16.3287709539495,"Significant",2.61720230695664
"Lcu.1GRN.Chr6p276826232",6,276826232,1.12953757613423e-19,0.248447204968944,NA,4.69060698606843e-17,"GLM","NYC","DTF_Sask_2017_b",18.9470993169027,16.3287709539495,"Significant",-3.09774829529432
"Lcu.1GRN.Chr5p389826325",5,389826325,1.13422465765533e-19,0.298136645962733,NA,4.70256657691375e-17,"GLM","NYC","DTF_Sask_2017_b",18.9453009155342,16.3276650471797,"Significant",-2.88952163413549
"Lcu.1GRN.Chr2p109954589",2,109954589,1.13521363880939e-19,0.27639751552795,NA,4.70256657691375e-17,"GLM","NYC","DTF_Sask_2017_b",18.9449223997704,16.3276650471797,"Significant",2.90975662982643
"Lcu.1GRN.Chr1p446847783",1,446847783,1.16843112233201e-19,0.253105590062112,NA,4.83421489945203e-17,"GLM","NYC","DTF_Sask_2017_b",18.9323968836764,16.3156740474386,"Significant",2.86573707775698
"Lcu.1GRN.Chr4p487014585",4,487014585,1.17402444264252e-19,0.248447204968944,NA,4.85138918548325e-17,"GLM","NYC","DTF_Sask_2017_b",18.9303228611853,16.3141338842426,"Significant",-3.08526183793556
"Lcu.1GRN.Chr2p412147888",2,412147888,1.17681097270818e-19,0.279503105590062,NA,4.8569371344409e-17,"GLM","NYC","DTF_Sask_2017_b",18.9292932908546,16.3136375177627,"Significant",-2.91861238637527
"Lcu.1GRN.Chr2p135306639",2,135306639,1.18056911707192e-19,0.268633540372671,NA,4.86647662012417e-17,"GLM","NYC","DTF_Sask_2017_b",18.9279085818303,16.3127853587523,"Significant",-2.86785097783832
"Lcu.1GRN.Chr2p415397910",2,415397910,1.18337249477614e-19,0.186335403726708,NA,4.87206188433739e-17,"GLM","NYC","DTF_Sask_2017_b",18.9268785292839,16.3122872039845,"Significant",-3.28424428801134
"Lcu.1GRN.Chr5p422298084",5,422298084,1.18927362329531e-19,0.343167701863354,NA,4.89037164849602e-17,"GLM","NYC","DTF_Sask_2017_b",18.924718213156,16.3106581349954,"Significant",-2.77717652095359
"Lcu.1GRN.Chr3p329166446",3,329166446,1.19284025688852e-19,0.383540372670807,NA,4.89904882403931e-17,"GLM","NYC","DTF_Sask_2017_b",18.9234177124042,16.3098882323328,"Significant",-2.63684666451844
"Lcu.1GRN.Chr6p273190897",6,273190897,1.19862305846892e-19,0.228260869565217,NA,4.91679563790263e-17,"GLM","NYC","DTF_Sask_2017_b",18.9213173718344,16.3083178423862,"Significant",-3.0781573624032
"Lcu.1GRN.Chr3p238331772",3,238331772,1.21870100048311e-19,0.496894409937888,NA,4.99306698452498e-17,"GLM","NYC","DTF_Sask_2017_b",18.9141028323376,16.3016326076252,"Significant",-2.60718348781666
"Lcu.1GRN.Chr4p419286001",4,419286001,1.22081288576052e-19,0.316770186335404,NA,4.99563464652807e-17,"GLM","NYC","DTF_Sask_2017_b",18.9133508953581,16.3014093310663,"Significant",-2.89127277640254
"Lcu.1GRN.Chr1p361179553",1,361179553,1.22636775262276e-19,0.198387096774194,NA,1.59270131987051e-16,"GLM","NYC","Cotyledon_RedvsYellow",18.9113792777901,15.7978656600395,"Significant",-0.338944949044533
"Lcu.1GRN.Chr2p133404771",2,133404771,1.22873695524294e-19,0.265527950310559,NA,5.02195095290646e-17,"GLM","NYC","DTF_Sask_2017_b",18.9105410797772,16.2991275331576,"Significant",-2.87400186611335
"Lcu.1GRN.Chr3p348544055",3,348544055,1.23420887670255e-19,0.319875776397516,NA,5.03819341298309e-17,"GLM","NYC","DTF_Sask_2017_b",18.9086113343687,16.2977251642339,"Significant",-2.92833223604482
"Lcu.1GRN.Chr1p445788126",1,445788126,1.23706021238669e-19,0.25,NA,5.0422230908607e-17,"GLM","NYC","DTF_Sask_2017_b",18.9076091611058,16.2973779430732,"Significant",2.88768585661097
"Lcu.1GRN.Chr2p415400207",2,415400207,1.23819407761491e-19,0.200310559006211,NA,5.0422230908607e-17,"GLM","NYC","DTF_Sask_2017_b",18.9072112775847,16.2973779430732,"Significant",-3.40224802945644
"Lcu.1GRN.Chr2p98544801",2,98544801,1.24667210816472e-19,0.434782608695652,NA,5.07060891181428e-17,"GLM","NYC","DTF_Sask_2017_b",18.9042477568983,16.2949398846189,"Significant",-2.58959615949555
"Lcu.1GRN.Chr1p437609086",1,437609086,1.25420657897019e-19,0.347826086956522,NA,5.09500514527307e-17,"GLM","NYC","DTF_Sask_2017_b",18.9016309254527,16.2928553730781,"Significant",2.7291192410175
"Lcu.1GRN.Chr5p422326483",5,422326483,1.2556996570506e-19,0.322981366459627,NA,5.09500514527307e-17,"GLM","NYC","DTF_Sask_2017_b",18.9011142243596,16.2928553730781,"Significant",-2.85815363443649
"Lcu.1GRN.Chr4p105706221",4,105706221,1.25795486832517e-19,0.489130434782609,NA,5.09800608667388e-17,"GLM","NYC","DTF_Sask_2017_b",18.9003349398041,16.2925996503483,"Significant",2.53295042762181
"Lcu.1GRN.Chr3p238331623",3,238331623,1.26044690207635e-19,0.492236024844721,NA,5.10195840085096e-17,"GLM","NYC","DTF_Sask_2017_b",18.8994754448078,16.29226308676,"Significant",-2.59086202444531
"Lcu.1GRN.Chr4p488683293",4,488683293,1.26429546009091e-19,0.293478260869565,NA,5.11138546904326e-17,"GLM","NYC","DTF_Sask_2017_b",18.8981514215501,16.291461366009,"Significant",-3.08203299219245
"Lcu.1GRN.Chr1p362772741",1,362772741,1.26560464487056e-19,0.148387096774194,NA,1.63733706761991e-16,"GLM","NYC","Cotyledon_RedvsYellow",18.8977019399479,15.7858619060868,"Significant",-0.408247144019558
"Lcu.1GRN.Chr1p437357187",1,437357187,1.26811315699734e-19,0.285714285714286,NA,5.12066528547087e-17,"GLM","NYC","DTF_Sask_2017_b",18.896841991512,16.2906736110869,"Significant",2.81336420596914
"Lcu.1GRN.Chr5p404118821",5,404118821,1.27947372581482e-19,0.340062111801242,NA,5.16034458910257e-17,"GLM","NYC","DTF_Sask_2017_b",18.8929686279877,16.2873212967935,"Significant",-2.87490940950046
"Lcu.1GRN.Chr1p367578126",1,367578126,1.28208105679304e-19,0.364516129032258,NA,6.53408725500461e-16,"MLM","NYC","Cotyledon_RedvsYellow",18.8920845166229,15.1848150703329,"Significant",-0.338713570268772
"Lcu.1GRN.Chr1p589318132",1,589318132,1.28395730749133e-19,0.322981366459627,NA,5.16998705585456e-17,"GLM","NYC","DTF_Sask_2017_b",18.8914494166326,16.2865105442519,"Significant",-3.23250145991729
"Lcu.1GRN.Chr2p580441409",2,580441409,1.28493852806441e-19,0.253105590062112,NA,5.16998705585456e-17,"GLM","NYC","DTF_Sask_2017_b",18.8911176486448,16.2865105442519,"Significant",-2.95195732673511
"Lcu.1GRN.Chr4p429808510",4,429808510,1.2981667645983e-19,0.184782608695652,NA,5.21697084955358e-17,"GLM","NYC","DTF_Sask_2017_b",18.8866695137816,16.282581589943,"Significant",-3.25713883876315
"Lcu.1GRN.Chr1p365387366",1,365387366,1.30232743790114e-19,0.345161290322581,NA,1.67839070231606e-16,"GLM","NYC","Cotyledon_RedvsYellow",18.8852798094735,15.7751069349799,"Significant",-0.373151578412419
"Lcu.1GRN.Chr1p367811130",1,367811130,1.31531380553619e-19,0.345161290322581,NA,1.68865709475875e-16,"GLM","NYC","Cotyledon_RedvsYellow",18.8809706215056,15.7724585309935,"Significant",-0.361717509529349
"Lcu.1GRN.Chr2p553296556",2,553296556,1.32098062457768e-19,0.254658385093168,NA,5.30231849340477e-17,"GLM","NYC","DTF_Sask_2017_b",18.879103552333,16.2755341891314,"Significant",-3.01121661777158
"Lcu.1GRN.Chr1p367422375",1,367422375,1.32198033587558e-19,0.382258064516129,NA,6.63687402443974e-16,"MLM","NYC","Cotyledon_RedvsYellow",18.8787750048233,15.1780364256923,"Significant",-0.348445135646762
"Lcu.1GRN.Chr2p133091006",2,133091006,1.32928773154405e-19,0.28416149068323,NA,5.3293030559747e-17,"GLM","NYC","DTF_Sask_2017_b",18.8763810034841,16.2733295824809,"Significant",-2.86889844150555
"Lcu.1GRN.Chr5p410176619",5,410176619,1.35085683675863e-19,0.363354037267081,NA,5.40932930488083e-17,"GLM","NYC","DTF_Sask_2017_b",18.8693906748864,16.2668565791164,"Significant",-2.68939699651514
"Lcu.1GRN.Chr2p553090334",2,553090334,1.36429839725548e-19,0.251552795031056,NA,5.45665825195761e-17,"GLM","NYC","DTF_Sask_2017_b",18.8650906310664,16.2630732450324,"Significant",-3.00651850596937
"Lcu.1GRN.Chr2p98402204",2,98402204,1.37708340208212e-19,0.408385093167702,NA,5.49922066159121e-17,"GLM","NYC","DTF_Sask_2017_b",18.8610397562085,16.2596988534789,"Significant",-2.66902739542286
"Lcu.1GRN.Chr4p105852747",4,105852747,1.37820981776494e-19,0.486024844720497,NA,5.49922066159121e-17,"GLM","NYC","DTF_Sask_2017_b",18.8606846606861,16.2596988534789,"Significant",2.52125910776869
"Lcu.1GRN.Chr3p346520875",3,346520875,1.38875786627777e-19,0.399068322981366,NA,5.53474309486082e-17,"GLM","NYC","DTF_Sask_2017_b",18.8573734680897,16.2569025328835,"Significant",-2.75962823070657
"Lcu.1GRN.Chr2p44640365",2,44640365,1.39369450003042e-19,0.101851851851852,NA,2.92995523682333e-15,"GLM","NYC","DTF_Nepal_2017",18.8558324138215,14.5331390146456,"Significant",11.7301837146615
"Lcu.1GRN.Chr1p363891728",1,363891728,1.40312333721054e-19,0.116129032258064,NA,1.79454139759505e-16,"GLM","NYC","Cotyledon_RedvsYellow",18.8529041519826,15.7460465186405,"Significant",-0.429965308277422
"Lcu.1GRN.Chr3p354893802",3,354893802,1.4036773962657e-19,0.293478260869565,NA,5.58225037302017e-17,"GLM","NYC","DTF_Sask_2017_b",18.852732693574,16.2531906885958,"Significant",-2.8716052611119
"Lcu.1GRN.Chr2p133089065",2,133089065,1.40399736465678e-19,0.262422360248447,NA,5.58225037302017e-17,"GLM","NYC","DTF_Sask_2017_b",18.8526337073886,16.2531906885958,"Significant",-2.86700836228441
"Lcu.1GRN.Chr4p440493773",4,440493773,1.4120761643655e-19,0.229813664596273,NA,5.60774289467688e-17,"GLM","NYC","DTF_Sask_2017_b",18.8501418777378,16.2512119062366,"Significant",-3.09976158032254
"Lcu.1GRN.Chr2p133090422",2,133090422,1.41715099576468e-19,0.274844720496894,NA,5.62125977585352e-17,"GLM","NYC","DTF_Sask_2017_b",18.8485838737231,16.2501663441479,"Significant",-2.86376222364056
"Lcu.1GRN.Chr3p346519721",3,346519721,1.4234377983011e-19,0.31832298136646,NA,5.63119558890827e-17,"GLM","NYC","DTF_Sask_2017_b",18.8466615059985,16.2493993880011,"Significant",-2.99041369676097
"Lcu.1GRN.Chr4p422335338",4,422335338,1.42440603153433e-19,0.340062111801242,NA,5.63119558890827e-17,"GLM","NYC","DTF_Sask_2017_b",18.8463661960084,16.2493993880011,"Significant",-2.78139299036478
"Lcu.1GRN.Chr4p437088884",4,437088884,1.42467823721142e-19,0.374223602484472,NA,5.63119558890827e-17,"GLM","NYC","DTF_Sask_2017_b",18.8462832097484,16.2493993880011,"Significant",-2.9035702183271
"Lcu.1GRN.Chr2p402144662",2,402144662,1.43602003642453e-19,0.304347826086957,NA,5.66936328159634e-17,"GLM","NYC","DTF_Sask_2017_b",18.8428395004503,16.2464657133852,"Significant",-2.8628214467532
"Lcu.1GRN.Chr2p553563541",2,553563541,1.44422832600665e-19,0.267080745341615,NA,5.69508498632918e-17,"GLM","NYC","DTF_Sask_2017_b",18.8403641413329,16.2444997906686,"Significant",-3.00781055505807
"Lcu.1GRN.Chr3p347415976",3,347415976,1.45643340029717e-19,0.360248447204969,NA,5.72519782772588e-17,"GLM","NYC","DTF_Sask_2017_b",18.8367093699754,16.2422095021749,"Significant",-2.6808411940907
"Lcu.1GRN.Chr3p347416680",3,347416680,1.45643340029717e-19,0.360248447204969,NA,5.72519782772588e-17,"GLM","NYC","DTF_Sask_2017_b",18.8367093699754,16.2422095021749,"Significant",-2.6808411940907
"Lcu.1GRN.Chr2p314230596",2,314230596,1.45697090990892e-19,0.444099378881988,NA,5.72519782772588e-17,"GLM","NYC","DTF_Sask_2017_b",18.8365491193296,16.2422095021749,"Significant",-2.65443651661494
"Lcu.1GRN.Chr3p224169994",3,224169994,1.45972078191719e-19,0.462732919254658,NA,5.72931038799463e-17,"GLM","NYC","DTF_Sask_2017_b",18.8357302089207,16.2418976490121,"Significant",2.63784914441685
"Lcu.1GRN.Chr1p446647170",1,446647170,1.47092042940021e-19,0.274844720496894,NA,5.766539534686e-17,"GLM","NYC","DTF_Sask_2017_b",18.8324108201393,16.2390847261561,"Significant",2.94535006143262
"Lcu.1GRN.Chr5p22936408",5,22936408,1.48283197514905e-19,0.304347826086957,NA,5.80646965058162e-17,"GLM","NYC","DTF_Sask_2017_b",18.8289080576026,16.236087839602,"Significant",-2.72038461204185
"Lcu.1GRN.Chr1p368085545",1,368085545,1.48323430857248e-19,0.341935483870968,NA,1.88981467678636e-16,"GLM","NYC","Cotyledon_RedvsYellow",18.828790237453,15.7235807824909,"Significant",-0.370424981866092
"Lcu.1GRN.Chr2p400165519",2,400165519,1.49372842249508e-19,0.301242236024845,NA,5.82878130266127e-17,"GLM","NYC","DTF_Sask_2017_b",18.8257283552201,16.2344222392129,"Significant",-2.74546078248406
"Lcu.1GRN.Chr2p400170750",2,400170750,1.49372842249508e-19,0.301242236024845,NA,5.82878130266127e-17,"GLM","NYC","DTF_Sask_2017_b",18.8257283552201,16.2344222392129,"Significant",-2.74546078248406
"Lcu.1GRN.Chr2p400172525",2,400172525,1.49372842249508e-19,0.301242236024845,NA,5.82878130266127e-17,"GLM","NYC","DTF_Sask_2017_b",18.8257283552201,16.2344222392129,"Significant",-2.74546078248406
"Lcu.1GRN.Chr2p399586236",2,399586236,1.49805607926487e-19,0.316770186335404,NA,5.83889489239959e-17,"GLM","NYC","DTF_Sask_2017_b",18.824471928653,16.2336693425363,"Significant",-2.7038063370095
"Lcu.1GRN.Chr1p367969454",1,367969454,1.50892778383535e-19,0.375806451612903,NA,1.91529627118999e-16,"GLM","NYC","Cotyledon_RedvsYellow",18.8213315447389,15.7177640368438,"Significant",-0.352829595256184
"Lcu.1GRN.Chr2p104951726",2,104951726,1.51912183363426e-19,0.347826086956522,NA,5.91414877099599e-17,"GLM","NYC","DTF_Sask_2017_b",18.8184073943049,16.2281077549519,"Significant",5.52803927482631
"Lcu.1GRN.Chr3p265468643",3,265468643,1.5224833754746e-19,0.175465838509317,NA,5.91865995681008e-17,"GLM","NYC","DTF_Sask_2017_b",18.8174474408817,16.2277766107163,"Significant",-3.32801312864089
"Lcu.1GRN.Chr7p648970828",7,648970828,1.52379975520712e-19,0.281055900621118,NA,5.91865995681008e-17,"GLM","NYC","DTF_Sask_2017_b",18.8170721005308,16.2277766107163,"Significant",-3.0373936620083
"Lcu.1GRN.Chr5p395877744",5,395877744,1.52685375823907e-19,0.375776397515528,NA,5.92368186963783e-17,"GLM","NYC","DTF_Sask_2017_b",18.8162025575941,16.2274082732384,"Significant",-2.65142562585952
"Lcu.1GRN.Chr2p644223580",2,644223580,1.53886885640899e-19,0.277950310559006,NA,5.95655581845479e-17,"GLM","NYC","DTF_Sask_2017_b",18.8127983895023,16.2250047841191,"Significant",-2.93327994155995
"Lcu.1GRN.Chr2p644223581",2,644223581,1.53886885640899e-19,0.277950310559006,NA,5.95655581845479e-17,"GLM","NYC","DTF_Sask_2017_b",18.8127983895023,16.2250047841191,"Significant",-2.93327994155995
"Lcu.1GRN.Chr2p134257921",2,134257921,1.54842943677009e-19,0.263975155279503,NA,5.98667315354073e-17,"GLM","NYC","DTF_Sask_2017_b",18.8101085810205,16.2228144518073,"Significant",-2.86358510120638
"Lcu.1GRN.Chr1p445790221",1,445790221,1.55106873092821e-19,0.28416149068323,NA,5.98925157916495e-17,"GLM","NYC","DTF_Sask_2017_b",18.8093689573112,16.2226274439456,"Significant",2.78318179941566
"Lcu.1GRN.Chr4p437203311",4,437203311,1.55265747740766e-19,0.347826086956522,NA,5.98925157916495e-17,"GLM","NYC","DTF_Sask_2017_b",18.8089243408449,16.2226274439456,"Significant",-2.80102404219369
"Lcu.1GRN.Chr1p367989646",1,367989646,1.55992995799692e-19,0.369354838709677,NA,1.96368328144414e-16,"GLM","NYC","Cotyledon_RedvsYellow",18.8068949013496,15.7069285573907,"Significant",-0.365710812920308
"Lcu.1GRN.Chr1p360343556",1,360343556,1.56063565599928e-19,0.179032258064516,NA,1.96368328144414e-16,"GLM","NYC","Cotyledon_RedvsYellow",18.8066984749376,15.7069285573907,"Significant",-0.36110526506491
"Lcu.1GRN.Chr2p553914895",2,553914895,1.56234172307438e-19,0.256211180124224,NA,6.01970444862955e-17,"GLM","NYC","DTF_Sask_2017_b",18.8062239690413,16.220424830915,"Significant",-2.96985054623293
"Lcu.1GRN.Chr1p74267869",1,74267869,1.56456227699813e-19,0.408064516129032,NA,1.96368328144414e-16,"GLM","NYC","Cotyledon_RedvsYellow",18.8056071451938,15.7069285573907,"Significant",0.350027508963308
"Lcu.1GRN.Chr5p403589362",5,403589362,1.56659790574827e-19,0.349378881987578,NA,6.02919722840766e-17,"GLM","NYC","DTF_Sask_2017_b",18.8050424583644,16.219740509167,"Significant",-3.01249430311447
"Lcu.1GRN.Chr7p648994479",7,648994479,1.57215498995996e-19,0.440993788819876,NA,6.04115903203134e-17,"GLM","NYC","DTF_Sask_2017_b",18.8035046415241,16.2188797314242,"Significant",2.85894629056672
"Lcu.1GRN.Chr4p437385805",4,437385805,1.573298008443e-19,0.402173913043478,NA,6.04115903203134e-17,"GLM","NYC","DTF_Sask_2017_b",18.803189007088,16.2188797314242,"Significant",-2.9787949317561
"Lcu.1GRN.Chr3p224431127",3,224431127,1.57957876285021e-19,0.458074534161491,NA,6.05835997404376e-17,"GLM","NYC","DTF_Sask_2017_b",18.8014587139067,16.2176449254409,"Significant",2.58517859205871
"Lcu.1GRN.Chr2p580441449",2,580441449,1.58186154433705e-19,0.254658385093168,NA,6.06020526291594e-17,"GLM","NYC","DTF_Sask_2017_b",18.8008315316865,16.2175126657608,"Significant",-2.92802852684768
"Lcu.1GRN.Chr2p140402066",2,140402066,1.5851270402117e-19,0.296583850931677,NA,6.06580690710909e-17,"GLM","NYC","DTF_Sask_2017_b",18.7999359254639,16.2171114187058,"Significant",-2.86832305289958
"Lcu.1GRN.Chr1p328601768",1,328601768,1.59193272206644e-19,0.348387096774194,NA,1.99060830454767e-16,"GLM","NYC","Cotyledon_RedvsYellow",18.7980752902747,15.7010141884452,"Significant",0.319142431948061
"Lcu.1GRN.Chr5p405946276",5,405946276,1.63114613126091e-19,0.357142857142857,NA,6.23481512197545e-17,"GLM","NYC","DTF_Sask_2017_b",18.7875071296051,16.2051764199234,"Significant",-2.87992034143625
"Lcu.1GRN.Chr1p437280693",1,437280693,1.65946993016744e-19,0.270186335403727,NA,6.33587879682898e-17,"GLM","NYC","DTF_Sask_2017_b",18.7800306126622,16.1981931392424,"Significant",2.93003249150296
"Lcu.1GRN.Chr4p440025497",4,440025497,1.66262519484838e-19,0.330745341614907,NA,6.34072844575469e-17,"GLM","NYC","DTF_Sask_2017_b",18.7792056426356,16.1978608459355,"Significant",-2.81882796506459
"Lcu.1GRN.Chr1p363516742",1,363516742,1.67851422598542e-19,0.111290322580645,NA,2.09109923945199e-16,"GLM","NYC","Cotyledon_RedvsYellow",18.7750749736053,15.6796253559324,"Significant",-0.456201183267926
"Lcu.1GRN.Chr1p369008211",1,369008211,1.6918233298156e-19,0.316129032258065,NA,2.09990235417005e-16,"GLM","NYC","Cotyledon_RedvsYellow",18.7716449905241,15.6778008995666,"Significant",-0.395740440907663
"Lcu.1GRN.Chr2p99348033",2,99348033,1.69388839040611e-19,0.479813664596273,NA,6.45264050074443e-17,"GLM","NYC","DTF_Sask_2017_b",18.7711152085434,16.1902625302891,"Significant",2.49440320057007
"Lcu.1GRN.Chr5p415836715",5,415836715,1.70667097905142e-19,0.312111801242236,NA,6.47264500750791e-17,"GLM","NYC","DTF_Sask_2017_b",18.7678501963752,16.1889182112283,"Significant",-2.80133684810247
"Lcu.1GRN.Chr2p98392727",2,98392727,1.70683691374585e-19,0.433229813664596,NA,6.47264500750791e-17,"GLM","NYC","DTF_Sask_2017_b",18.7678079732285,16.1889182112283,"Significant",-2.57221497403771
"Lcu.1GRN.Chr2p98544058",2,98544058,1.70683691374585e-19,0.433229813664596,NA,6.47264500750791e-17,"GLM","NYC","DTF_Sask_2017_b",18.7678079732285,16.1889182112283,"Significant",-2.57221497403771
"Lcu.1GRN.Chr2p98545043",2,98545043,1.70683691374585e-19,0.433229813664596,NA,6.47264500750791e-17,"GLM","NYC","DTF_Sask_2017_b",18.7678079732285,16.1889182112283,"Significant",-2.57221497403771
"Lcu.1GRN.Chr3p343620153",3,343620153,1.71062577164159e-19,0.445652173913043,NA,6.4797078708307e-17,"GLM","NYC","DTF_Sask_2017_b",18.766844989341,16.1884445732878,"Significant",-2.72046617462536
"Lcu.1GRN.Chr1p363513655",1,363513655,1.7243940659527e-19,0.132258064516129,NA,2.13246051022909e-16,"GLM","NYC","Cotyledon_RedvsYellow",18.7633634803255,15.6711190025278,"Significant",-0.414885737534379
"Lcu.1GRN.Chr5p409834552",5,409834552,1.72829207913523e-19,0.360248447204969,NA,6.49559030162398e-17,"GLM","NYC","DTF_Sask_2017_b",18.7623828604465,16.1873813752932,"Significant",-2.68296695043388
"Lcu.1GRN.Chr5p410176757",5,410176757,1.72829207913523e-19,0.360248447204969,NA,6.49559030162398e-17,"GLM","NYC","DTF_Sask_2017_b",18.7623828604465,16.1873813752932,"Significant",-2.68296695043388
"Lcu.1GRN.Chr5p410177330",5,410177330,1.72829207913523e-19,0.360248447204969,NA,6.49559030162398e-17,"GLM","NYC","DTF_Sask_2017_b",18.7623828604465,16.1873813752932,"Significant",-2.68296695043388
"Lcu.1GRN.Chr5p410177579",5,410177579,1.72829207913523e-19,0.360248447204969,NA,6.49559030162398e-17,"GLM","NYC","DTF_Sask_2017_b",18.7623828604465,16.1873813752932,"Significant",-2.68296695043388
"Lcu.1GRN.Chr5p410186877",5,410186877,1.72829207913523e-19,0.360248447204969,NA,6.49559030162398e-17,"GLM","NYC","DTF_Sask_2017_b",18.7623828604465,16.1873813752932,"Significant",-2.68296695043388
"Lcu.1GRN.Chr5p410411234",5,410411234,1.72829207913523e-19,0.360248447204969,NA,6.49559030162398e-17,"GLM","NYC","DTF_Sask_2017_b",18.7623828604465,16.1873813752932,"Significant",-2.68296695043388
"Lcu.1GRN.Chr2p135647788",2,135647788,1.72833640635183e-19,0.274844720496894,NA,6.49559030162398e-17,"GLM","NYC","DTF_Sask_2017_b",18.7623717218092,16.1873813752932,"Significant",-2.86219263353154
"Lcu.1GRN.Chr1p356759576",1,356759576,1.73649090264618e-19,0.458064516129032,NA,2.13429647628913e-16,"GLM","NYC","Cotyledon_RedvsYellow",18.7603274875855,15.6707452526374,"Significant",-0.284316944509447
"Lcu.1GRN.Chr1p353678352",1,353678352,1.73856898715754e-19,0.22258064516129,NA,2.13429647628913e-16,"GLM","NYC","Cotyledon_RedvsYellow",18.7598080716489,15.6707452526374,"Significant",-0.315691138206353
"Lcu.1GRN.Chr4p439349435",4,439349435,1.74159399773597e-19,0.386645962732919,NA,6.53811102942473e-17,"GLM","NYC","DTF_Sask_2017_b",18.7590530807255,16.1845477085557,"Significant",-2.83567497207173
"Lcu.1GRN.Chr5p257361090",5,257361090,1.74472729923666e-19,0.368012422360248,NA,6.54257176658123e-17,"GLM","NYC","DTF_Sask_2017_b",18.7582724435998,16.184251504812,"Significant",-2.87309171339491
"Lcu.1GRN.Chr5p311149819",5,311149819,1.75494576389651e-19,0.386645962732919,NA,6.57356171230042e-17,"GLM","NYC","DTF_Sask_2017_b",18.7557363007391,16.1821992555746,"Significant",-3.30268437460541
"Lcu.1GRN.Chr1p367886700",1,367886700,1.76243717800918e-19,0.382258064516129,NA,8.71802509199137e-16,"MLM","NYC","Cotyledon_RedvsYellow",18.7538863544672,15.0595818853415,"Significant",-0.339712014014544
"Lcu.1GRN.Chr3p329139556",3,329139556,1.76405174558046e-19,0.380434782608696,NA,6.60032028371148e-17,"GLM","NYC","DTF_Sask_2017_b",18.7534886796971,16.1804349895985,"Significant",-2.62209036954879
"Lcu.1GRN.Chr5p1634493",5,1634493,1.76887111293351e-19,0.442546583850932,NA,6.61099855160117e-17,"GLM","NYC","DTF_Sask_2017_b",18.7523038103808,16.1797329379883,"Significant",2.54499473625206
"Lcu.1GRN.Chr2p416288277",2,416288277,1.77738797765802e-19,0.296583850931677,NA,6.63545684662481e-17,"GLM","NYC","DTF_Sask_2017_b",18.7502177617476,16.1781291708948,"Significant",-2.83564087275103
"Lcu.1GRN.Chr5p417964639",5,417964639,1.79773829094255e-19,0.332298136645963,NA,6.69892368399318e-17,"GLM","NYC","DTF_Sask_2017_b",18.7452735312191,16.1739949697846,"Significant",-2.81315520085906
"Lcu.1GRN.Chr1p434775151",1,434775151,1.7983714474505e-19,0.5,NA,6.69892368399318e-17,"GLM","NYC","DTF_Sask_2017_b",18.7451206013029,16.1739949697846,"Significant",2.50753283586926
"Lcu.1GRN.Chr1p367140139",1,367140139,1.80170790026409e-19,0.346774193548387,NA,8.78311712011785e-16,"MLM","NYC","Cotyledon_RedvsYellow",18.7443156171229,15.0563513260283,"Significant",-0.339103453419375
"Lcu.1GRN.Chr5p470774520",5,470774520,1.81094359089186e-19,0.18944099378882,NA,6.73829273050355e-17,"GLM","NYC","DTF_Sask_2017_b",18.7420950773204,16.1714501259639,"Significant",-3.36952057345906
"Lcu.1GRN.Chr4p105635943",4,105635943,1.81458191182249e-19,0.489130434782609,NA,6.74436987772371e-17,"GLM","NYC","DTF_Sask_2017_b",18.7412234225863,16.1710586199596,"Significant",2.51960622819557
"Lcu.1GRN.Chr5p415894735",5,415894735,1.82292064039074e-19,0.31832298136646,NA,6.76375929323162e-17,"GLM","NYC","DTF_Sask_2017_b",18.7392322376481,16.1698118563495,"Significant",-2.79105911513594
"Lcu.1GRN.Chr4p417477719",4,417477719,1.82404471085679e-19,0.338509316770186,NA,6.76375929323162e-17,"GLM","NYC","DTF_Sask_2017_b",18.7389645204811,16.1698118563495,"Significant",-2.84199086752444
"Lcu.1GRN.Chr1p368732520",1,368732520,1.82460211970153e-19,0.390322580645161,NA,2.23176705890053e-16,"GLM","NYC","Cotyledon_RedvsYellow",18.7388318249375,15.6513511369358,"Significant",-0.357259716454675
"Lcu.1GRN.Chr5p405775318",5,405775318,1.82583114225067e-19,0.361801242236025,NA,6.76375929323162e-17,"GLM","NYC","DTF_Sask_2017_b",18.7385393896603,16.1698118563495,"Significant",-2.79604396356045
"Lcu.1GRN.Chr2p135213110",2,135213110,1.82946496106849e-19,0.240683229813665,NA,6.76976502265925e-17,"GLM","NYC","DTF_Sask_2017_b",18.7376759039474,16.1694264053375,"Significant",-3.0548488799168
"Lcu.1GRN.Chr2p416197781",2,416197781,1.83541419669162e-19,0.287267080745342,NA,6.7843161219623e-17,"GLM","NYC","DTF_Sask_2017_b",18.736265913407,16.1684939238962,"Significant",-2.80461617759718
"Lcu.1GRN.Chr2p580544574",2,580544574,1.83788691109402e-19,0.256211180124224,NA,6.7847852862773e-17,"GLM","NYC","DTF_Sask_2017_b",18.7356812151473,16.1684638916241,"Significant",-2.91936000452132
"Lcu.1GRN.Chr3p258127045",3,258127045,1.84159235786245e-19,0.270186335403727,NA,6.7847852862773e-17,"GLM","NYC","DTF_Sask_2017_b",18.7348064959216,16.1684638916241,"Significant",-2.83842911202188
"Lcu.1GRN.Chr3p258127060",3,258127060,1.84159235786245e-19,0.270186335403727,NA,6.7847852862773e-17,"GLM","NYC","DTF_Sask_2017_b",18.7348064959216,16.1684638916241,"Significant",-2.83842911202188
"Lcu.1GRN.Chr4p106130274",4,106130274,1.84761041587715e-19,0.481366459627329,NA,6.79950954876748e-17,"GLM","NYC","DTF_Sask_2017_b",18.7333895980897,16.1675224119917,"Significant",2.56323579358727
"Lcu.1GRN.Chr2p551171479",2,551171479,1.85062211445655e-19,0.295031055900621,NA,6.80011578871746e-17,"GLM","NYC","DTF_Sask_2017_b",18.7326822524306,16.1674836922977,"Significant",-3.00338662222519
"Lcu.1GRN.Chr5p402155884",5,402155884,1.85181841930546e-19,0.313664596273292,NA,6.80011578871746e-17,"GLM","NYC","DTF_Sask_2017_b",18.7324016004618,16.1674836922977,"Significant",-2.8418140344194
"Lcu.1GRN.Chr2p113455874",2,113455874,1.86201133816643e-19,0.316770186335404,NA,6.83008907072003e-17,"GLM","NYC","DTF_Sask_2017_b",18.730017678839,16.1655736326772,"Significant",2.78470837838513
"Lcu.1GRN.Chr4p106192344",4,106192344,1.86716050030521e-19,0.489130434782609,NA,6.84151607849851e-17,"GLM","NYC","DTF_Sask_2017_b",18.7288183486814,16.1648476480507,"Significant",2.5132310876911
"Lcu.1GRN.Chr1p360343177",1,360343177,1.86724263586327e-19,0.137096774193548,NA,2.27564783948341e-16,"GLM","NYC","Cotyledon_RedvsYellow",18.7287992446809,15.6428949449143,"Significant",-0.477281760351177
"Lcu.1GRN.Chr4p106004396",4,106004396,1.88406900151723e-19,0.498447204968944,NA,6.89595906238679e-17,"GLM","NYC","DTF_Sask_2017_b",18.724903195795,16.1614053253493,"Significant",-2.52424782268884
"Lcu.1GRN.Chr1p365326090",1,365326090,1.89061304618713e-19,0.343548387096774,NA,2.29581169136038e-16,"GLM","NYC","Cotyledon_RedvsYellow",18.7233973495802,15.6390637368128,"Significant",-0.365511656289667
"Lcu.1GRN.Chr3p332523713",3,332523713,1.89298507394124e-19,0.388198757763975,NA,6.91426160973024e-17,"GLM","NYC","DTF_Sask_2017_b",18.7228528104052,16.1602541924082,"Significant",-2.64944410022341
"Lcu.1GRN.Chr5p2551744",5,2551744,1.89535558380679e-19,0.290372670807453,NA,6.91426160973024e-17,"GLM","NYC","DTF_Sask_2017_b",18.7223093009475,16.1602541924082,"Significant",2.73312839800364
"Lcu.1GRN.Chr1p366659366",1,366659366,1.89816562489759e-19,0.346774193548387,NA,9.12114681071326e-16,"MLM","NYC","Cotyledon_RedvsYellow",18.721665895786,15.0399505539684,"Significant",-0.347212869681805
"Lcu.1GRN.Chr5p472576598",5,472576598,1.90005700619739e-19,0.350931677018634,NA,6.91426160973024e-17,"GLM","NYC","DTF_Sask_2017_b",18.7212333689916,16.1602541924082,"Significant",5.43897738606478
"Lcu.1GRN.Chr2p133089040",2,133089040,1.90071986191493e-19,0.267080745341615,NA,6.91426160973024e-17,"GLM","NYC","DTF_Sask_2017_b",18.7210818870218,16.1602541924082,"Significant",-2.85801827790624
"Lcu.1GRN.Chr2p561527709",2,561527709,1.90140292864653e-19,0.184782608695652,NA,6.91426160973024e-17,"GLM","NYC","DTF_Sask_2017_b",18.720925841501,16.1602541924082,"Significant",3.20330029798754
"Lcu.1GRN.Chr2p561719111",2,561719111,1.90140292864653e-19,0.184782608695652,NA,6.91426160973024e-17,"GLM","NYC","DTF_Sask_2017_b",18.720925841501,16.1602541924082,"Significant",3.20330029798754
"Lcu.1GRN.Chr3p235924160",3,235924160,1.90990212285405e-19,0.479813664596273,NA,6.93580531633951e-17,"GLM","NYC","DTF_Sask_2017_b",18.7189888885604,16.1589031057317,"Significant",2.63522741043663
"Lcu.1GRN.Chr3p346712124",3,346712124,1.91227941400739e-19,0.368012422360248,NA,6.93580531633951e-17,"GLM","NYC","DTF_Sask_2017_b",18.7184486501898,16.1589031057317,"Significant",-2.6597237623285
"Lcu.1GRN.Chr3p224229735",3,224229735,1.91351331538559e-19,0.496894409937888,NA,6.93580531633951e-17,"GLM","NYC","DTF_Sask_2017_b",18.7181685113447,16.1589031057317,"Significant",2.7876030070468
"Lcu.1GRN.Chr1p367885965",1,367885965,1.91918831292023e-19,0.333870967741935,NA,2.32212811241741e-16,"GLM","NYC","Cotyledon_RedvsYellow",18.7168824097097,15.6341138237959,"Significant",-0.361181330545709
"Lcu.1GRN.Chr4p440226351",4,440226351,1.91952214098131e-19,0.368012422360248,NA,6.95009584494577e-17,"GLM","NYC","DTF_Sask_2017_b",18.7168068740907,16.1580092062525,"Significant",-2.62521416012964
"Lcu.1GRN.Chr6p21969147",6,21969147,1.92303930038463e-19,0.324534161490683,NA,6.95534365970406e-17,"GLM","NYC","DTF_Sask_2017_b",18.7160118401683,16.1576814068904,"Significant",-2.78954475252128
"Lcu.1GRN.Chr6p22044805",6,22044805,1.92931220394596e-19,0.307453416149068,NA,6.96515251413838e-17,"GLM","NYC","DTF_Sask_2017_b",18.7145974885408,16.1570693695023,"Significant",-2.72738291318535
"Lcu.1GRN.Chr6p214773870",6,214773870,1.92989268958518e-19,0.214285714285714,NA,6.96515251413838e-17,"GLM","NYC","DTF_Sask_2017_b",18.7144668389801,16.1570693695023,"Significant",-3.11313829496002
"Lcu.1GRN.Chr1p364495366",1,364495366,1.93211729332379e-19,0.129032258064516,NA,2.32939246452847e-16,"GLM","NYC","Cotyledon_RedvsYellow",18.7139665123423,15.6327573337841,"Significant",-0.409450833063964
"Lcu.1GRN.Chr2p135303827",2,135303827,1.94923215546469e-19,0.259316770186335,NA,7.02741020833003e-17,"GLM","NYC","DTF_Sask_2017_b",18.7101364329024,16.1532046948171,"Significant",-2.86712548484309
"Lcu.1GRN.Chr2p399114127",2,399114127,1.95446752357547e-19,0.309006211180124,NA,7.03874065848511e-17,"GLM","NYC","DTF_Sask_2017_b",18.7089715416294,16.1525050360276,"Significant",-2.82266412355862
"Lcu.1GRN.Chr6p438180291",6,438180291,1.96119245942874e-19,0.434782608695652,NA,7.04786777778491e-17,"GLM","NYC","DTF_Sask_2017_b",18.7074797852376,16.1519422521438,"Significant",-2.55970205203707
"Lcu.1GRN.Chr6p438193191",6,438193191,1.96119245942874e-19,0.434782608695652,NA,7.04786777778491e-17,"GLM","NYC","DTF_Sask_2017_b",18.7074797852376,16.1519422521438,"Significant",-2.55970205203707
"Lcu.1GRN.Chr1p365084357",1,365084357,1.98605445181631e-19,0.37258064516129,NA,9.40905884217038e-16,"MLM","NYC","Cotyledon_RedvsYellow",18.7020088485903,15.0264538154775,"Significant",-0.363773581829922
"Lcu.1GRN.Chr4p418056996",4,418056996,1.99369516303613e-19,0.352484472049689,NA,7.15702519642447e-17,"GLM","NYC","DTF_Sask_2017_b",18.7003412447866,16.1452674538425,"Significant",-2.74936074525758
"Lcu.1GRN.Chr4p106080090",4,106080090,2.00059027879559e-19,0.492236024844721,NA,7.17412100541189e-17,"GLM","NYC","DTF_Sask_2017_b",18.6988418458355,16.1442313023827,"Significant",2.53023323079977
"Lcu.1GRN.Chr2p400166284",2,400166284,2.01331738611197e-19,0.301242236024845,NA,7.21207166362434e-17,"GLM","NYC","DTF_Sask_2017_b",18.6960877560742,16.1419399665084,"Significant",-2.74449254199104
"Lcu.1GRN.Chr1p171224647",1,171224647,2.03955148425165e-19,0.346774193548387,NA,2.44141570855257e-16,"GLM","NYC","Cotyledon_RedvsYellow",18.6904653273441,15.6123582654173,"Significant",0.32011554431169
"Lcu.1GRN.Chr1p176393146",1,176393146,2.03955148425165e-19,0.346774193548387,NA,2.44141570855257e-16,"GLM","NYC","Cotyledon_RedvsYellow",18.6904653273441,15.6123582654173,"Significant",0.32011554431169
"Lcu.1GRN.Chr6p22038237",6,22038237,2.04294092915528e-19,0.296583850931677,NA,7.26918286030082e-17,"GLM","NYC","DTF_Sask_2017_b",18.6897441906425,16.1385144060884,"Significant",-2.85178030121264
"Lcu.1GRN.Chr5p34767565",5,34767565,2.04440421073211e-19,0.245341614906832,NA,7.26918286030082e-17,"GLM","NYC","DTF_Sask_2017_b",18.6894332332266,16.1385144060884,"Significant",-3.01758587849551
"Lcu.1GRN.Chr2p135649693",2,135649693,2.04682185673384e-19,0.257763975155279,NA,7.26918286030082e-17,"GLM","NYC","DTF_Sask_2017_b",18.6889199541153,16.1385144060884,"Significant",-2.86256637956549
"Lcu.1GRN.Chr2p140455464",2,140455464,2.04682185673384e-19,0.257763975155279,NA,7.26918286030082e-17,"GLM","NYC","DTF_Sask_2017_b",18.6889199541153,16.1385144060884,"Significant",-2.86256637956549
"Lcu.1GRN.Chr4p105702968",4,105702968,2.05156034729108e-19,0.490683229813665,NA,7.26918286030082e-17,"GLM","NYC","DTF_Sask_2017_b",18.6879157036008,16.1385144060884,"Significant",2.502963414068
"Lcu.1GRN.Chr4p429809210",4,429809210,2.05159837214243e-19,0.183229813664596,NA,7.26918286030082e-17,"GLM","NYC","DTF_Sask_2017_b",18.6879076542007,16.1385144060884,"Significant",-3.25851346026965
"Lcu.1GRN.Chr3p263080036",3,263080036,2.05333558285653e-19,0.274844720496894,NA,7.26918286030082e-17,"GLM","NYC","DTF_Sask_2017_b",18.6875400667655,16.1385144060884,"Significant",-2.81790785391109
"Lcu.1GRN.Chr5p37392889",5,37392889,2.05407696915008e-19,0.397515527950311,NA,7.26918286030082e-17,"GLM","NYC","DTF_Sask_2017_b",18.6873832868094,16.1385144060884,"Significant",-2.70846565811284
"Lcu.1GRN.Chr2p119237491",2,119237491,2.05694843000828e-19,0.408385093167702,NA,7.26918286030082e-17,"GLM","NYC","DTF_Sask_2017_b",18.6867765964159,16.1385144060884,"Significant",2.74772614273434
"Lcu.1GRN.Chr4p105635525",4,105635525,2.07032116116271e-19,0.492236024844721,NA,7.26918286030082e-17,"GLM","NYC","DTF_Sask_2017_b",18.6839622788417,16.1385144060884,"Significant",2.49916157134169
"Lcu.1GRN.Chr4p105638865",4,105638865,2.07032116116271e-19,0.492236024844721,NA,7.26918286030082e-17,"GLM","NYC","DTF_Sask_2017_b",18.6839622788417,16.1385144060884,"Significant",2.49916157134169
"Lcu.1GRN.Chr4p105638868",4,105638868,2.07032116116271e-19,0.492236024844721,NA,7.26918286030082e-17,"GLM","NYC","DTF_Sask_2017_b",18.6839622788417,16.1385144060884,"Significant",2.49916157134169
"Lcu.1GRN.Chr4p105641072",4,105641072,2.07032116116271e-19,0.492236024844721,NA,7.26918286030082e-17,"GLM","NYC","DTF_Sask_2017_b",18.6839622788417,16.1385144060884,"Significant",2.49916157134169
"Lcu.1GRN.Chr4p105703875",4,105703875,2.07032116116271e-19,0.492236024844721,NA,7.26918286030082e-17,"GLM","NYC","DTF_Sask_2017_b",18.6839622788417,16.1385144060884,"Significant",2.49916157134169
"Lcu.1GRN.Chr4p105706087",4,105706087,2.07032116116271e-19,0.492236024844721,NA,7.26918286030082e-17,"GLM","NYC","DTF_Sask_2017_b",18.6839622788417,16.1385144060884,"Significant",2.49916157134169
"Lcu.1GRN.Chr4p105711981",4,105711981,2.07032116116271e-19,0.492236024844721,NA,7.26918286030082e-17,"GLM","NYC","DTF_Sask_2017_b",18.6839622788417,16.1385144060884,"Significant",2.49916157134169
"Lcu.1GRN.Chr4p105712122",4,105712122,2.07032116116271e-19,0.492236024844721,NA,7.26918286030082e-17,"GLM","NYC","DTF_Sask_2017_b",18.6839622788417,16.1385144060884,"Significant",2.49916157134169
"Lcu.1GRN.Chr4p106132689",4,106132689,2.07032116116271e-19,0.492236024844721,NA,7.26918286030082e-17,"GLM","NYC","DTF_Sask_2017_b",18.6839622788417,16.1385144060884,"Significant",2.49916157134169
"Lcu.1GRN.Chr4p106192261",4,106192261,2.07032116116271e-19,0.492236024844721,NA,7.26918286030082e-17,"GLM","NYC","DTF_Sask_2017_b",18.6839622788417,16.1385144060884,"Significant",2.49916157134169
"Lcu.1GRN.Chr2p411995255",2,411995255,2.07753317527621e-19,0.287267080745342,NA,7.28689886932361e-17,"GLM","NYC","DTF_Sask_2017_b",18.6824520324178,16.1374572577566,"Significant",-2.90720581560883
"Lcu.1GRN.Chr5p421022155",5,421022155,2.08203864891447e-19,0.43944099378882,NA,7.29509473145221e-17,"GLM","NYC","DTF_Sask_2017_b",18.6815112129357,16.1369690641434,"Significant",-2.94304463525079
"Lcu.1GRN.Chr4p437088909",4,437088909,2.08737176348856e-19,0.354037267080745,NA,7.30617042632006e-17,"GLM","NYC","DTF_Sask_2017_b",18.6804001956623,16.136310201499,"Significant",-2.8908749175563
"Lcu.1GRN.Chr5p1650591",5,1650591,2.08917846031986e-19,0.123456790123457,NA,2.34243563720803e-14,"FarmCPU","NYC","DTF_Nepal_2017",18.6800244604401,13.6303323333279,"Significant",-2.75016340135335
"Lcu.1GRN.Chr1p367563036",1,367563036,2.11640037830967e-19,0.320967741935484,NA,9.88732286181789e-16,"MLM","NYC","Cotyledon_RedvsYellow",18.6744021695092,15.0049212841086,"Significant",-0.309176781092346
"Lcu.1GRN.Chr6p329042952",6,329042952,2.12165575776852e-19,0.274844720496894,NA,7.41845095918218e-17,"GLM","NYC","DTF_Sask_2017_b",18.6733250797322,16.1296867699382,"Significant",-2.93349062161911
"Lcu.1GRN.Chr5p394294592",5,394294592,2.12393315895518e-19,0.377329192546584,NA,7.41870223134244e-17,"GLM","NYC","DTF_Sask_2017_b",18.6728591548004,16.1296720600931,"Significant",-2.65148459127813
"Lcu.1GRN.Chr3p351642885",3,351642885,2.13172051415794e-19,0.369565217391304,NA,7.4381787778606e-17,"GLM","NYC","DTF_Sask_2017_b",18.6712697354407,16.1285333875117,"Significant",-2.72452325698922
"Lcu.1GRN.Chr2p552107933",2,552107933,2.14187707229837e-19,0.243788819875776,NA,7.46587321427756e-17,"GLM","NYC","DTF_Sask_2017_b",18.6692054580394,16.1269193895513,"Significant",-3.07872544285928
"Lcu.1GRN.Chr5p395878846",5,395878846,2.14460145364662e-19,0.374223602484472,NA,7.46763102648812e-17,"GLM","NYC","DTF_Sask_2017_b",18.6686534039753,16.1268171485589,"Significant",-2.63820818732016
"Lcu.1GRN.Chr2p135400494",2,135400494,2.14791345555159e-19,0.263975155279503,NA,7.47142921720292e-17,"GLM","NYC","DTF_Sask_2017_b",18.6679832213587,16.1265963136098,"Significant",-2.86470463531136
"Lcu.1GRN.Chr1p217264468",1,217264468,2.14910535102951e-19,0.338709677419355,NA,2.55122194094846e-16,"GLM","NYC","Cotyledon_RedvsYellow",18.6677422944903,15.5932517587416,"Significant",0.316225884741722
"Lcu.1GRN.Chr1p377699900",1,377699900,2.15167867858621e-19,0.143548387096774,NA,2.55122194094846e-16,"GLM","NYC","Cotyledon_RedvsYellow",18.6672225836265,15.5932517587416,"Significant",-0.416060704389333
"Lcu.1GRN.Chr1p363528851",1,363528851,2.15403720112069e-19,0.111290322580645,NA,2.55122194094846e-16,"GLM","NYC","Cotyledon_RedvsYellow",18.6667468005265,15.5932517587416,"Significant",-0.450476058544279
"Lcu.1GRN.Chr2p399647007",2,399647007,2.15681752148077e-19,0.302795031055901,NA,7.49465123190002e-17,"GLM","NYC","DTF_Sask_2017_b",18.6661865970237,16.1252485725002,"Significant",-2.73295828567288
"Lcu.1GRN.Chr3p220400024",3,220400024,2.16109088265682e-19,0.330745341614907,NA,7.50175084547603e-17,"GLM","NYC","DTF_Sask_2017_b",18.6653269688843,16.1248373641032,"Significant",2.70410255590929
"Lcu.1GRN.Chr4p105710279",4,105710279,2.16579000197307e-19,0.481366459627329,NA,7.51031222261522e-17,"GLM","NYC","DTF_Sask_2017_b",18.6643836554695,16.1243420079039,"Significant",2.53050647220314
"Lcu.1GRN.Chr1p444457332",1,444457332,2.18188904843894e-19,0.245341614906832,NA,7.5571895590137e-17,"GLM","NYC","DTF_Sask_2017_b",18.6611673375588,16.1216396841206,"Significant",3.19834830443824
"Lcu.1GRN.Chr4p105710757",4,105710757,2.18380169617154e-19,0.490683229813665,NA,7.5571895590137e-17,"GLM","NYC","DTF_Sask_2017_b",18.6607868010262,16.1216396841206,"Significant",2.50147551367469
"Lcu.1GRN.Chr2p151862894",2,151862894,2.20181621351176e-19,0.364906832298137,NA,7.6058437892101e-17,"GLM","NYC","DTF_Sask_2017_b",18.6572189345872,16.1188525984854,"Significant",-2.65538898701763
"Lcu.1GRN.Chr5p408963847",5,408963847,2.20238366150384e-19,0.375776397515528,NA,7.6058437892101e-17,"GLM","NYC","DTF_Sask_2017_b",18.6571070234387,16.1188525984854,"Significant",-2.88485317505575
"Lcu.1GRN.Chr3p346580502",3,346580502,2.20920536303286e-19,0.377329192546584,NA,7.62157723433103e-17,"GLM","NYC","DTF_Sask_2017_b",18.6557639111605,16.1179551450272,"Significant",-2.65459217133262
"Lcu.1GRN.Chr1p455377406",1,455377406,2.21552533114333e-19,0.456521739130435,NA,7.63554927316278e-17,"GLM","NYC","DTF_Sask_2017_b",18.6545232801109,16.1171597159457,"Significant",2.75726568786287
"Lcu.1GRN.Chr3p258126984",3,258126984,2.22732872227903e-19,0.271739130434783,NA,7.66053047368946e-17,"GLM","NYC","DTF_Sask_2017_b",18.6522156825005,16.1157411554563,"Significant",-2.83189936319741
"Lcu.1GRN.Chr3p258127017",3,258127017,2.22732872227903e-19,0.271739130434783,NA,7.66053047368946e-17,"GLM","NYC","DTF_Sask_2017_b",18.6522156825005,16.1157411554563,"Significant",-2.83189936319741
"Lcu.1GRN.Chr1p363891534",1,363891534,2.2346596269409e-19,0.119354838709677,NA,2.63732475525043e-16,"GLM","NYC","Cotyledon_RedvsYellow",18.6507886172294,15.5788363887014,"Significant",-0.420376833339075
"Lcu.1GRN.Chr3p351492192",3,351492192,2.24176352188069e-19,0.304347826086957,NA,7.69908846754336e-17,"GLM","NYC","DTF_Sask_2017_b",18.6494102019814,16.1135606900158,"Significant",-2.93447071519876
"Lcu.1GRN.Chr1p363891548",1,363891548,2.24241640827317e-19,0.119354838709677,NA,2.63732475525043e-16,"GLM","NYC","Cotyledon_RedvsYellow",18.6492837374042,15.5788363887014,"Significant",-0.42248053085972
"Lcu.1GRN.Chr5p391944923",5,391944923,2.24311739801838e-19,0.377329192546584,NA,7.69908846754336e-17,"GLM","NYC","DTF_Sask_2017_b",18.6491479961552,16.1135606900158,"Significant",-2.64126744853269
"Lcu.1GRN.Chr1p367669117",1,367669117,2.24674663981676e-19,0.370967741935484,NA,1.03524853013047e-15,"MLM","NYC","Cotyledon_RedvsYellow",18.6484458991578,14.9849553774464,"Significant",-0.329470099891126
"Lcu.1GRN.Chr4p440277335",4,440277335,2.24813550998738e-19,0.355590062111801,NA,7.70844645349567e-17,"GLM","NYC","DTF_Sask_2017_b",18.6481775145149,16.1130331400629,"Significant",-2.61238216024292
"Lcu.1GRN.Chr2p152073929",2,152073929,2.26025304447018e-19,0.366459627329193,NA,7.74210321598065e-17,"GLM","NYC","DTF_Sask_2017_b",18.6458429371069,16.111141043062,"Significant",-2.65900094447699
"Lcu.1GRN.Chr4p105710292",4,105710292,2.28929495247545e-19,0.486024844720497,NA,7.83360402115271e-17,"GLM","NYC","DTF_Sask_2017_b",18.6402982492738,16.1060383852741,"Significant",2.51395656226782
"Lcu.1GRN.Chr2p399760881",2,399760881,2.29535527057436e-19,0.299689440993789,NA,7.84635941359031e-17,"GLM","NYC","DTF_Sask_2017_b",18.6391500856784,16.1053318022779,"Significant",-2.7368708855473
"Lcu.1GRN.Chr5p37198756",5,37198756,2.30325935853616e-19,0.498447204968944,NA,7.86538518429169e-17,"GLM","NYC","DTF_Sask_2017_b",18.637657155549,16.1042800042147,"Significant",2.90835665868531
"Lcu.1GRN.Chr3p437386398",3,437386398,2.32539974337405e-19,0.333850931677019,NA,1.30364622579916e-14,"FarmCPU","NYC","DTF_Sask_2017_b",18.6335023797981,13.8848402483499,"Significant",0.201509063246363
"Lcu.1GRN.Chr1p367801395",1,367801395,2.32580382743397e-19,0.361290322580645,NA,2.72586639729088e-16,"GLM","NYC","Cotyledon_RedvsYellow",18.6334269191243,15.5644954340264,"Significant",-0.353502360143573
"Lcu.1GRN.Chr2p551378779",2,551378779,2.3307847864048e-19,0.309006211180124,NA,7.95130914925674e-17,"GLM","NYC","DTF_Sask_2017_b",18.6324978253176,16.0995613607158,"Significant",-3.17612532626086
"Lcu.1GRN.Chr2p353157880",2,353157880,2.33314865320213e-19,0.440993788819876,NA,7.95130914925674e-17,"GLM","NYC","DTF_Sask_2017_b",18.632057589878,16.0995613607158,"Significant",-2.65013718138772
"Lcu.1GRN.Chr6p304978019",6,304978019,2.34336786248498e-19,0.203416149068323,NA,7.97805281174579e-17,"GLM","NYC","DTF_Sask_2017_b",18.6301595303928,16.0981030931485,"Significant",-3.13093934772958
"Lcu.1GRN.Chr5p392206652",5,392206652,2.35342422122999e-19,0.385093167701863,NA,8.00418852398856e-17,"GLM","NYC","DTF_Sask_2017_b",18.6282997811396,16.0966826909049,"Significant",-2.66653870438311
"Lcu.1GRN.Chr2p415398733",2,415398733,2.35642332516584e-19,0.186335403726708,NA,8.00629337996019e-17,"GLM","NYC","DTF_Sask_2017_b",18.6277466870306,16.0965684997963,"Significant",-3.22099924379521
"Lcu.1GRN.Chr1p365081644",1,365081644,2.36416614111976e-19,0.367741935483871,NA,2.76120650135427e-16,"GLM","NYC","Cotyledon_RedvsYellow",18.6263220067941,15.5589011127215,"Significant",-0.362717747394945
"Lcu.1GRN.Chr5p29607744",5,29607744,2.38068440298612e-19,0.347826086956522,NA,8.06948169490302e-17,"GLM","NYC","DTF_Sask_2017_b",18.6232981733167,16.0931543592398,"Significant",2.77294972039192
"Lcu.1GRN.Chr4p106206085",4,106206085,2.38111160717588e-19,0.490683229813665,NA,8.06948169490302e-17,"GLM","NYC","DTF_Sask_2017_b",18.6232202479195,16.0931543592398,"Significant",2.49794008323742
"Lcu.1GRN.Chr2p364423003",2,364423003,2.38290728718827e-19,0.298136645962733,NA,8.06948169490302e-17,"GLM","NYC","DTF_Sask_2017_b",18.6228928546094,16.0931543592398,"Significant",2.69964363572909
"Lcu.1GRN.Chr3p346350677",3,346350677,2.38461704172336e-19,0.493788819875776,NA,8.06948169490302e-17,"GLM","NYC","DTF_Sask_2017_b",18.6225813566744,16.0931543592398,"Significant",2.60093965899147
"Lcu.1GRN.Chr3p237522204",3,237522204,2.39353887448468e-19,0.486024844720497,NA,8.09153256878179e-17,"GLM","NYC","DTF_Sask_2017_b",18.620959514563,16.0919692134769,"Significant",-2.57981598597787
"Lcu.1GRN.Chr4p359784721",4,359784721,2.39893643398667e-19,0.0596774193548387,NA,2.79212128543528e-16,"GLM","NYC","Cotyledon_RedvsYellow",18.6199812596331,15.5540657205577,"Significant",-0.818592460976332
"Lcu.1GRN.Chr3p258890918",3,258890918,2.40820570023123e-19,0.220496894409938,NA,8.10874600661147e-17,"GLM","NYC","DTF_Sask_2017_b",18.6183064199641,16.0910463029427,"Significant",-3.04057773485022
"Lcu.1GRN.Chr2p136633833",2,136633833,2.40827348122879e-19,0.259316770186335,NA,8.10874600661147e-17,"GLM","NYC","DTF_Sask_2017_b",18.6182941965485,16.0910463029427,"Significant",-2.85697240795591
"Lcu.1GRN.Chr2p143575468",2,143575468,2.40827348122879e-19,0.259316770186335,NA,8.10874600661147e-17,"GLM","NYC","DTF_Sask_2017_b",18.6182941965485,16.0910463029427,"Significant",-2.85697240795591
"Lcu.1GRN.Chr2p150085668",2,150085668,2.40827348122879e-19,0.259316770186335,NA,8.10874600661147e-17,"GLM","NYC","DTF_Sask_2017_b",18.6182941965485,16.0910463029427,"Significant",-2.85697240795591
"Lcu.1GRN.Chr5p409527730",5,409527730,2.4179124303466e-19,0.380434782608696,NA,8.13305950458395e-17,"GLM","NYC","DTF_Sask_2017_b",18.616559432055,16.0897460502232,"Significant",-2.64126183220273
"Lcu.1GRN.Chr1p133324600",1,133324600,2.47917719009056e-19,0.367741935483871,NA,2.87556342723859e-16,"GLM","NYC","Cotyledon_RedvsYellow",18.6056924325188,15.5412770485858,"Significant",0.314655464484007
"Lcu.1GRN.Chr1p366600928",1,366600928,2.71391816248178e-19,0.356451612903226,NA,3.13701893663061e-16,"GLM","NYC","Cotyledon_RedvsYellow",18.5664032525195,15.5034828596735,"Significant",-0.35619628527199
"Lcu.1GRN.Chr1p365387366",1,365387366,2.87449999205703e-19,0.345161290322581,NA,1.30660397138952e-15,"MLM","NYC","Cotyledon_RedvsYellow",18.5414376882181,14.8838560261172,"Significant",-0.348907215111715
"Lcu.1GRN.Chr1p367667317",1,367667317,2.95203669515037e-19,0.306451612903226,NA,3.40057440766317e-16,"GLM","NYC","Cotyledon_RedvsYellow",18.5298782483387,15.4684477179553,"Significant",-0.368033652336756
"Lcu.1GRN.Chr1p359845465",1,359845465,3.03740752417153e-19,0.240322580645161,NA,3.48697493748466e-16,"GLM","NYC","Cotyledon_RedvsYellow",18.5174969355676,15.4575511740898,"Significant",-0.300925583967914
"Lcu.1GRN.Chr1p361420610",1,361420610,3.16419613264516e-19,0.167741935483871,NA,3.62017401547433e-16,"GLM","NYC","Cotyledon_RedvsYellow",18.4997366046037,15.441270553184,"Significant",-0.369214964786069
"Lcu.1GRN.Chr3p389318666",3,389318666,3.21779513518231e-19,0.0848765432098766,NA,6.3668240955051e-15,"GLM","NYC","DTF_Nepal_2017",18.4924416092401,14.1960771487865,"Significant",11.1767701017426
"Lcu.1GRN.Chr1p365687685",1,365687685,3.22526930346311e-19,0.408064516129032,NA,1.44649887973064e-15,"MLM","NYC","Cotyledon_RedvsYellow",18.4914340168039,14.8396818983637,"Significant",-0.309373275520382
"Lcu.1GRN.Chr1p365214707",1,365214707,3.23497994443339e-19,0.345161290322581,NA,3.67725749262224e-16,"GLM","NYC","Cotyledon_RedvsYellow",18.490128407437,15.4344759584614,"Significant",-0.364178107437601
"Lcu.1GRN.Chr1p342359925",1,342359925,3.23595423396523e-19,0.435483870967742,NA,3.67725749262224e-16,"GLM","NYC","Cotyledon_RedvsYellow",18.4899976292343,15.4344759584614,"Significant",-0.273405040037887
"Lcu.1GRN.Chr1p153033557",1,153033557,3.49313334643217e-19,0.351612903225806,NA,3.95614405501464e-16,"GLM","NYC","Cotyledon_RedvsYellow",18.4567848353431,15.4027279028284,"Significant",0.319265519472957
"Lcu.1GRN.Chr1p365784742",1,365784742,3.54621870648363e-19,0.4,NA,1.56951440479445e-15,"MLM","NYC","Cotyledon_RedvsYellow",18.4502344835997,14.8042346940487,"Significant",-0.304501943118481
"Lcu.1GRN.Chr1p166303247",1,166303247,3.76022428128136e-19,0.348387096774194,NA,4.2443468483952e-16,"GLM","NYC","Cotyledon_RedvsYellow",18.4247862504931,15.3721891327375,"Significant",0.318826830666508
"Lcu.1GRN.Chr1p368572365",1,368572365,3.7908729542919e-19,0.370967741935484,NA,1.6560059259952e-15,"MLM","NYC","Cotyledon_RedvsYellow",18.4212607700907,14.7809381134313,"Significant",-0.343613493053367
"Lcu.1GRN.Chr1p365786736",1,365786736,3.86905926590776e-19,0.37258064516129,NA,4.35258815416587e-16,"GLM","NYC","Cotyledon_RedvsYellow",18.4123946177433,15.3612524242359,"Significant",-0.34505093564307
"Lcu.1GRN.Chr1p367484558",1,367484558,3.96328094525381e-19,0.338709677419355,NA,4.44372307237397e-16,"GLM","NYC","Cotyledon_RedvsYellow",18.4019451407244,15.3522530136122,"Significant",-0.353200550873511
"Lcu.1GRN.Chr1p368962782",1,368962782,4.18479223817922e-19,0.348387096774194,NA,4.67649837468316e-16,"GLM","NYC","Cotyledon_RedvsYellow",18.3783260984956,15.3300792122576,"Significant",-0.357217629221656
"Lcu.1GRN.Chr1p362573151",1,362573151,4.39437536027261e-19,0.151612903225806,NA,4.88749089004528e-16,"GLM","NYC","Cotyledon_RedvsYellow",18.357102849115,15.3109140390911,"Significant",-0.396706192558507
"Lcu.1GRN.Chr1p367960422",1,367960422,4.40266060488609e-19,0.364516129032258,NA,4.88749089004528e-16,"GLM","NYC","Cotyledon_RedvsYellow",18.3562847924206,15.3109140390911,"Significant",-0.346319648800471
"Lcu.1GRN.Chr1p366659045",1,366659045,4.51052452798683e-19,0.348387096774194,NA,1.94511744090429e-15,"MLM","NYC","Cotyledon_RedvsYellow",18.3457729511676,14.7110541720262,"Significant",-0.33990663524272
"Lcu.1GRN.Chr1p365318065",1,365318065,4.65618238296551e-19,0.374193548387097,NA,5.15192795924658e-16,"GLM","NYC","Cotyledon_RedvsYellow",18.331970016682,15.2880302184589,"Significant",-0.334867262348149
"Lcu.1GRN.Chr1p367684187",1,367684187,4.72759370205648e-19,0.348387096774194,NA,5.21379183862174e-16,"GLM","NYC","Cotyledon_RedvsYellow",18.3253598545754,15.2828463120903,"Significant",-0.348624008288842
"Lcu.1GRN.Chr4p359784737",4,359784737,5.09757748755419e-19,0.082258064516129,NA,5.60345374756908e-16,"GLM","NYC","Cotyledon_RedvsYellow",18.2926361638507,15.2515442085004,"Significant",-0.698542462207771
"Lcu.1GRN.Chr1p356893943",1,356893943,5.24976465549615e-19,0.479032258064516,NA,5.75194654031034e-16,"GLM","NYC","Cotyledon_RedvsYellow",18.279860165377,15.2401851590223,"Significant",-0.279690514700116
"Lcu.1GRN.Chr1p366659366",1,366659366,5.78611073045341e-19,0.346774193548387,NA,6.31901528594292e-16,"GLM","NYC","Cotyledon_RedvsYellow",18.237613259391,15.1993505940596,"Significant",-0.3622124612705
"Lcu.1GRN.Chr1p297557284",1,297557284,5.85194275923613e-19,0.341935483870968,NA,6.3702279291132e-16,"GLM","NYC","Cotyledon_RedvsYellow",18.2326999305764,15.1958450281693,"Significant",0.312384476387666
"Lcu.1GRN.Chr1p365783601",1,365783601,5.89948980498451e-19,0.346774193548387,NA,6.40126995881685e-16,"GLM","NYC","Cotyledon_RedvsYellow",18.2291855450461,15.1937338570485,"Significant",-0.357210133026861
"Lcu.1GRN.Chr1p367886022",1,367886022,6.28742432535873e-19,0.362903225806452,NA,2.67706589626322e-15,"MLM","NYC","Cotyledon_RedvsYellow",18.2015272290178,14.5723409384764,"Significant",-0.309371261812749
"Lcu.1GRN.Chr1p359991345",1,359991345,6.52270524353163e-19,0.243548387096774,NA,7.05473567411898e-16,"GLM","NYC","Cotyledon_RedvsYellow",18.1855722464967,15.1515192536916,"Significant",-0.304716156164776
"Lcu.1GRN.Chr1p87528539",1,87528539,6.56935587097511e-19,0.417741935483871,NA,7.08241835337271e-16,"GLM","NYC","Cotyledon_RedvsYellow",18.1824772111701,15.1498184233566,"Significant",0.343517816557759
"Lcu.1GRN.Chr1p354744070",1,354744070,6.63736831642839e-19,0.245161290322581,NA,7.13288073000661e-16,"GLM","NYC","Cotyledon_RedvsYellow",18.1780040821087,15.1467350378233,"Significant",-0.314860113119031
"Lcu.1GRN.Chr1p360343634",1,360343634,6.84494860683803e-19,0.175806451612903,NA,7.33253129947862e-16,"GLM","NYC","Cotyledon_RedvsYellow",18.1646298082824,15.1347460745238,"Significant",-0.357698780533924
"Lcu.1GRN.Chr1p363514990",1,363514990,7.01842261438648e-19,0.12258064516129,NA,7.49449447470901e-16,"GLM","NYC","Cotyledon_RedvsYellow",18.1537604842868,15.1252576562445,"Significant",-0.431006980470683
"Lcu.1GRN.Chr1p368966052",1,368966052,7.27166366862136e-19,0.388709677419355,NA,7.74034080133912e-16,"GLM","NYC","Cotyledon_RedvsYellow",18.1383662164527,15.1112399172393,"Significant",-0.35312545114817
"Lcu.1GRN.Chr1p365303155",1,365303155,7.66338777878008e-19,0.391935483870968,NA,3.22213844623115e-15,"MLM","NYC","Cotyledon_RedvsYellow",18.1155791979428,14.4918558031029,"Significant",-0.298825803876661
"Lcu.1GRN.Chr1p368964398",1,368964398,7.82394955360956e-19,0.37258064516129,NA,3.24903511049258e-15,"MLM","NYC","Cotyledon_RedvsYellow",18.106573958407,14.4882455954538,"Significant",-0.338608414042462
"Lcu.1GRN.Chr1p374612061",1,374612061,8.18233678554101e-19,0.182258064516129,NA,8.68223368309803e-16,"GLM","NYC","Cotyledon_RedvsYellow",18.0871226488792,15.0613685292651,"Significant",-0.332380724416099
"Lcu.1GRN.Chr1p369144581",1,369144581,8.49706883521967e-19,0.37258064516129,NA,8.98784136130923e-16,"GLM","NYC","Cotyledon_RedvsYellow",18.0707308634893,15.0463446016419,"Significant",-0.35903237352906
"Lcu.1GRN.Chr1p230353281",1,230353281,8.58644047272065e-19,0.346774193548387,NA,9.05390351876999e-16,"GLM","NYC","Cotyledon_RedvsYellow",18.0661868365687,15.0431641377941,"Significant",0.317366720696867
"Lcu.1GRN.Chr1p368085376",1,368085376,8.58937869500241e-19,0.416129032258065,NA,3.52339456524619e-15,"MLM","NYC","Cotyledon_RedvsYellow",18.0660382493342,14.453038719886,"Significant",-0.313287766379409
"Lcu.1GRN.Chr1p72514216",1,72514216,9.03055653028506e-19,0.424193548387097,NA,9.49244127631998e-16,"GLM","NYC","Cotyledon_RedvsYellow",18.0442854843948,15.0226220808828,"Significant",0.340008629573336
"Lcu.1GRN.Chr3p389318737",3,389318737,9.12573526495806e-19,0.0879629629629629,NA,1.70524231395626e-14,"GLM","NYC","DTF_Nepal_2017",18.0397321341427,13.7682138992892,"Significant",10.9482046434522
"Lcu.1GRN.Chr1p367199339",1,367199339,9.25647026408173e-19,0.335483870967742,NA,3.75129052207034e-15,"MLM","NYC","Cotyledon_RedvsYellow",18.0335545896756,14.4258193002198,"Significant",-0.329317024795563
"Lcu.1GRN.Chr1p364634048",1,364634048,9.44624374684855e-19,0.490322580645161,NA,9.89845691712213e-16,"GLM","NYC","Cotyledon_RedvsYellow",18.024740852265,15.004432502838,"Significant",0.34407188637341
"Lcu.1GRN.Chr3p389318847",3,389318847,9.63221837016382e-19,0.0879629629629629,NA,1.70524231395626e-14,"GLM","NYC","DTF_Nepal_2017",18.0162736801683,13.7682138992892,"Significant",10.9009566819821
"Lcu.1GRN.Chr1p367994170",1,367994170,1.01164904627178e-18,0.395161290322581,NA,1.0539116650386e-15,"GLM","NYC","Cotyledon_RedvsYellow",17.9949701235656,14.9771957885485,"Significant",-0.357195369161273
"Lcu.1GRN.Chr1p367580706",1,367580706,1.01202991912842e-18,0.37741935483871,NA,1.0539116650386e-15,"GLM","NYC","Cotyledon_RedvsYellow",17.9948066480493,14.9771957885485,"Significant",-0.348595960496683
"Lcu.1GRN.Chr1p366601096",1,366601096,1.02093313351886e-18,0.367741935483871,NA,1.05990189914302e-15,"GLM","NYC","Cotyledon_RedvsYellow",17.9910027012968,14.9747343296715,"Significant",-0.343245361145108
"Lcu.1GRN.Chr2p44213826",2,44213826,1.04302135959268e-18,0.0833333333333334,NA,1.75418982831055e-14,"GLM","NYC","DTF_Nepal_2017",17.9817067977496,13.7559234115817,"Significant",11.9743495535284
"Lcu.1GRN.Chr1p237426480",1,237426480,1.05309448485709e-18,0.343548387096774,NA,1.0899268695013e-15,"GLM","NYC","Cotyledon_RedvsYellow",17.9775326616624,14.9626026408094,"Significant",0.31196187549739
"Lcu.1GRN.Chr1p365324936",1,365324936,1.11806337551633e-18,0.390322580645161,NA,4.47713837419406e-15,"MLM","NYC","Cotyledon_RedvsYellow",17.9515335785096,14.3489994827396,"Significant",-0.297845377657268
"Lcu.1GRN.Chr1p367608559",1,367608559,1.13196617254794e-18,0.45,NA,4.47948312425215e-15,"MLM","NYC","Cotyledon_RedvsYellow",17.9461665513238,14.3487720952062,"Significant",-0.28256877922137
"Lcu.1GRN.Chr1p367669140",1,367669140,1.14910249419483e-18,0.374193548387097,NA,4.49442044959106e-15,"MLM","NYC","Cotyledon_RedvsYellow",17.9396412326885,14.3473263021002,"Significant",-0.330120863929158
"Lcu.1GRN.Chr1p368421786",1,368421786,1.15996399778819e-18,0.274193548387097,NA,1.19685156455221e-15,"GLM","NYC","Cotyledon_RedvsYellow",17.935555489915,14.921959708151,"Significant",-0.41731826802669
"Lcu.1GRN.Chr1p367684157",1,367684157,1.17310354179659e-18,0.370967741935484,NA,4.53555539130451e-15,"MLM","NYC","Cotyledon_RedvsYellow",17.9306636540001,14.3433695247869,"Significant",-0.31403724954953
"Lcu.1GRN.Chr1p366659045",1,366659045,1.19880565240022e-18,0.348387096774194,NA,1.23314575192938e-15,"GLM","NYC","Cotyledon_RedvsYellow",17.9212512180116,14.9089855888401,"Significant",-0.357313007784614
"Lcu.1GRN.Chr1p366600919",1,366600919,1.25091448707884e-18,0.341935483870968,NA,1.28282424779039e-15,"GLM","NYC","Cotyledon_RedvsYellow",17.9027723778039,14.8918328396837,"Significant",-0.358046724930651
"Lcu.1GRN.Chr1p365081848",1,365081848,1.26244720842157e-18,0.369354838709677,NA,1.29071604910377e-15,"GLM","NYC","Cotyledon_RedvsYellow",17.8987867736612,14.8891692897793,"Significant",-0.357068939576074
"Lcu.1GRN.Chr1p364877675",1,364877675,1.30347046116701e-18,0.375806451612903,NA,4.98232327967457e-15,"MLM","NYC","Cotyledon_RedvsYellow",17.8848988062275,14.3025680965458,"Significant",-0.352314440337235
"Lcu.1GRN.Chr1p356480916",1,356480916,1.35869148837321e-18,0.5,NA,1.38490599960494e-15,"GLM","NYC","Cotyledon_RedvsYellow",17.8668791452599,14.8585797033059,"Significant",0.291164039380988
"Lcu.1GRN.Chr1p371692763",1,371692763,1.40457078943519e-18,0.382258064516129,NA,1.42734520462219e-15,"GLM","NYC","Cotyledon_RedvsYellow",17.8524563677573,14.8454709797011,"Significant",0.294868995494428
"Lcu.1GRN.Chr1p368422512",1,368422512,1.43110416278956e-18,0.37741935483871,NA,5.4087215047757e-15,"MLM","NYC","Cotyledon_RedvsYellow",17.8443287550045,14.2669053798175,"Significant",-0.294631766954165
"Lcu.1GRN.Chr1p360343472",1,360343472,1.45729897074339e-18,0.187096774193548,NA,1.47646771955434e-15,"GLM","NYC","Cotyledon_RedvsYellow",17.8364513418302,14.8307760437024,"Significant",-0.340146580632429
"Lcu.1GRN.Chr1p221123356",1,221123356,1.61990957115378e-18,0.348387096774194,NA,1.63628865681767e-15,"GLM","NYC","Cotyledon_RedvsYellow",17.7905092285716,14.7861400802461,"Significant",0.30597780841688
"Lcu.1GRN.Chr1p242323041",1,242323041,1.63183473189974e-18,0.338709677419355,NA,1.64339926127221e-15,"GLM","NYC","Cotyledon_RedvsYellow",17.7873238276033,14.784256912583,"Significant",0.313620200688011
"Lcu.1GRN.Chr1p367669241",1,367669241,1.63929672155538e-18,0.417741935483871,NA,1.64598603086393e-15,"GLM","NYC","Cotyledon_RedvsYellow",17.7853424296687,14.7835738548737,"Significant",-0.346768482177261
"Lcu.1GRN.Chr6p431657465",6,431657465,1.64044781957456e-18,0.313664596273292,NA,7.88275016752624e-14,"FarmCPU","NYC","DTF_Sask_2017_b",17.7850375793781,13.1033222375604,"Significant",0.0310812051686469
"Lcu.1GRN.Chr1p368240797",1,368240797,1.72969796026486e-18,0.37741935483871,NA,1.7315872434536e-15,"GLM","NYC","Cotyledon_RedvsYellow",17.7620297267223,14.7615556222803,"Significant",-0.357362500642654
"Lcu.1GRN.Chr1p367886017",1,367886017,1.7546435058764e-18,0.359677419354839,NA,6.55782413490142e-15,"MLM","NYC","Cotyledon_RedvsYellow",17.7558111066383,14.1832402342458,"Significant",-0.30511422124851
"Lcu.1GRN.Chr1p320163120",1,320163120,1.75572548894128e-18,0.358064516129032,NA,1.75242764254811e-15,"GLM","NYC","Cotyledon_RedvsYellow",17.7555433859001,14.7563599049395,"Significant",0.308910522804992
"Lcu.1GRN.Chr1p364495473",1,364495473,1.85203020005683e-18,0.132258064516129,NA,1.84308237367608e-15,"GLM","NYC","Cotyledon_RedvsYellow",17.7323519357906,14.7344552542364,"Significant",-0.397888206193013
"Lcu.1GRN.Chr1p166307647",1,166307647,1.86844193662912e-18,0.379032258064516,NA,1.85392981975849e-15,"GLM","NYC","Cotyledon_RedvsYellow",17.7285203936631,14.7319067100343,"Significant",0.314824635538683
"Lcu.1GRN.Chr1p364568878",1,364568878,1.90956365182911e-18,0.474193548387097,NA,1.88915940257295e-15,"GLM","NYC","Cotyledon_RedvsYellow",17.7190658606332,14.7237313958436,"Significant",-0.314781128139248
"Lcu.1GRN.Chr1p359131844",1,359131844,1.92651317630632e-18,0.246774193548387,NA,1.90033858526284e-15,"GLM","NYC","Cotyledon_RedvsYellow",17.7152280163019,14.7211690134625,"Significant",-0.291544101841578
"Lcu.1GRN.Chr1p363532614",1,363532614,1.94330159891204e-18,0.133870967741936,NA,1.91129394421417e-15,"GLM","NYC","Cotyledon_RedvsYellow",17.7114597920001,14.7186725162243,"Significant",-0.404319888899173
"Lcu.1GRN.Chr1p90092725",1,90092725,1.98909266545872e-18,0.383870967741936,NA,1.95062720875322e-15,"GLM","NYC","Cotyledon_RedvsYellow",17.7013449840149,14.7098257222258,"Significant",0.301339116882685
"Lcu.1GRN.Chr1p82958658",1,82958658,2.04495067080796e-18,0.370967741935484,NA,1.99957535548739e-15,"GLM","NYC","Cotyledon_RedvsYellow",17.6893171637712,14.6990622245109,"Significant",0.292845185217889
"Lcu.1GRN.Chr1p364825899",1,364825899,2.09306094292894e-18,0.387096774193548,NA,2.04000440069501e-15,"GLM","NYC","Cotyledon_RedvsYellow",17.6792181262755,14.6903688957136,"Significant",-0.350254478879096
"Lcu.1GRN.Chr1p105972448",1,105972448,2.09842678574436e-18,0.375806451612903,NA,2.04000440069501e-15,"GLM","NYC","Cotyledon_RedvsYellow",17.6781061787527,14.6903688957136,"Significant",0.310413142730624
"Lcu.1GRN.Chr1p365313072",1,365313072,2.15481838892002e-18,0.409677419354839,NA,7.89499945617873e-15,"MLM","NYC","Cotyledon_RedvsYellow",17.6665893269016,14.1026478955706,"Significant",-0.289874955514404
"Lcu.1GRN.Chr1p365783623",1,365783623,2.15936744677225e-18,0.387096774193548,NA,7.89499945617873e-15,"MLM","NYC","Cotyledon_RedvsYellow",17.665673450057,14.1026478955706,"Significant",-0.292158851228811
"Lcu.1GRN.Chr1p367666916",1,367666916,2.34987304190729e-18,0.266129032258065,NA,2.2778667016923e-15,"GLM","NYC","Cotyledon_RedvsYellow",17.628955601,14.642471693959,"Significant",-0.419536130592126
"Lcu.1GRN.Chr1p367659089",1,367659089,2.39243939186161e-18,0.303225806451613,NA,2.31246454288022e-15,"GLM","NYC","Cotyledon_RedvsYellow",17.6211590554794,14.6359249175941,"Significant",-0.435377282998415
"Lcu.1GRN.Chr1p382267128",1,382267128,2.4149399548731e-18,0.311290322580645,NA,2.32752466418567e-15,"GLM","NYC","Cotyledon_RedvsYellow",17.617093663087,14.6331057082143,"Significant",-0.360943130892686
"Lcu.1GRN.Chr1p127890847",1,127890847,2.44022959269966e-18,0.340322580645161,NA,2.34517916402173e-15,"GLM","NYC","Cotyledon_RedvsYellow",17.6125693104844,14.6298239730028,"Significant",0.308288416564573
"Lcu.1GRN.Chr3p389104888",3,389104888,2.45271072802267e-18,0.0802469135802469,NA,3.92862356882287e-14,"GLM","NYC","DTF_Nepal_2017",17.610353669336,13.4057595822381,"Significant",11.519619990081
"Lcu.1GRN.Chr1p363516764",1,363516764,2.49836899575097e-18,0.104838709677419,NA,2.39421334471159e-15,"GLM","NYC","Cotyledon_RedvsYellow",17.6023434182502,14.6208371528842,"Significant",-0.459699759838467
"Lcu.1GRN.Chr1p71370565",1,71370565,2.52918013805693e-18,0.420967741935484,NA,2.41685436220964e-15,"GLM","NYC","Cotyledon_RedvsYellow",17.59702023741,14.6167495190563,"Significant",0.335126919490065
"Lcu.1GRN.Chr1p367432846",1,367432846,2.57729900163618e-18,0.295161290322581,NA,2.45585930108599e-15,"GLM","NYC","Cotyledon_RedvsYellow",17.5888351944767,14.6097965180326,"Significant",-0.380987303087527
"Lcu.1GRN.Chr1p367423053",1,367423053,2.59939489600893e-18,0.391935483870968,NA,9.40162003210576e-15,"MLM","NYC","Cotyledon_RedvsYellow",17.5851277381481,14.0267973048702,"Significant",-0.318306887923441
"Lcu.1GRN.Chr1p384160081",1,384160081,2.71627565462183e-18,0.425806451612903,NA,2.5809759692604e-15,"GLM","NYC","Cotyledon_RedvsYellow",17.5660261588369,14.5882160390308,"Significant",0.307645928814442
"Lcu.1GRN.Chr1p356427516",1,356427516,2.79232550449367e-18,0.483870967741935,NA,2.64576381118316e-15,"GLM","NYC","Cotyledon_RedvsYellow",17.5540339569065,14.5774489281297,"Significant",-0.276735201859773
"Lcu.1GRN.Chr2p44214041",2,44214041,2.84911731400067e-18,0.0864197530864198,NA,4.35613201617483e-14,"GLM","NYC","DTF_Nepal_2017",17.5452896680739,13.3608989670642,"Significant",11.6833536585775
"Lcu.1GRN.Chr1p367612945",1,367612945,2.88028988203669e-18,0.329032258064516,NA,2.71962253681124e-15,"GLM","NYC","Cotyledon_RedvsYellow",17.5405638011875,14.5654913685965,"Significant",-0.353536002914207
"Lcu.1GRN.Chr1p353675504",1,353675504,2.8864461901483e-18,0.216129032258065,NA,2.71962253681124e-15,"GLM","NYC","Cotyledon_RedvsYellow",17.5396365343162,14.5654913685965,"Significant",-0.311154305411238
"Lcu.1GRN.Chr1p356073219",1,356073219,2.91188541332456e-18,0.425806451612903,NA,2.73592782353e-15,"GLM","NYC","Cotyledon_RedvsYellow",17.5358257191049,14.5628953639169,"Significant",-0.278163658341281
"Lcu.1GRN.Chr1p365302765",1,365302765,3.0495281615785e-18,0.387096774193548,NA,1.09123472247412e-14,"MLM","NYC","Cotyledon_RedvsYellow",17.5157673516942,13.962081823462,"Significant",-0.295497144308825
"Lcu.1GRN.Chr1p363513837",1,363513837,3.09162384826047e-18,0.0870967741935483,NA,2.89671375757055e-15,"GLM","NYC","Cotyledon_RedvsYellow",17.5098133512874,14.5380944180339,"Significant",-0.530785071517829
"Lcu.1GRN.Chr1p365319091",1,365319091,3.11763093985399e-18,0.395161290322581,NA,1.10386122773249e-14,"MLM","NYC","Cotyledon_RedvsYellow",17.506175297188,13.957085520645,"Significant",-0.291033744478606
"Lcu.1GRN.Chr2p44640760",2,44640760,3.15880368192566e-18,0.108024691358025,NA,4.61964051338386e-14,"GLM","NYC","DTF_Nepal_2017",17.5004773644417,13.3353918186274,"Significant",11.0528632956753
"Lcu.1GRN.Chr1p362573228",1,362573228,3.2649834517338e-18,0.119354838709677,NA,3.05064635752595e-15,"GLM","NYC","Cotyledon_RedvsYellow",17.4861190155647,14.5156081345001,"Significant",-0.428509202581203
"Lcu.1GRN.Chr2p44640614",2,44640614,3.31876552637379e-18,0.0941358024691358,NA,4.65134668254071e-14,"GLM","NYC","DTF_Nepal_2017",17.4790234297846,13.3324212896643,"Significant",11.1627176711984
"Lcu.1GRN.Chr1p366877086",1,366877086,3.41133044519563e-18,0.364516129032258,NA,3.17855675307235e-15,"GLM","NYC","Cotyledon_RedvsYellow",17.4670762097705,14.4977700298443,"Significant",-0.338217804625373
"Lcu.1GRN.Chr1p366878590",1,366878590,3.43495335731057e-18,0.364516129032258,NA,3.19172639762012e-15,"GLM","NYC","Cotyledon_RedvsYellow",17.4640791557806,14.4959743444819,"Significant",-0.358427050185415
"Lcu.1GRN.Chr1p437359352",1,437359352,3.45205018071031e-18,0.281055900621118,NA,5.8473980170952e-13,"BLINK","NYC","DTF_Sask_2017_b",17.4619228997914,12.2330373438667,"Significant",1.23674771207744
"Lcu.1GRN.Chr1p367658998",1,367658998,3.47542946475157e-18,0.338709677419355,NA,1.21772894038551e-14,"MLM","NYC","Cotyledon_RedvsYellow",17.4589915212473,13.914449372455,"Significant",-0.374471058250245
"Lcu.1GRN.Chr6p3269280",6,3269280,3.4767964854431e-18,0.281055900621118,NA,5.8473980170952e-13,"BLINK","NYC","DTF_Sask_2017_b",17.4588207300345,12.2330373438667,"Significant",-1.48741087976605
"Lcu.1GRN.Chr1p367671503",1,367671503,3.51308473935394e-18,0.325806451612903,NA,3.25533271218255e-15,"GLM","NYC","Cotyledon_RedvsYellow",17.4543113744351,14.4874046176394,"Significant",-0.354368625025148
"Lcu.1GRN.Chr1p363891019",1,363891019,3.61093352737349e-18,0.12741935483871,NA,3.33681010385175e-15,"GLM","NYC","Cotyledon_RedvsYellow",17.4423805063006,14.4766685081177,"Significant",-0.397344757003072
"Lcu.1GRN.Chr1p365313175",1,365313175,3.76742887281145e-18,0.393548387096774,NA,1.2546918293673e-14,"MLM","NYC","Cotyledon_RedvsYellow",17.4239549382003,13.9014629301511,"Significant",-0.291683025287458
"Lcu.1GRN.Chr1p365324533",1,365324533,3.76742887281145e-18,0.393548387096774,NA,1.2546918293673e-14,"MLM","NYC","Cotyledon_RedvsYellow",17.4239549382003,13.9014629301511,"Significant",-0.291683025287458
"Lcu.1GRN.Chr1p365325118",1,365325118,3.76742887281145e-18,0.393548387096774,NA,1.2546918293673e-14,"MLM","NYC","Cotyledon_RedvsYellow",17.4239549382003,13.9014629301511,"Significant",-0.291683025287458
"Lcu.1GRN.Chr1p365386981",1,365386981,3.76742887281145e-18,0.393548387096774,NA,1.2546918293673e-14,"MLM","NYC","Cotyledon_RedvsYellow",17.4239549382003,13.9014629301511,"Significant",-0.291683025287458
"Lcu.1GRN.Chr1p365782304",1,365782304,3.76742887281145e-18,0.393548387096774,NA,1.2546918293673e-14,"MLM","NYC","Cotyledon_RedvsYellow",17.4239549382003,13.9014629301511,"Significant",-0.291683025287458
"Lcu.1GRN.Chr1p366600877",1,366600877,3.84301362110113e-18,0.354838709677419,NA,3.5415423635313e-15,"GLM","NYC","Cotyledon_RedvsYellow",17.4153280762282,14.4508075588528,"Significant",-0.3463934866126
"Lcu.1GRN.Chr1p368326641",1,368326641,3.9112809544382e-18,0.453225806451613,NA,1.28982925568776e-14,"MLM","NYC","Cotyledon_RedvsYellow",17.4076809867634,13.8894677766934,"Significant",-0.295852596557372
"Lcu.1GRN.Chr3p389084910",3,389084910,4.17222489900142e-18,0.0910493827160493,NA,5.39768758693235e-14,"GLM","NYC","DTF_Nepal_2017",17.3796322894682,13.2677922556072,"Significant",10.4105232384126
"Lcu.1GRN.Chr3p389093449",3,389093449,4.17222489900142e-18,0.0910493827160493,NA,5.39768758693235e-14,"GLM","NYC","DTF_Nepal_2017",17.3796322894682,13.2677922556072,"Significant",10.4105232384126
"Lcu.1GRN.Chr1p367960316",1,367960316,4.25416426968479e-18,0.359677419354839,NA,1.3892820125253e-14,"MLM","NYC","Cotyledon_RedvsYellow",17.3711857443251,13.8572095871984,"Significant",-0.311808186554923
"Lcu.1GRN.Chr1p345508087",1,345508087,4.38320511431176e-18,0.388709677419355,NA,4.02832118766586e-15,"GLM","NYC","Cotyledon_RedvsYellow",17.3582082058394,14.394875909402,"Significant",0.309721656295418
"Lcu.1GRN.Chr1p366366758",1,366366758,4.53458816985446e-18,0.374193548387097,NA,4.15609214967148e-15,"GLM","NYC","Cotyledon_RedvsYellow",17.3434621493274,14.3813148317476,"Significant",-0.338960420565253
"Lcu.1GRN.Chr1p367658966",1,367658966,4.61088975237192e-18,0.316129032258065,NA,4.21454117754371e-15,"GLM","NYC","Cotyledon_RedvsYellow",17.3362152617556,14.3752496985973,"Significant",-0.428826835493582
"Lcu.1GRN.Chr1p367886997",1,367886997,4.81604468385592e-18,0.417741935483871,NA,4.39013144220749e-15,"GLM","NYC","Cotyledon_RedvsYellow",17.3173094922938,14.357522476621,"Significant",-0.348158424610345
"Lcu.1GRN.Chr1p363528957",1,363528957,4.86146030611262e-18,0.120967741935484,NA,4.40669886632433e-15,"GLM","NYC","Cotyledon_RedvsYellow",17.3132332559178,14.3558866261776,"Significant",-0.434993065279043
"Lcu.1GRN.Chr1p368966032",1,368966032,4.86480915100052e-18,0.390322580645161,NA,4.40669886632433e-15,"GLM","NYC","Cotyledon_RedvsYellow",17.3129341926604,14.3558866261776,"Significant",-0.34035745151491
"Lcu.1GRN.Chr1p129132492",1,129132492,4.87352201099588e-18,0.346774193548387,NA,4.40669886632433e-15,"GLM","NYC","Cotyledon_RedvsYellow",17.3121570681276,14.3558866261776,"Significant",0.305544418398453
"Lcu.1GRN.Chr1p379851059",1,379851059,4.99114616884634e-18,0.406451612903226,NA,4.50095673827437e-15,"GLM","NYC","Cotyledon_RedvsYellow",17.3017997113613,14.3466951613381,"Significant",-0.326933871661023
"Lcu.1GRN.Chr1p366878508",1,366878508,5.00935219219893e-18,0.367741935483871,NA,4.50529617335127e-15,"GLM","NYC","Cotyledon_RedvsYellow",17.3002184333232,14.3462766536918,"Significant",-0.343788668183531
"Lcu.1GRN.Chr1p365080585",1,365080585,5.23183482921275e-18,0.354838709677419,NA,4.69284422932748e-15,"GLM","NYC","Cotyledon_RedvsYellow",17.2813459752904,14.3285638611862,"Significant",-0.339153721223842
"Lcu.1GRN.Chr3p389084966",3,389084966,5.33545268115729e-18,0.095679012345679,NA,6.51482515528385e-14,"GLM","NYC","DTF_Nepal_2017",17.2728287273945,13.1860972353795,"Significant",10.2613033746015
"Lcu.1GRN.Chr1p353680606",1,353680606,5.38697712862449e-18,0.212903225806452,NA,4.80789493854551e-15,"GLM","NYC","Cotyledon_RedvsYellow",17.2686548683251,14.3180450310445,"Significant",-0.299515162820122
"Lcu.1GRN.Chr1p367497269",1,367497269,5.38868673749701e-18,0.290322580645161,NA,4.80789493854551e-15,"GLM","NYC","Cotyledon_RedvsYellow",17.2685170626706,14.3180450310445,"Significant",-0.369015092561341
"Lcu.1GRN.Chr3p389085143",3,389085143,5.42309751990973e-18,0.0925925925925926,NA,6.51482515528385e-14,"GLM","NYC","DTF_Nepal_2017",17.2657525858692,13.1860972353795,"Significant",10.3167185625805
"Lcu.1GRN.Chr1p365687251",1,365687251,5.54239070659473e-18,0.414516129032258,NA,1.79257436038957e-14,"MLM","NYC","Cotyledon_RedvsYellow",17.2563028622172,13.7465228196841,"Significant",-0.293569106877106
"Lcu.1GRN.Chr1p366600928",1,366600928,5.65131965694416e-18,0.356451612903226,NA,1.81039756099746e-14,"MLM","NYC","Cotyledon_RedvsYellow",17.2478501269048,13.7422260441428,"Significant",-0.305544822879429
"Lcu.1GRN.Chr1p367960388",1,367960388,5.80044601941402e-18,0.361290322580645,NA,1.84064021340777e-14,"MLM","NYC","Cotyledon_RedvsYellow",17.2365386105193,13.7350310939522,"Significant",-0.305929581724512
"Lcu.1GRN.Chr1p366601108",1,366601108,5.8204215650297e-18,0.359677419354839,NA,5.17935910202208e-15,"GLM","NYC","Cotyledon_RedvsYellow",17.2350455588663,14.2857239768717,"Significant",-0.339052017197716
"Lcu.1GRN.Chr1p359850497",1,359850497,5.88542023496963e-18,0.206451612903226,NA,5.21084016778855e-15,"GLM","NYC","Cotyledon_RedvsYellow",17.2302225219093,14.2830922477528,"Significant",-0.303117602780856
"Lcu.1GRN.Chr1p367683624",1,367683624,5.88678218659872e-18,0.398387096774194,NA,5.21084016778855e-15,"GLM","NYC","Cotyledon_RedvsYellow",17.2301220329679,14.2830922477528,"Significant",-0.335469593368388
"Lcu.1GRN.Chr1p241013140",1,241013140,6.01714996912573e-18,0.47741935483871,NA,5.31225901224387e-15,"GLM","NYC","Cotyledon_RedvsYellow",17.2206091641852,14.274720758029,"Significant",0.284452146862775
"Lcu.1GRN.Chr1p343652972",1,343652972,6.05491004868893e-18,0.362903225806452,NA,5.33160190666846e-15,"GLM","NYC","Cotyledon_RedvsYellow",17.2178923043208,14.2731422854006,"Significant",0.307455035354297
"Lcu.1GRN.Chr1p356198121",1,356198121,6.50668795344305e-18,0.462903225806452,NA,5.71445197607253e-15,"GLM","NYC","Cotyledon_RedvsYellow",17.1866400205825,14.2430254127192,"Significant",-0.270358591898355
"Lcu.1GRN.Chr1p364489604",1,364489604,6.65143378866297e-18,0.138709677419355,NA,5.82636153435207e-15,"GLM","NYC","Cotyledon_RedvsYellow",17.1770847277215,14.2346025702572,"Significant",-0.389476513971908
"Lcu.1GRN.Chr1p367498128",1,367498128,6.73891351716365e-18,0.246774193548387,NA,5.88765746240983e-15,"GLM","NYC","Cotyledon_RedvsYellow",17.1714101170457,14.2300574647223,"Significant",-0.413846602708808
"Lcu.1GRN.Chr1p355271669",1,355271669,6.88380709524083e-18,0.498387096774194,NA,5.99866720519397e-15,"GLM","NYC","Cotyledon_RedvsYellow",17.1621713083977,14.2219452312376,"Significant",0.306289148030167
"Lcu.1GRN.Chr1p362779158",1,362779158,7.00465162129257e-18,0.138709677419355,NA,6.07250941211164e-15,"GLM","NYC","Cotyledon_RedvsYellow",17.1546134596234,14.2166318033857,"Significant",-0.381294389418662
"Lcu.1GRN.Chr1p362779161",1,362779161,7.00465162129257e-18,0.138709677419355,NA,6.07250941211164e-15,"GLM","NYC","Cotyledon_RedvsYellow",17.1546134596234,14.2166318033857,"Significant",-0.381294389418662
"Lcu.1GRN.Chr1p366601044",1,366601044,7.16736765724155e-18,0.351612903225806,NA,6.19759886057421e-15,"GLM","NYC","Cotyledon_RedvsYellow",17.1446403173923,14.2077765368862,"Significant",-0.339263380099558
"Lcu.1GRN.Chr1p356073143",1,356073143,7.32228880720063e-18,0.433870967741935,NA,6.3153238954145e-15,"GLM","NYC","Cotyledon_RedvsYellow",17.1353531455856,14.1996043707802,"Significant",-0.289010349348135
"Lcu.1GRN.Chr1p367608441",1,367608441,7.42274787538867e-18,0.403225806451613,NA,6.38559446189478e-15,"GLM","NYC","Cotyledon_RedvsYellow",17.1294352906513,14.1947986662153,"Significant",-0.333732718993528
"Lcu.1GRN.Chr3p389084292",3,389084292,8.73423160727483e-18,0.0925925925925926,NA,1.0130714769118e-13,"GLM","NYC","DTF_Nepal_2017",17.0587752959929,12.99435991206,"Significant",10.2583529038949
"Lcu.1GRN.Chr1p365311989",1,365311989,8.79815930707624e-18,0.390322580645161,NA,2.76580416041431e-14,"MLM","NYC","Cotyledon_RedvsYellow",17.0556081785767,13.5581785744301,"Significant",-0.286650923910113
"Lcu.1GRN.Chr1p374603866",1,374603866,8.92412383186159e-18,0.432258064516129,NA,7.65760398201987e-15,"GLM","NYC","Cotyledon_RedvsYellow",17.0494344120412,14.1159070972297,"Significant",-0.321895952053309
"Lcu.1GRN.Chr1p356198470",1,356198470,8.9611376107367e-18,0.448387096774194,NA,7.66979891783886e-15,"GLM","NYC","Cotyledon_RedvsYellow",17.0476368534289,14.1152160219725,"Significant",-0.266342948180116
"Lcu.1GRN.Chr1p367969103",1,367969103,9.13174429157738e-18,0.369354838709677,NA,2.84409021493056e-14,"MLM","NYC","Cotyledon_RedvsYellow",17.0394462581883,13.5460566318434,"Significant",-0.301098330301789
"Lcu.1GRN.Chr1p365303305",1,365303305,9.6145310591682e-18,0.385483870967742,NA,2.94449807994512e-14,"MLM","NYC","Cotyledon_RedvsYellow",17.0170718932645,13.5309887245399,"Significant",-0.284672778772321
"Lcu.1GRN.Chr1p366600919",1,366600919,9.62920823963003e-18,0.341935483870968,NA,2.94449807994512e-14,"MLM","NYC","Cotyledon_RedvsYellow",17.0164094212136,13.5309887245399,"Significant",-0.311385489920509
"Lcu.1GRN.Chr1p113802146",1,113802146,1.00174863494558e-17,0.346774193548387,NA,8.54486676573724e-15,"GLM","NYC","Cotyledon_RedvsYellow",16.9992412406956,14.0682947045472,"Significant",0.304300506422345
"Lcu.1GRN.Chr1p79938927",1,79938927,1.00343445476703e-17,0.345161290322581,NA,8.54486676573724e-15,"GLM","NYC","Cotyledon_RedvsYellow",16.9985109907527,14.0682947045472,"Significant",0.297969039527541
"Lcu.1GRN.Chr1p365987502",1,365987502,1.01795728898848e-17,0.391935483870968,NA,3.08474990473143e-14,"MLM","NYC","Cotyledon_RedvsYellow",16.992270443557,13.5107800405118,"Significant",-0.285883876852495
"Lcu.1GRN.Chr1p356410119",1,356410119,1.11473878355873e-17,0.456451612903226,NA,9.46872071740657e-15,"GLM","NYC","Cotyledon_RedvsYellow",16.9528268888039,14.0237086928976,"Significant",-0.271774222316686
"Lcu.1GRN.Chr1p367561543",1,367561543,1.12745570966108e-17,0.306451612903226,NA,9.55261699474987e-15,"GLM","NYC","Cotyledon_RedvsYellow",16.9479005096962,14.0198776346274,"Significant",-0.351358663217867
"Lcu.1GRN.Chr1p363534082",1,363534082,1.15371213318382e-17,0.0983870967741935,NA,9.67757329433025e-15,"GLM","NYC","Cotyledon_RedvsYellow",16.9379025400238,14.0142335308121,"Significant",-0.445583406929253
"Lcu.1GRN.Chr1p363534099",1,363534099,1.15371213318382e-17,0.0983870967741935,NA,9.67757329433025e-15,"GLM","NYC","Cotyledon_RedvsYellow",16.9379025400238,14.0142335308121,"Significant",-0.445583406929253
"Lcu.1GRN.Chr1p363534168",1,363534168,1.15371213318382e-17,0.0983870967741935,NA,9.67757329433025e-15,"GLM","NYC","Cotyledon_RedvsYellow",16.9379025400238,14.0142335308121,"Significant",-0.445583406929253
"Lcu.1GRN.Chr1p363534177",1,363534177,1.15371213318382e-17,0.0983870967741935,NA,9.67757329433025e-15,"GLM","NYC","Cotyledon_RedvsYellow",16.9379025400238,14.0142335308121,"Significant",-0.445583406929253
"Lcu.1GRN.Chr1p367989646",1,367989646,1.16563560523832e-17,0.369354838709677,NA,3.50072635381425e-14,"MLM","NYC","Cotyledon_RedvsYellow",16.9334371951756,13.455841836014,"Significant",-0.325108127795447
"Lcu.1GRN.Chr1p387800692",1,387800692,1.16647175689766e-17,0.109677419354839,NA,9.76026381722375e-15,"GLM","NYC","Cotyledon_RedvsYellow",16.9331257720627,14.0105384433153,"Significant",-0.426947317206468
"Lcu.1GRN.Chr1p368780466",1,368780466,1.21437822866549e-17,0.383870967741936,NA,1.01358997925937e-14,"GLM","NYC","Cotyledon_RedvsYellow",16.9156460273966,13.9941376917058,"Significant",-0.331517048365928
"Lcu.1GRN.Chr1p367989648",1,367989648,1.30446058134715e-17,0.367741935483871,NA,3.88298665810616e-14,"MLM","NYC","Cotyledon_RedvsYellow",16.8845690400303,13.4108341016818,"Significant",-0.326083621083278
"Lcu.1GRN.Chr1p366878495",1,366878495,1.30836984164148e-17,0.379032258064516,NA,1.08933771911737e-14,"GLM","NYC","Cotyledon_RedvsYellow",16.8832694750634,13.9628374583422,"Significant",-0.345172169305266
"Lcu.1GRN.Chr3p212553749",3,212553749,1.34111461645861e-17,0.187096774193548,NA,1.11384370418354e-14,"GLM","NYC","Cotyledon_RedvsYellow",16.8725341042003,13.9531757455831,"Significant",-0.660478307130707
"Lcu.1GRN.Chr1p365198828",1,365198828,1.34781787380013e-17,0.348387096774194,NA,1.11665382944958e-14,"GLM","NYC","Cotyledon_RedvsYellow",16.8703687886222,13.9520814403675,"Significant",-0.337381896368653
"Lcu.1GRN.Chr1p268111360",1,268111360,1.39736117028155e-17,0.35,NA,1.15485549082087e-14,"GLM","NYC","Cotyledon_RedvsYellow",16.8546913290413,13.9374723564346,"Significant",0.299442438242951
"Lcu.1GRN.Chr3p389315999",3,389315999,1.42036453585817e-17,0.095679012345679,NA,1.59254585944335e-13,"GLM","NYC","DTF_Nepal_2017",16.8476001798465,12.7979080527343,"Significant",10.434383211038
"Lcu.1GRN.Chr1p362779326",1,362779326,1.44333579051204e-17,0.262903225806452,NA,1.18992776923324e-14,"GLM","NYC","Cotyledon_RedvsYellow",16.8406326190095,13.9244794002676,"Significant",-0.313379147692012
"Lcu.1GRN.Chr3p389085071",3,389085071,1.48137772833261e-17,0.0987654320987654,NA,1.60737607208405e-13,"GLM","NYC","DTF_Nepal_2017",16.8293341890046,12.793882501007,"Significant",10.0151608929444
"Lcu.1GRN.Chr1p160876835",1,160876835,1.55428594018321e-17,0.364516129032258,NA,1.27826527834133e-14,"GLM","NYC","Cotyledon_RedvsYellow",16.8084690815324,13.8933790077079,"Significant",0.298883450841091
"Lcu.1GRN.Chr1p367483630",1,367483630,1.60505371123966e-17,0.212903225806452,NA,1.31679780899647e-14,"GLM","NYC","Cotyledon_RedvsYellow",16.7945104298605,13.8804809047484,"Significant",-0.527145934015037
"Lcu.1GRN.Chr1p365311739",1,365311739,1.61106354381399e-17,0.374193548387097,NA,4.75358430738668e-14,"MLM","NYC","Cotyledon_RedvsYellow",16.7928873297338,13.3229787992384,"Significant",-0.269625001092711
"Lcu.1GRN.Chr1p86345009",1,86345009,1.63473899213678e-17,0.437096774193548,NA,1.33788868751355e-14,"GLM","NYC","Cotyledon_RedvsYellow",16.7865515783698,13.873580018414,"Significant",0.283510731304822
"Lcu.1GRN.Chr1p369133465",1,369133465,1.70156918338523e-17,0.406451612903226,NA,4.97697149137165e-14,"MLM","NYC","Cotyledon_RedvsYellow",16.7691503884126,13.3030348469344,"Significant",-0.290313067241344
"Lcu.1GRN.Chr1p359850701",1,359850701,1.70360192529265e-17,0.204838709677419,NA,1.39086278836144e-14,"GLM","NYC","Cotyledon_RedvsYellow",16.7686318777885,13.8567157119898,"Significant",-0.310971759596336
"Lcu.1GRN.Chr1p367669176",1,367669176,1.72667556368428e-17,0.37258064516129,NA,5.00686792525682e-14,"MLM","NYC","Cotyledon_RedvsYellow",16.7627892571854,13.3004338645805,"Significant",-0.311935556640965
"Lcu.1GRN.Chr1p382055192",1,382055192,1.79722023756873e-17,0.241935483870968,NA,1.46374232360843e-14,"GLM","NYC","Cotyledon_RedvsYellow",16.7453986996857,13.8345353695102,"Significant",-0.407480141549705
"Lcu.1GRN.Chr1p367422894",1,367422894,1.82575616526423e-17,0.409677419354839,NA,1.48339160396482e-14,"GLM","NYC","Cotyledon_RedvsYellow",16.7385572241463,13.8287441834354,"Significant",-0.326618092715284
"Lcu.1GRN.Chr1p365326117",1,365326117,1.99509004886029e-17,0.395161290322581,NA,5.71399651649658e-14,"MLM","NYC","Cotyledon_RedvsYellow",16.7000374975509,13.2430600287182,"Significant",-0.270380042665085
"Lcu.1GRN.Chr1p367587823",1,367587823,2.00451170580526e-17,0.398387096774194,NA,5.71399651649658e-14,"MLM","NYC","Cotyledon_RedvsYellow",16.6979914032439,13.2430600287182,"Significant",-0.281082410429433
"Lcu.1GRN.Chr1p367801365",1,367801365,2.03191840119816e-17,0.319354838709677,NA,1.64691637796584e-14,"GLM","NYC","Cotyledon_RedvsYellow",16.6920937366543,13.7833284515345,"Significant",-0.354787596269569
"Lcu.1GRN.Chr1p332761262",1,332761262,2.11929649064402e-17,0.356451612903226,NA,1.71360914102995e-14,"GLM","NYC","Cotyledon_RedvsYellow",16.6738082810225,13.7660882298174,"Significant",0.30353494577979
"Lcu.1GRN.Chr1p367885988",1,367885988,2.1284794630835e-17,0.348387096774194,NA,6.01638866856308e-14,"MLM","NYC","Cotyledon_RedvsYellow",16.6719305358146,13.2206641153752,"Significant",-0.293330290651346
"Lcu.1GRN.Chr1p365316514",1,365316514,2.20318675932781e-17,0.388709677419355,NA,6.17566100562349e-14,"MLM","NYC","Cotyledon_RedvsYellow",16.6569486870945,13.2093165513102,"Significant",-0.283552274052024
"Lcu.1GRN.Chr1p367484007",1,367484007,2.20540937583747e-17,0.270967741935484,NA,1.77896147607271e-14,"GLM","NYC","Cotyledon_RedvsYellow",16.6565107834455,13.7498334565873,"Significant",-0.379603160523117
"Lcu.1GRN.Chr2p44640525",2,44640525,2.21643674625017e-17,0.100308641975309,NA,2.32980055945603e-13,"GLM","NYC","DTF_Nepal_2017",16.6543446582949,12.632681254783,"Significant",10.3201964287269
"Lcu.1GRN.Chr5p1658484",5,1658484,2.26176239585137e-17,0.123456790123457,NA,7.60782231805337e-12,"MLMM","NYC","DTF_Nepal_2017",16.6455530208034,11.1187396389715,"Significant",12.2716382730143
"Lcu.1GRN.Chr1p368421758",1,368421758,2.31368406473037e-17,0.287096774193548,NA,1.861187349721e-14,"GLM","NYC","Cotyledon_RedvsYellow",16.6356959445683,13.730209907979,"Significant",-0.376850911123828
"Lcu.1GRN.Chr1p355871275",1,355871275,2.31841262529648e-17,0.209677419354839,NA,1.861187349721e-14,"GLM","NYC","Cotyledon_RedvsYellow",16.6348092668446,13.730209907979,"Significant",-0.299050450250815
"Lcu.1GRN.Chr1p367669159",1,367669159,2.32306635958026e-17,0.370967741935484,NA,6.45787489399119e-14,"MLM","NYC","Cotyledon_RedvsYellow",16.6339383841783,13.1899103726629,"Significant",-0.306528260643999
"Lcu.1GRN.Chr1p355048743",1,355048743,2.34212264081451e-17,0.495161290322581,NA,1.87574468172108e-14,"GLM","NYC","Cotyledon_RedvsYellow",16.6303903676605,13.7268262762266,"Significant",-0.30024000753727
"Lcu.1GRN.Chr1p363356987",1,363356987,2.37441271613034e-17,0.132258064516129,NA,1.89708808096583e-14,"GLM","NYC","Cotyledon_RedvsYellow",16.6244437905375,13.7219125045413,"Significant",-0.40788099027257
"Lcu.1GRN.Chr1p367659089",1,367659089,2.46684751320501e-17,0.303225806451613,NA,6.80136145470681e-14,"MLM","NYC","Cotyledon_RedvsYellow",16.6078576953503,13.1674041441932,"Significant",-0.382034168139766
"Lcu.1GRN.Chr1p365324212",1,365324212,2.58920073233308e-17,0.395161290322581,NA,7.08066408725757e-14,"MLM","NYC","Cotyledon_RedvsYellow",16.5868342788176,13.1499260084252,"Significant",-0.277641616460053
"Lcu.1GRN.Chr1p345182976",1,345182976,2.64440370939012e-17,0.361290322580645,NA,2.10779654624746e-14,"GLM","NYC","Cotyledon_RedvsYellow",16.5776722423118,13.6761713114416,"Significant",0.308215042129107
"Lcu.1GRN.Chr1p365198828",1,365198828,2.65430998532647e-17,0.348387096774194,NA,7.20017973253475e-14,"MLM","NYC","Cotyledon_RedvsYellow",16.5760483591448,13.1426566624751,"Significant",-0.319090735658839
"Lcu.1GRN.Chr2p44640784",2,44640784,2.65937461773936e-17,0.115740740740741,NA,2.67556965801774e-13,"GLM","NYC","DTF_Nepal_2017",16.5752204806612,12.5725837377568,"Significant",10.6612552329075
"Lcu.1GRN.Chr1p308653414",1,308653414,2.66345470829963e-17,0.356451612903226,NA,2.11796281292346e-14,"GLM","NYC","Cotyledon_RedvsYellow",16.5745546839375,13.6740816694806,"Significant",0.29398914495305
"Lcu.1GRN.Chr2p43484481",2,43484481,2.70446769072481e-17,0.0848765432098766,NA,2.67556965801774e-13,"GLM","NYC","DTF_Nepal_2017",16.5679182025465,12.5725837377568,"Significant",11.2170109037779
"Lcu.1GRN.Chr1p365783601",1,365783601,2.76408715398625e-17,0.346774193548387,NA,7.43798162979914e-14,"MLM","NYC","Cotyledon_RedvsYellow",16.5584482674127,13.1285448985889,"Significant",-0.309415640137093
"Lcu.1GRN.Chr1p68029383",1,68029383,2.81324749132198e-17,0.414516129032258,NA,2.23180098800354e-14,"GLM","NYC","Cotyledon_RedvsYellow",16.550792059734,13.6513445344949,"Significant",0.323305737526904
"Lcu.1GRN.Chr1p103420311",1,103420311,2.95080812956445e-17,0.451612903225806,NA,2.33154461932699e-14,"GLM","NYC","Cotyledon_RedvsYellow",16.5300590287178,13.6323562689326,"Significant",0.322508701092025
"Lcu.1GRN.Chr1p367659099",1,367659099,2.95284022461566e-17,0.338709677419355,NA,2.33154461932699e-14,"GLM","NYC","Cotyledon_RedvsYellow",16.5297600516618,13.6323562689326,"Significant",-0.376760708141651
"Lcu.1GRN.Chr1p367493725",1,367493725,2.99603993482205e-17,0.293548387096774,NA,2.36011467156039e-14,"GLM","NYC","Cotyledon_RedvsYellow",16.523452402135,13.6270668953282,"Significant",-0.352919360321493
"Lcu.1GRN.Chr1p365084519",1,365084519,3.05978594362093e-17,0.361290322580645,NA,2.40469864135033e-14,"GLM","NYC","Cotyledon_RedvsYellow",16.5143089548112,13.6189393419925,"Significant",-0.336046954395642
"Lcu.1GRN.Chr1p367960224",1,367960224,3.07630258820393e-17,0.288709677419355,NA,2.40776636858905e-14,"GLM","NYC","Cotyledon_RedvsYellow",16.5119709491293,13.6183856560168,"Significant",-0.365147540343187
"Lcu.1GRN.Chr1p109737273",1,109737273,3.07800568573401e-17,0.345161290322581,NA,2.40776636858905e-14,"GLM","NYC","Cotyledon_RedvsYellow",16.5117305822691,13.6183856560168,"Significant",0.298164232953591
"Lcu.1GRN.Chr1p367562739",1,367562739,3.13882786828259e-17,0.291935483870968,NA,2.44964759529144e-14,"GLM","NYC","Cotyledon_RedvsYellow",16.5032325001345,13.6108963884634,"Significant",-0.340788174857189
"Lcu.1GRN.Chr1p364547480",1,364547480,3.24490301608667e-17,0.483870967741935,NA,2.52657012225006e-14,"GLM","NYC","Cotyledon_RedvsYellow",16.4887982788968,13.5974686438799,"Significant",0.325127693503279
"Lcu.1GRN.Chr1p368048554",1,368048554,3.28438011376383e-17,0.374193548387097,NA,2.5514020455575e-14,"GLM","NYC","Cotyledon_RedvsYellow",16.4835465860967,13.5932211006182,"Significant",-0.332751401581025
"Lcu.1GRN.Chr1p369008519",1,369008519,3.3784213061771e-17,0.354838709677419,NA,9.01896380551487e-14,"MLM","NYC","Cotyledon_RedvsYellow",16.4712861926754,13.0448433559611,"Significant",-0.299764769460908
"Lcu.1GRN.Chr1p134018019",1,134018019,3.46361301045969e-17,0.417741935483871,NA,2.68443575458363e-14,"GLM","NYC","Cotyledon_RedvsYellow",16.4604706376739,13.5711469853546,"Significant",0.295659707904008
"Lcu.1GRN.Chr1p373776368",1,373776368,3.50288173188935e-17,0.4,NA,2.70862947013891e-14,"GLM","NYC","Cotyledon_RedvsYellow",16.4555745255584,13.5672504006812,"Significant",-0.30211235248656
"Lcu.1GRN.Chr1p367435553",1,367435553,3.51836024947254e-17,0.387096774193548,NA,2.71435844503287e-14,"GLM","NYC","Cotyledon_RedvsYellow",16.4536596946261,13.5663328020629,"Significant",-0.327097982138854
"Lcu.1GRN.Chr1p103470891",1,103470891,3.68382190522141e-17,0.411290322580645,NA,2.83550600181604e-14,"GLM","NYC","Cotyledon_RedvsYellow",16.4337013739826,13.5473694291211,"Significant",0.297958645749391
"Lcu.1GRN.Chr1p367887629",1,367887629,3.72459665087596e-17,0.159677419354839,NA,2.86034566590227e-14,"GLM","NYC","Cotyledon_RedvsYellow",16.4289207515824,13.5435814802546,"Significant",-0.518353532974138
"Lcu.1GRN.Chr3p389084450",3,389084450,3.78473547033626e-17,0.0972222222222222,NA,3.6373146170017e-13,"GLM","NYC","DTF_Nepal_2017",16.4219644696086,12.439219132127,"Significant",9.89287040844044
"Lcu.1GRN.Chr1p350493512",1,350493512,3.8233513532107e-17,0.424193548387097,NA,2.92949709481874e-14,"GLM","NYC","Cotyledon_RedvsYellow",16.4175557899357,13.5332069283459,"Significant",0.294182437695518
"Lcu.1GRN.Chr1p364467380",1,364467380,3.97723461775079e-17,0.0919354838709677,NA,3.04047835606587e-14,"GLM","NYC","Cotyledon_RedvsYellow",16.4004187891525,13.5170580838068,"Significant",-0.489411440953864
"Lcu.1GRN.Chr1p364568767",1,364568767,4.10537277682604e-17,0.475806451612903,NA,3.1277384671832e-14,"GLM","NYC","Cotyledon_RedvsYellow",16.3866474018653,13.5047695685942,"Significant",-0.331608987728007
"Lcu.1GRN.Chr1p143099349",1,143099349,4.10997631305977e-17,0.358064516129032,NA,3.1277384671832e-14,"GLM","NYC","Cotyledon_RedvsYellow",16.386160681077,13.5047695685942,"Significant",0.295797751313858
"Lcu.1GRN.Chr2p43851620",2,43851620,4.17603414641493e-17,0.0925925925925926,NA,3.90188910479764e-13,"GLM","NYC","DTF_Nepal_2017",16.379235958871,12.4087250778064,"Significant",11.124130916411
"Lcu.1GRN.Chr1p365201778",1,365201778,4.19563455734603e-17,0.351612903225806,NA,3.18571785361357e-14,"GLM","NYC","Cotyledon_RedvsYellow",16.3772023461791,13.4967926905703,"Significant",-0.331674046964164
"Lcu.1GRN.Chr1p374030020",1,374030020,4.23774543558458e-17,0.385483870967742,NA,3.21044531290828e-14,"GLM","NYC","Cotyledon_RedvsYellow",16.3728651352235,13.4934347235062,"Significant",-0.304965689252529
"Lcu.1GRN.Chr1p367537667",1,367537667,4.42683984722422e-17,0.320967741935484,NA,3.34616368290172e-14,"GLM","NYC","Cotyledon_RedvsYellow",16.3539061895018,13.4754528186509,"Significant",-0.290605200339099
"Lcu.1GRN.Chr1p361045695",1,361045695,4.59799417416194e-17,0.166129032258065,NA,3.46774328784827e-14,"GLM","NYC","Cotyledon_RedvsYellow",16.3374315833344,13.4599530602147,"Significant",-0.329590319727428
"Lcu.1GRN.Chr1p368965900",1,368965900,4.96591909041274e-17,0.403225806451613,NA,3.73684856081624e-14,"GLM","NYC","Cotyledon_RedvsYellow",16.3040003606722,13.4274945019723,"Significant",-0.324633415320311
"Lcu.1GRN.Chr1p385796248",1,385796248,5.00596450238285e-17,0.114516129032258,NA,3.75857424502904e-14,"GLM","NYC","Cotyledon_RedvsYellow",16.3005122343271,13.4249768664933,"Significant",-0.414846178345539
"Lcu.1GRN.Chr1p66251882",1,66251882,5.07018436188668e-17,0.408064516129032,NA,3.79831337027781e-14,"GLM","NYC","Cotyledon_RedvsYellow",16.2949762485771,13.4204092077485,"Significant",0.312842735840433
"Lcu.1GRN.Chr1p369133539",1,369133539,5.10755519711441e-17,0.364516129032258,NA,1.35276615668329e-13,"MLM","NYC","Cotyledon_RedvsYellow",16.2917869312696,12.8687772703937,"Significant",-0.290956810456381
"Lcu.1GRN.Chr1p357371916",1,357371916,5.14696493719828e-17,0.416129032258065,NA,3.84726478895683e-14,"GLM","NYC","Cotyledon_RedvsYellow",16.2884487902952,13.4148479222387,"Significant",-0.262672711679887
"Lcu.1GRN.Chr1p364634077",1,364634077,5.24262303446291e-17,0.5,NA,3.9100784528452e-14,"GLM","NYC","Cotyledon_RedvsYellow",16.2804513686716,13.4078145287177,"Significant",-0.333799826066472
"Lcu.1GRN.Chr1p246911091",1,246911091,5.6014148110935e-17,0.406451612903226,NA,4.16843162779444e-14,"GLM","NYC","Cotyledon_RedvsYellow",16.2517022645928,13.3800273175723,"Significant",0.296756813291768
"Lcu.1GRN.Chr2p43835097",2,43835097,5.85837866533253e-17,0.0879629629629629,NA,5.3258520446538e-13,"GLM","NYC","DTF_Nepal_2017",16.2322225604541,12.2736109026892,"Significant",10.8658359577013
"Lcu.1GRN.Chr1p367666926",1,367666926,5.94089539610144e-17,0.262903225806452,NA,4.41130499271623e-14,"GLM","NYC","Cotyledon_RedvsYellow",16.2261480943656,13.3554329145465,"Significant",-0.40866805762603
"Lcu.1GRN.Chr1p349417024",1,349417024,6.15614145284074e-17,0.419354838709677,NA,4.55103919135754e-14,"GLM","NYC","Cotyledon_RedvsYellow",16.2106914097174,13.3418894245426,"Significant",0.287643100241644
"Lcu.1GRN.Chr1p350083487",1,350083487,6.15614145284074e-17,0.419354838709677,NA,4.55103919135754e-14,"GLM","NYC","Cotyledon_RedvsYellow",16.2106914097174,13.3418894245426,"Significant",0.287643100241644
"Lcu.1GRN.Chr1p367435755",1,367435755,6.22591651721514e-17,0.324193548387097,NA,1.63608817277039e-13,"MLM","NYC","Cotyledon_RedvsYellow",16.2057967070322,12.7861932948482,"Significant",-0.28917844977308
"Lcu.1GRN.Chr1p358910834",1,358910834,6.23159373701718e-17,0.232258064516129,NA,4.59671598802469e-14,"GLM","NYC","Cotyledon_RedvsYellow",16.2054008678392,13.3375523286717,"Significant",-0.287257501769364
"Lcu.1GRN.Chr1p387512205",1,387512205,6.45364037109406e-17,0.111290322580645,NA,4.75009113939561e-14,"GLM","NYC","Cotyledon_RedvsYellow",16.1901952393041,13.3232980575421,"Significant",-0.420368509302516
"Lcu.1GRN.Chr1p247268985",1,247268985,6.52691583266079e-17,0.364516129032258,NA,4.79353514821967e-14,"GLM","NYC","Cotyledon_RedvsYellow",16.1852919876789,13.3193440838509,"Significant",0.300843407429672
"Lcu.1GRN.Chr1p365206934",1,365206934,6.57185700910397e-17,0.346774193548387,NA,4.81602576597228e-14,"GLM","NYC","Cotyledon_RedvsYellow",16.182311894542,13.3173111982474,"Significant",-0.329717711848698
"Lcu.1GRN.Chr1p367999263",1,367999263,6.85484216534167e-17,0.391935483870968,NA,5.01248411875975e-14,"GLM","NYC","Cotyledon_RedvsYellow",16.1640025405113,13.299946990361,"Significant",-0.332240805900625
"Lcu.1GRN.Chr1p367885918",1,367885918,6.9411117525044e-17,0.274193548387097,NA,5.06455734675628e-14,"GLM","NYC","Cotyledon_RedvsYellow",16.1585709633623,13.2954585069201,"Significant",-0.371813675429176
"Lcu.1GRN.Chr1p374610453",1,374610453,7.03987975601652e-17,0.198387096774194,NA,5.12550483526409e-14,"GLM","NYC","Cotyledon_RedvsYellow",16.1524347587193,13.2902633524436,"Significant",-0.303622897816967
"Lcu.1GRN.Chr2p43068546",2,43068546,7.45230472865176e-17,0.0848765432098766,NA,6.42745996067283e-13,"GLM","NYC","DTF_Nepal_2017",16.1277093948834,12.191960620078,"Significant",11.1511595875245
"Lcu.1GRN.Chr2p43068628",2,43068628,7.45230472865176e-17,0.0848765432098766,NA,6.42745996067283e-13,"GLM","NYC","DTF_Nepal_2017",16.1277093948834,12.191960620078,"Significant",11.1511595875245
"Lcu.1GRN.Chr1p367667364",1,367667364,7.58272156508363e-17,0.266129032258065,NA,5.50880627361228e-14,"GLM","NYC","Cotyledon_RedvsYellow",16.120174890864,13.2589425000501,"Significant",-0.367514732139083
"Lcu.1GRN.Chr1p387248352",1,387248352,8.20821272587641e-17,0.483870967741935,NA,5.9503704525105e-14,"GLM","NYC","Cotyledon_RedvsYellow",16.0857513968135,13.2254559955365,"Significant",0.272347745146485
"Lcu.1GRN.Chr1p266893568",1,266893568,8.28106161614206e-17,0.356451612903226,NA,5.99027065083195e-14,"GLM","NYC","Cotyledon_RedvsYellow",16.0819139839303,13.2225535549884,"Significant",0.293949914222798
"Lcu.1GRN.Chr1p350257978",1,350257978,8.34444648644649e-17,0.438709677419355,NA,6.02316830752478e-14,"GLM","NYC","Cotyledon_RedvsYellow",16.0786024661572,13.2201750010154,"Significant",0.286995789451804
"Lcu.1GRN.Chr1p378233744",1,378233744,8.48704998590323e-17,0.201612903225806,NA,6.11298403128118e-14,"GLM","NYC","Cotyledon_RedvsYellow",16.0712432399657,13.2137467386999,"Significant",-0.335970680976896
"Lcu.1GRN.Chr1p375030595",1,375030595,8.76975150524279e-17,0.12258064516129,NA,6.30310898411111e-14,"GLM","NYC","Cotyledon_RedvsYellow",16.0570127123843,13.2004451836266,"Significant",-0.401456401553548
"Lcu.1GRN.Chr1p365386345",1,365386345,8.81378695056871e-17,0.361290322580645,NA,2.2981915311643e-13,"MLM","NYC","Cotyledon_RedvsYellow",16.0548374515922,12.6386137800596,"Significant",-0.291248420504563
"Lcu.1GRN.Chr1p342821568",1,342821568,9.12390155364381e-17,0.337096774193548,NA,6.54366608506291e-14,"GLM","NYC","Cotyledon_RedvsYellow",16.0398194093818,13.184178870265,"Significant",0.303421193421304
"Lcu.1GRN.Chr1p365687572",1,365687572,9.40800768419407e-17,0.440322580645161,NA,2.43426409285331e-13,"MLM","NYC","Cotyledon_RedvsYellow",16.0265023365484,12.6136323070233,"Significant",-0.275127013807876
"Lcu.1GRN.Chr1p374289979",1,374289979,9.81977850003894e-17,0.388709677419355,NA,7.02776475472893e-14,"GLM","NYC","Cotyledon_RedvsYellow",16.0078983082717,13.1531827843755,"Significant",-0.300612142099567
"Lcu.1GRN.Chr1p361180162",1,361180162,1.02983139178137e-16,0.17741935483871,NA,7.35459226665234e-14,"GLM","NYC","Cotyledon_RedvsYellow",15.9872338739483,13.1334413992453,"Significant",-0.306774052126501
"Lcu.1GRN.Chr1p355048744",1,355048744,1.04542704440576e-16,0.5,NA,7.45015166622104e-14,"GLM","NYC","Cotyledon_RedvsYellow",15.9807062692237,13.1278348860259,"Significant",0.292692244271366
"Lcu.1GRN.Chr1p367684169",1,367684169,1.07727868108521e-16,0.362903225806452,NA,2.76611448947014e-13,"MLM","NYC","Cotyledon_RedvsYellow",15.9676719345835,12.5581298484074,"Significant",-0.275016302165401
"Lcu.1GRN.Chr1p365081644",1,365081644,1.15335960168116e-16,0.367741935483871,NA,2.93903112983855e-13,"MLM","NYC","Cotyledon_RedvsYellow",15.9380352645379,12.5317958139119,"Significant",-0.325479705871633
"Lcu.1GRN.Chr1p348997884",1,348997884,1.15493988124072e-16,0.420967741935484,NA,8.2131852649746e-14,"GLM","NYC","Cotyledon_RedvsYellow",15.9374406217675,13.0854883806734,"Significant",0.284505986519046
"Lcu.1GRN.Chr1p356198092",1,356198092,1.1769745234128e-16,0.496774193548387,NA,8.3522234075273e-14,"GLM","NYC","Cotyledon_RedvsYellow",15.9292329377182,13.0781978975604,"Significant",0.272803268324365
"Lcu.1GRN.Chr1p368965903",1,368965903,1.20112166887095e-16,0.391935483870968,NA,8.50563562932876e-14,"GLM","NYC","Cotyledon_RedvsYellow",15.9204129980568,13.0702932258498,"Significant",-0.323082451952677
"Lcu.1GRN.Chr1p382208787",1,382208787,1.2219953088051e-16,0.201612903225806,NA,8.61801396710279e-14,"GLM","NYC","Cotyledon_RedvsYellow",15.9129304613308,13.0645928063917,"Significant",-0.412172496192884
"Lcu.1GRN.Chr1p367891938",1,367891938,1.22211532710047e-16,0.406451612903226,NA,8.61801396710279e-14,"GLM","NYC","Cotyledon_RedvsYellow",15.9128878091834,13.0645928063917,"Significant",-0.318639770303643
"Lcu.1GRN.Chr3p345157947",3,345157947,1.23095073200996e-16,0.225308641975309,NA,1.03512801218498e-11,"FarmCPU","NYC","DTF_Nepal_2017",15.9097593290706,10.9850059385667,"Significant",0.432083730516752
"Lcu.1GRN.Chr1p349226708",1,349226708,1.24613203387933e-16,0.42258064516129,NA,8.76898941087634e-14,"GLM","NYC","Cotyledon_RedvsYellow",15.9044359395811,13.0570504543613,"Significant",0.283551874427126
"Lcu.1GRN.Chr1p173586338",1,173586338,1.26374634705876e-16,0.325806451612903,NA,8.87437510482494e-14,"GLM","NYC","Cotyledon_RedvsYellow",15.8983400867557,13.0518622183383,"Significant",-0.420228764286827
"Lcu.1GRN.Chr1p368963734",1,368963734,1.28264391625512e-16,0.370967741935484,NA,8.98579978911037e-14,"GLM","NYC","Cotyledon_RedvsYellow",15.8918938944198,13.0464432620676,"Significant",-0.34047332249678
"Lcu.1GRN.Chr1p161814136",1,161814136,1.28495652027758e-16,0.374193548387097,NA,8.98579978911037e-14,"GLM","NYC","Cotyledon_RedvsYellow",15.8911115675257,13.0464432620676,"Significant",0.295782177810273
"Lcu.1GRN.Chr1p368422443",1,368422443,1.29892279237546e-16,0.338709677419355,NA,3.25491620332787e-13,"MLM","NYC","Cotyledon_RedvsYellow",15.886416662508,12.4874601877105,"Significant",-0.260758154182887
"Lcu.1GRN.Chr1p367608468",1,367608468,1.30161931361463e-16,0.391935483870968,NA,3.25491620332787e-13,"MLM","NYC","Cotyledon_RedvsYellow",15.8855160158994,12.4874601877105,"Significant",-0.26993692398599
"Lcu.1GRN.Chr2p43230795",2,43230795,1.30211775647686e-16,0.0864197530864198,NA,1.09497360848213e-12,"GLM","NYC","DTF_Nepal_2017",15.8853497387513,11.9605963482473,"Significant",11.0219627401345
"Lcu.1GRN.Chr1p365687602",1,365687602,1.30635195322152e-16,0.412903225806452,NA,3.25491620332787e-13,"MLM","NYC","Cotyledon_RedvsYellow",15.8839398010473,12.4874601877105,"Significant",-0.277074931540421
"Lcu.1GRN.Chr2p43121810",2,43121810,1.39772518494325e-16,0.0864197530864198,NA,1.13884597062763e-12,"GLM","NYC","DTF_Nepal_2017",15.8545782094165,11.9435350104512,"Significant",11.0775609252192
"Lcu.1GRN.Chr1p287239773",1,287239773,1.44798014473543e-16,0.487096774193548,NA,1.01048285756063e-13,"GLM","NYC","Cotyledon_RedvsYellow",15.8392373933122,12.9954710497192,"Significant",-0.324814197003518
"Lcu.1GRN.Chr1p374959418",1,374959418,1.48766404418122e-16,0.114516129032258,NA,1.03602710465653e-13,"GLM","NYC","Cotyledon_RedvsYellow",15.8274951334619,12.9846288823815,"Significant",-0.43619001776529
"Lcu.1GRN.Chr2p42999059",2,42999059,1.52357599521485e-16,0.0879629629629629,NA,1.13884597062763e-12,"GLM","NYC","DTF_Nepal_2017",15.8171358785077,11.9435350104512,"Significant",10.9534951630058
"Lcu.1GRN.Chr2p43001604",2,43001604,1.52357599521485e-16,0.0879629629629629,NA,1.13884597062763e-12,"GLM","NYC","DTF_Nepal_2017",15.8171358785077,11.9435350104512,"Significant",10.9534951630058
"Lcu.1GRN.Chr2p43072512",2,43072512,1.52357599521485e-16,0.0879629629629629,NA,1.13884597062763e-12,"GLM","NYC","DTF_Nepal_2017",15.8171358785077,11.9435350104512,"Significant",10.9534951630058
"Lcu.1GRN.Chr2p43072525",2,43072525,1.52357599521485e-16,0.0879629629629629,NA,1.13884597062763e-12,"GLM","NYC","DTF_Nepal_2017",15.8171358785077,11.9435350104512,"Significant",10.9534951630058
"Lcu.1GRN.Chr1p374431054",1,374431054,1.53029391832326e-16,0.383870967741936,NA,1.06351317029884e-13,"GLM","NYC","Cotyledon_RedvsYellow",15.8152251477139,12.9732571275265,"Significant",-0.294511581475327
"Lcu.1GRN.Chr1p348997944",1,348997944,1.54612020562049e-16,0.420967741935484,NA,1.0722965261937e-13,"GLM","NYC","Cotyledon_RedvsYellow",15.8107567441769,12.9696851009473,"Significant",0.283113400584735
"Lcu.1GRN.Chr1p366877095",1,366877095,1.54928387871454e-16,0.42741935483871,NA,3.83182331199686e-13,"MLM","NYC","Cotyledon_RedvsYellow",15.8098689982101,12.4165945247485,"Significant",-0.247861951831152
"Lcu.1GRN.Chr1p407953637",1,407953637,1.55427269988482e-16,0.332258064516129,NA,1.07573260337892e-13,"GLM","NYC","Cotyledon_RedvsYellow",15.8084727811175,12.9682956685479,"Significant",0.282729546262906
"Lcu.1GRN.Chr1p365083731",1,365083731,1.57947114835342e-16,0.314516129032258,NA,1.09092807342545e-13,"GLM","NYC","Cotyledon_RedvsYellow",15.8014883027917,12.9622038821744,"Significant",-0.353061651327117
"Lcu.1GRN.Chr1p360343122",1,360343122,1.58972419593093e-16,0.170967741935484,NA,1.09575975125553e-13,"GLM","NYC","Cotyledon_RedvsYellow",15.7986782156639,12.9602846558347,"Significant",-0.351696068882564
"Lcu.1GRN.Chr2p43311860",2,43311860,1.6821686562047e-16,0.0879629629629629,NA,1.23005657474262e-12,"GLM","NYC","DTF_Nepal_2017",15.7741304634804,11.9100749133301,"Significant",10.7816578950884
"Lcu.1GRN.Chr1p353677571",1,353677571,1.69663893578713e-16,0.238709677419355,NA,1.16706206321863e-13,"GLM","NYC","Cotyledon_RedvsYellow",15.7704105706931,12.9329060479849,"Significant",-0.290215852491486
"Lcu.1GRN.Chr1p91812621",1,91812621,1.74771583097813e-16,0.409677419354839,NA,1.19974271616045e-13,"GLM","NYC","Cotyledon_RedvsYellow",15.7575291798656,12.9209118780623,"Significant",0.322652887338965
"Lcu.1GRN.Chr1p366876317",1,366876317,1.76476480247666e-16,0.351612903225806,NA,1.20897890491786e-13,"GLM","NYC","Cotyledon_RedvsYellow",15.7533131666461,12.9175812769372,"Significant",-0.33542784755188
"Lcu.1GRN.Chr1p363893299",1,363893299,1.81925321271092e-16,0.158064516129032,NA,1.2437738727641e-13,"GLM","NYC","Cotyledon_RedvsYellow",15.7401068494633,12.9052585703988,"Significant",-0.363956579366073
"Lcu.1GRN.Chr2p43066493",2,43066493,1.82109172273867e-16,0.0833333333333334,NA,1.30330885000519e-12,"GLM","NYC","DTF_Nepal_2017",15.7396681795889,11.8849526556927,"Significant",11.0030491317007
"Lcu.1GRN.Chr1p367423374",1,367423374,1.87636342644117e-16,0.391935483870968,NA,4.60691048658202e-13,"MLM","NYC","Cotyledon_RedvsYellow",15.7266830407907,12.3365902261153,"Significant",-0.284392587153823
"Lcu.1GRN.Chr1p362772961",1,362772961,1.89227483135044e-16,0.146774193548387,NA,1.29107263325934e-13,"GLM","NYC","Cotyledon_RedvsYellow",15.72301578703,12.8890493244753,"Significant",-0.371372645240217
"Lcu.1GRN.Chr2p44142612",2,44142612,1.91085663703488e-16,0.0895061728395061,NA,1.33906065506148e-12,"GLM","NYC","DTF_Nepal_2017",15.7187718948813,11.873199750425,"Significant",10.7719403059203
"Lcu.1GRN.Chr1p367622304",1,367622304,1.92692869117979e-16,0.346774193548387,NA,4.69677697873965e-13,"MLM","NYC","Cotyledon_RedvsYellow",15.715134356751,12.3282000613203,"Significant",-0.280842250125912
"Lcu.1GRN.Chr1p366600877",1,366600877,1.9863558184651e-16,0.354838709677419,NA,4.80237107854078e-13,"MLM","NYC","Cotyledon_RedvsYellow",15.7019429531445,12.3185442851086,"Significant",-0.283260000759532
"Lcu.1GRN.Chr1p365198886",1,365198886,1.98973445792263e-16,0.183870967741935,NA,1.35481985912563e-13,"GLM","NYC","Cotyledon_RedvsYellow",15.701204878944,12.8681184460358,"Significant",-0.586035801893881
"Lcu.1GRN.Chr1p367682602",1,367682602,1.99880473112912e-16,0.333870967741935,NA,4.80237107854078e-13,"MLM","NYC","Cotyledon_RedvsYellow",15.6992296312623,12.3185442851086,"Significant",-0.293832833168174
"Lcu.1GRN.Chr1p364877724",1,364877724,2.04048726363418e-16,0.348387096774194,NA,1.38657086748856e-13,"GLM","NYC","Cotyledon_RedvsYellow",15.6902661116727,12.8580579287744,"Significant",-0.323764574940503
"Lcu.1GRN.Chr2p43071915",2,43071915,2.08175117249477e-16,0.0910493827160493,NA,1.42904570742561e-12,"GLM","NYC","DTF_Nepal_2017",15.681571182064,11.8449538802606,"Significant",10.7693531251817
"Lcu.1GRN.Chr1p364825784",1,364825784,2.17275266542994e-16,0.416129032258065,NA,1.47347237059007e-13,"GLM","NYC","Cotyledon_RedvsYellow",15.6629897086323,12.8316580032907,"Significant",-0.336753530634824
"Lcu.1GRN.Chr1p176304435",1,176304435,2.20537909650275e-16,0.469354838709677,NA,1.49258903531859e-13,"GLM","NYC","Cotyledon_RedvsYellow",15.6565167461653,12.8260597530668,"Significant",0.345881490961223
"Lcu.1GRN.Chr1p407975511",1,407975511,2.44764223629398e-16,0.330645161290323,NA,1.64991197614328e-13,"GLM","NYC","Cotyledon_RedvsYellow",15.6112520612643,12.7825392250558,"Significant",0.280102106031491
"Lcu.1GRN.Chr1p408054242",1,408054242,2.44764223629398e-16,0.330645161290323,NA,1.64991197614328e-13,"GLM","NYC","Cotyledon_RedvsYellow",15.6112520612643,12.7825392250558,"Significant",0.280102106031491
"Lcu.1GRN.Chr2p43613651",2,43613651,2.45236658981554e-16,0.0895061728395061,NA,1.64979038543297e-12,"GLM","NYC","DTF_Nepal_2017",15.6104146091806,11.7825712316847,"Significant",10.7830622829853
"Lcu.1GRN.Chr1p386504634",1,386504634,2.49492907925314e-16,0.480645161290323,NA,1.67173667251223e-13,"GLM","NYC","Cotyledon_RedvsYellow",15.6029417951014,12.7768321304146,"Significant",0.255433097876645
"Lcu.1GRN.Chr1p386747139",1,386747139,2.49492907925314e-16,0.480645161290323,NA,1.67173667251223e-13,"GLM","NYC","Cotyledon_RedvsYellow",15.6029417951014,12.7768321304146,"Significant",0.255433097876645
"Lcu.1GRN.Chr1p387247633",1,387247633,2.49492907925314e-16,0.480645161290323,NA,1.67173667251223e-13,"GLM","NYC","Cotyledon_RedvsYellow",15.6029417951014,12.7768321304146,"Significant",0.255433097876645
"Lcu.1GRN.Chr1p386747551",1,386747551,2.53757962782373e-16,0.0951612903225807,NA,1.69693448642581e-13,"GLM","NYC","Cotyledon_RedvsYellow",15.5955803209479,12.770334924172,"Significant",-0.467575019358541
"Lcu.1GRN.Chr2p43072005",2,43072005,2.5785424013973e-16,0.0802469135802469,NA,1.70065994496236e-12,"GLM","NYC","DTF_Nepal_2017",15.588625722686,11.7693825169521,"Significant",11.1047695979246
"Lcu.1GRN.Chr1p367433126",1,367433126,2.65154138537909e-16,0.311290322580645,NA,1.76962504201549e-13,"GLM","NYC","Cotyledon_RedvsYellow",15.5765015900044,12.7521187446181,"Significant",-0.328058370854212
"Lcu.1GRN.Chr1p250123767",1,250123767,2.68848553273333e-16,0.335483870967742,NA,1.79072834294834e-13,"GLM","NYC","Cotyledon_RedvsYellow",15.5704922962042,12.7469702924909,"Significant",0.312108920685299
"Lcu.1GRN.Chr1p115681291",1,115681291,2.70666266877777e-16,0.345161290322581,NA,1.799272731045e-13,"GLM","NYC","Cotyledon_RedvsYellow",15.5675658669547,12.7449030019627,"Significant",0.291764684402038
"Lcu.1GRN.Chr1p342815146",1,342815146,2.77800554964175e-16,0.370967741935484,NA,1.84305600141292e-13,"GLM","NYC","Cotyledon_RedvsYellow",15.5562668910043,12.7344614685058,"Significant",0.293622741182864
"Lcu.1GRN.Chr1p371167075",1,371167075,2.8878623963641e-16,0.217741935483871,NA,1.91216852495631e-13,"GLM","NYC","Cotyledon_RedvsYellow",15.5394235042892,12.7184738347412,"Significant",-0.300684459387695
"Lcu.1GRN.Chr2p42999677",2,42999677,2.88998498958936e-16,0.0895061728395061,NA,1.86941457883309e-12,"GLM","NYC","DTF_Nepal_2017",15.5391044129374,11.7282943747403,"Significant",10.7821951213265
"Lcu.1GRN.Chr1p374975740",1,374975740,2.99647365053144e-16,0.111290322580645,NA,1.98018635050748e-13,"GLM","NYC","Cotyledon_RedvsYellow",15.523389536916,12.7032939374209,"Significant",-0.442576261382937
"Lcu.1GRN.Chr1p367500108",1,367500108,3.0397099759223e-16,0.35,NA,7.2341186681499e-13,"MLM","NYC","Cotyledon_RedvsYellow",15.5171678512153,12.1406143713693,"Significant",-0.293134580021921
"Lcu.1GRN.Chr1p368085545",1,368085545,3.05394063887743e-16,0.341935483870968,NA,7.2341186681499e-13,"MLM","NYC","Cotyledon_RedvsYellow",15.5151394088181,12.1406143713693,"Significant",-0.306448040176968
"Lcu.1GRN.Chr2p43072419",2,43072419,3.08822081583049e-16,0.0848765432098766,NA,1.91853848365733e-12,"GLM","NYC","DTF_Nepal_2017",15.5102916540396,11.7170294849346,"Significant",10.9945327440987
"Lcu.1GRN.Chr2p43002306",2,43002306,3.11068483971148e-16,0.0910493827160493,NA,1.91853848365733e-12,"GLM","NYC","DTF_Nepal_2017",15.507143987383,11.7170294849346,"Significant",10.5825268948936
"Lcu.1GRN.Chr2p43068586",2,43068586,3.16999128272407e-16,0.0848765432098766,NA,1.91853848365733e-12,"GLM","NYC","DTF_Nepal_2017",15.498941932063,11.7170294849346,"Significant",10.8734660652585
"Lcu.1GRN.Chr2p43069879",2,43069879,3.19407537257849e-16,0.111111111111111,NA,1.91853848365733e-12,"GLM","NYC","DTF_Nepal_2017",15.4956548397602,11.7170294849346,"Significant",10.4145239289278
"Lcu.1GRN.Chr1p364578500",1,364578500,3.19919585337284e-16,0.414516129032258,NA,2.1100076698264e-13,"GLM","NYC","Cotyledon_RedvsYellow",15.4949591717835,12.6757159660496,"Significant",-0.321795803401364
"Lcu.1GRN.Chr1p367659275",1,367659275,3.25088163159774e-16,0.298387096774194,NA,2.1399007862537e-13,"GLM","NYC","Cotyledon_RedvsYellow",15.487998843386,12.6696063616888,"Significant",-0.41537735032436
"Lcu.1GRN.Chr1p362779003",1,362779003,3.30955849313636e-16,0.169354838709677,NA,2.17427004230624e-13,"GLM","NYC","Cotyledon_RedvsYellow",15.4802299387873,12.6626865179313,"Significant",-0.338490621281338
"Lcu.1GRN.Chr1p359675688",1,359675688,3.33886017105738e-16,0.22258064516129,NA,2.18924440381688e-13,"GLM","NYC","Cotyledon_RedvsYellow",15.4764017684897,12.6597057517697,"Significant",-0.275192908641043
"Lcu.1GRN.Chr1p367555594",1,367555594,3.35191374279889e-16,0.266129032258065,NA,2.19352756794559e-13,"GLM","NYC","Cotyledon_RedvsYellow",15.4747071659094,12.6588569030728,"Significant",-0.342212685450392
"Lcu.1GRN.Chr1p367688012",1,367688012,3.57074301214058e-16,0.295161290322581,NA,2.33219439760134e-13,"GLM","NYC","Cotyledon_RedvsYellow",15.447241405037,12.6322352522463,"Significant",-0.352486099520559
"Lcu.1GRN.Chr1p359677991",1,359677991,3.6065305647689e-16,0.158064516129032,NA,2.35100361720857e-13,"GLM","NYC","Cotyledon_RedvsYellow",15.4429103828821,12.6287467026775,"Significant",-0.359480746292339
"Lcu.1GRN.Chr1p382314120",1,382314120,3.67844629574462e-16,0.0951612903225807,NA,2.39324554189696e-13,"GLM","NYC","Cotyledon_RedvsYellow",15.4343355801494,12.6210127414115,"Significant",-0.46698495110731
"Lcu.1GRN.Chr1p368085276",1,368085276,3.76979431371905e-16,0.412903225806452,NA,2.44794286471571e-13,"GLM","NYC","Cotyledon_RedvsYellow",15.4236823449809,12.6111987228942,"Significant",-0.326233310700448
"Lcu.1GRN.Chr1p363534795",1,363534795,4.07843392026742e-16,0.133870967741936,NA,2.64325738431327e-13,"GLM","NYC","Cotyledon_RedvsYellow",15.3895065698398,12.5778605458564,"Significant",-0.3960567805167
"Lcu.1GRN.Chr1p367658966",1,367658966,4.09582517562455e-16,0.316129032258065,NA,9.6342687192259e-13,"MLM","NYC","Cotyledon_RedvsYellow",15.3876585888686,12.0161812445018,"Significant",-0.363361780211465
"Lcu.1GRN.Chr1p414905604",1,414905604,4.24914511283587e-16,0.22258064516129,NA,2.74860037340243e-13,"GLM","NYC","Cotyledon_RedvsYellow",15.3716984370376,12.5608883988406,"Significant",0.285693514608349
"Lcu.1GRN.Chr1p367484558",1,367484558,4.2791093335663e-16,0.338709677419355,NA,9.99549423058121e-13,"MLM","NYC","Cotyledon_RedvsYellow",15.3686466169145,12.0001957271779,"Significant",-0.282417684454123
"Lcu.1GRN.Chr2p44545877",2,44545877,4.38369598771211e-16,0.066358024691358,NA,2.94906133659752e-11,"FarmCPU","NYC","DTF_Nepal_2017",15.358159572096,10.5303161946002,"Significant",8.59068687654758
"Lcu.1GRN.Chr2p44558246",2,44558246,4.40765335052556e-16,0.104938271604938,NA,2.6010335693969e-12,"GLM","NYC","DTF_Nepal_2017",15.3557925688463,11.584854042687,"Significant",10.6445486972684
"Lcu.1GRN.Chr1p359676175",1,359676175,4.46823705064399e-16,0.224193548387097,NA,2.88477445684063e-13,"GLM","NYC","Cotyledon_RedvsYellow",15.349863794586,12.5398881360537,"Significant",-0.274032577140932
"Lcu.1GRN.Chr1p365301723",1,365301723,4.4894474813673e-16,0.435483870967742,NA,2.89291567234688e-13,"GLM","NYC","Cotyledon_RedvsYellow",15.3478071045554,12.5386642257257,"Significant",-0.299591920991654
"Lcu.1GRN.Chr1p367887183",1,367887183,4.80126647509004e-16,0.370967741935484,NA,3.08793040234534e-13,"GLM","NYC","Cotyledon_RedvsYellow",15.3186441895839,12.5103324966193,"Significant",-0.326677629859054
"Lcu.1GRN.Chr2p44213534",2,44213534,4.9682335795393e-16,0.103395061728395,NA,2.88129280077396e-12,"GLM","NYC","DTF_Nepal_2017",15.303797994168,11.540412605899,"Significant",10.3374465206196
"Lcu.1GRN.Chr1p362785780",1,362785780,5.14338749409363e-16,0.108064516129032,NA,3.30165233058357e-13,"GLM","NYC","Cotyledon_RedvsYellow",15.2887507554364,12.4812686605882,"Significant",-0.398146971765007
"Lcu.1GRN.Chr1p408220960",1,408220960,5.16154139041294e-16,0.340322580645161,NA,3.30699465308387e-13,"GLM","NYC","Cotyledon_RedvsYellow",15.2872205857009,12.480566507275,"Significant",0.274613762210401
"Lcu.1GRN.Chr1p378708030",1,378708030,5.32355784312141e-16,0.319354838709677,NA,3.38015768342068e-13,"GLM","NYC","Cotyledon_RedvsYellow",15.2737980227441,12.4710630395324,"Significant",-0.321396940994323
"Lcu.1GRN.Chr1p384225116",1,384225116,5.33602799887141e-16,0.0935483870967742,NA,3.38015768342068e-13,"GLM","NYC","Cotyledon_RedvsYellow",15.2727819002828,12.4710630395324,"Significant",-0.466736740535277
"Lcu.1GRN.Chr1p384959521",1,384959521,5.33602799887141e-16,0.0935483870967742,NA,3.38015768342068e-13,"GLM","NYC","Cotyledon_RedvsYellow",15.2727819002828,12.4710630395324,"Significant",-0.466736740535277
"Lcu.1GRN.Chr1p385796060",1,385796060,5.33602799887141e-16,0.0935483870967742,NA,3.38015768342068e-13,"GLM","NYC","Cotyledon_RedvsYellow",15.2727819002828,12.4710630395324,"Significant",-0.466736740535277
"Lcu.1GRN.Chr1p386598025",1,386598025,5.33602799887141e-16,0.0935483870967742,NA,3.38015768342068e-13,"GLM","NYC","Cotyledon_RedvsYellow",15.2727819002828,12.4710630395324,"Significant",-0.466736740535277
"Lcu.1GRN.Chr1p387301174",1,387301174,5.33602799887141e-16,0.0935483870967742,NA,3.38015768342068e-13,"GLM","NYC","Cotyledon_RedvsYellow",15.2727819002828,12.4710630395324,"Significant",-0.466736740535277
"Lcu.1GRN.Chr1p363534794",1,363534794,5.80199609767329e-16,0.130645161290323,NA,3.66842109283096e-13,"GLM","NYC","Cotyledon_RedvsYellow",15.2364225676325,12.4355208180957,"Significant",-0.393174365207825
"Lcu.1GRN.Chr1p355271661",1,355271661,5.94804313761425e-16,0.490322580645161,NA,3.75370624028123e-13,"GLM","NYC","Cotyledon_RedvsYellow",15.2256258904594,12.4255397176541,"Significant",-0.297016900175846
"Lcu.1GRN.Chr2p44558948",2,44558948,6.008319175566e-16,0.0709876543209876,NA,2.02100029612761e-10,"BLINK","NYC","DTF_Sask_2017",15.2212470046814,9.69443362284958,"Significant",2.21414461195926
"Lcu.1GRN.Chr1p366893261",1,366893261,6.14523999491509e-16,0.390322580645161,NA,3.87089127597304e-13,"GLM","NYC","Cotyledon_RedvsYellow",15.2114611516006,12.4121890267973,"Significant",-0.314670649209446
"Lcu.1GRN.Chr1p66608759",1,66608759,6.20166707025768e-16,0.362903225806452,NA,3.89913298583433e-13,"GLM","NYC","Cotyledon_RedvsYellow",15.2074915520992,12.4090319522885,"Significant",0.281517513244579
"Lcu.1GRN.Chr1p382208760",1,382208760,6.58539070855775e-16,0.148387096774194,NA,4.13266439639076e-13,"GLM","NYC","Cotyledon_RedvsYellow",15.1814184534225,12.3837698612834,"Significant",-0.409726708887548
"Lcu.1GRN.Chr1p364568853",1,364568853,6.80290177299975e-16,0.451612903225806,NA,4.26121352081677e-13,"GLM","NYC","Cotyledon_RedvsYellow",15.1673057997659,12.3704667036336,"Significant",-0.329017633658169
"Lcu.1GRN.Chr1p115681285",1,115681285,7.12663671152811e-16,0.343548387096774,NA,4.45569778949178e-13,"GLM","NYC","Cotyledon_RedvsYellow",15.1471153792976,12.3510842731321,"Significant",0.282862950124588
"Lcu.1GRN.Chr1p384614362",1,384614362,7.18134543341632e-16,0.1,NA,4.47608667564623e-13,"GLM","NYC","Cotyledon_RedvsYellow",15.1437941825587,12.3491015123156,"Significant",-0.461264013988122
"Lcu.1GRN.Chr1p160605794",1,160605794,7.18586188552672e-16,0.385483870967742,NA,4.47608667564623e-13,"GLM","NYC","Cotyledon_RedvsYellow",15.1435211343245,12.3491015123156,"Significant",0.285847065871276
"Lcu.1GRN.Chr1p386747073",1,386747073,7.65663679423627e-16,0.459677419354839,NA,4.76051746500346e-13,"GLM","NYC","Cotyledon_RedvsYellow",15.1159619539248,12.3223458371995,"Significant",0.256137152183256
"Lcu.1GRN.Chr1p365319399",1,365319399,7.73150557817866e-16,0.388709677419355,NA,1.79353333573463e-12,"MLM","NYC","Cotyledon_RedvsYellow",15.1117359264405,11.7462905468436,"Significant",-0.265269896103276
"Lcu.1GRN.Chr1p354743936",1,354743936,7.81962066009568e-16,0.27741935483871,NA,4.85288255087529e-13,"GLM","NYC","Cotyledon_RedvsYellow",15.1068143146157,12.3140002193223,"Significant",-0.283309425047144
"Lcu.1GRN.Chr1p354854560",1,354854560,7.86725159603687e-16,0.135483870967742,NA,4.87345086114942e-13,"GLM","NYC","Cotyledon_RedvsYellow",15.1041769607978,12.3121634085548,"Significant",-0.365244216361911
"Lcu.1GRN.Chr1p358496694",1,358496694,7.93506474734909e-16,0.2,NA,4.90642265417568e-13,"GLM","NYC","Cotyledon_RedvsYellow",15.1004495252038,12.3092350430701,"Significant",-0.330724272264774
"Lcu.1GRN.Chr1p363528644",1,363528644,8.01832933121668e-16,0.111290322580645,NA,4.94880987551076e-13,"GLM","NYC","Cotyledon_RedvsYellow",15.0959161102465,12.3054992306913,"Significant",-0.430632691288154
"Lcu.1GRN.Chr1p367801039",1,367801039,8.15313393550276e-16,0.288709677419355,NA,5.02279341114149e-13,"GLM","NYC","Cotyledon_RedvsYellow",15.0886754232504,12.2990546841232,"Significant",-0.346431335649827
"Lcu.1GRN.Chr1p365201778",1,365201778,8.25460830861966e-16,0.351612903225806,NA,1.90176563900375e-12,"MLM","NYC","Cotyledon_RedvsYellow",15.0833035297229,11.7208430036755,"Significant",-0.303875654686626
"Lcu.1GRN.Chr1p354236749",1,354236749,8.58826247079367e-16,0.280645161290323,NA,5.28118479435732e-13,"GLM","NYC","Cotyledon_RedvsYellow",15.0660946913113,12.2772686358129,"Significant",-0.291507612421352
"Lcu.1GRN.Chr3p387941231",3,387941231,8.59546505297283e-16,0.0895061728395061,NA,4.9003911753785e-12,"GLM","NYC","DTF_Nepal_2017",15.065730621074,11.3097692508842,"Significant",10.1138849184109
"Lcu.1GRN.Chr1p387708384",1,387708384,8.64794317785922e-16,0.0967741935483871,NA,5.30818011479374e-13,"GLM","NYC","Cotyledon_RedvsYellow",15.063087172619,12.2750543492714,"Significant",-0.462444565256062
"Lcu.1GRN.Chr1p386598144",1,386598144,8.72069952730113e-16,0.0967741935483871,NA,5.34308841147486e-13,"GLM","NYC","Cotyledon_RedvsYellow",15.0594486769181,12.2722076395364,"Significant",-0.45668112696627
"Lcu.1GRN.Chr1p382208739",1,382208739,8.83637619995546e-16,0.145161290322581,NA,5.40411882409167e-13,"GLM","NYC","Cotyledon_RedvsYellow",15.05372580275,12.2672751104124,"Significant",-0.406342671273252
"Lcu.1GRN.Chr1p408218046",1,408218046,9.18600662888745e-16,0.345161290322581,NA,5.60774862384571e-13,"GLM","NYC","Cotyledon_RedvsYellow",15.0368732455186,12.2512114625385,"Significant",0.272791767830054
"Lcu.1GRN.Chr1p159794199",1,159794199,9.34221504454753e-16,0.325806451612903,NA,5.69277689835022e-13,"GLM","NYC","Cotyledon_RedvsYellow",15.0295501400898,12.2446758359872,"Significant",0.298180545381169
"Lcu.1GRN.Chr2p43121420",2,43121420,9.58119681185444e-16,0.0895061728395061,NA,5.37133071335507e-12,"GLM","NYC","DTF_Nepal_2017",15.018580238696,11.2699181072477,"Significant",10.6673364004827
"Lcu.1GRN.Chr1p386604336",1,386604336,9.75198823293184e-16,0.495161290322581,NA,5.93173060749834e-13,"GLM","NYC","Cotyledon_RedvsYellow",15.0109068314233,12.2268185808961,"Significant",0.258254424569566
"Lcu.1GRN.Chr1p365081848",1,365081848,1.00211057910601e-15,0.369354838709677,NA,2.29304033443641e-12,"MLM","NYC","Cotyledon_RedvsYellow",14.9990843530737,11.63958830599,"Significant",-0.302897971785885
"Lcu.1GRN.Chr3p389105142",3,389105142,1.0027585729708e-15,0.0925925925925926,NA,5.52942447400768e-12,"GLM","NYC","DTF_Nepal_2017",14.998803616379,11.2573200695579,"Significant",9.63847126800977
"Lcu.1GRN.Chr1p387507252",1,387507252,1.00806238184375e-15,0.0919354838709677,NA,6.12055810818837e-13,"GLM","NYC","Cotyledon_RedvsYellow",14.9965125916482,12.2132089745448,"Significant",-0.464984400964543
"Lcu.1GRN.Chr1p367885965",1,367885965,1.01116782893371e-15,0.333870967741935,NA,2.2981316832091e-12,"MLM","NYC","Cotyledon_RedvsYellow",14.995176756248,11.6386250898111,"Significant",-0.276225752989313
"Lcu.1GRN.Chr1p386389983",1,386389983,1.0244755919952e-15,0.387096774193548,NA,6.20900507121888e-13,"GLM","NYC","Cotyledon_RedvsYellow",14.9894983841521,12.2069779854429,"Significant",-0.233606973433904
"Lcu.1GRN.Chr1p166851286",1,166851286,1.02641232647857e-15,0.317741935483871,NA,6.90502470041232e-11,"FarmCPU","NYC","Cotyledon_RedvsYellow",14.9886781410354,10.1608347635396,"Significant",0.109364392668234
"Lcu.1GRN.Chr1p357740500",1,357740500,1.02951552391699e-15,0.111290322580645,NA,6.22832820563643e-13,"GLM","NYC","Cotyledon_RedvsYellow",14.9873671003323,12.2056285100825,"Significant",-0.370610227303688
"Lcu.1GRN.Chr1p364578767",1,364578767,1.04932314269853e-15,0.47258064516129,NA,6.33676261292774e-13,"GLM","NYC","Cotyledon_RedvsYellow",14.9790907487181,12.19813256206,"Significant",-0.335106977060538
"Lcu.1GRN.Chr1p374289645",1,374289645,1.0571086787085e-15,0.403225806451613,NA,6.36107424613312e-13,"GLM","NYC","Cotyledon_RedvsYellow",14.9758803616641,12.1964695353309,"Significant",-0.29897456407497
"Lcu.1GRN.Chr1p347216789",1,347216789,1.0571312000251e-15,0.383870967741936,NA,6.36107424613312e-13,"GLM","NYC","Cotyledon_RedvsYellow",14.9758711092764,12.1964695353309,"Significant",0.284539636328111
"Lcu.1GRN.Chr1p173511627",1,173511627,1.0621339875348e-15,0.443548387096774,NA,6.37976469616284e-13,"GLM","NYC","Cotyledon_RedvsYellow",14.9738206938228,12.1951953389971,"Significant",0.343087223435129
"Lcu.1GRN.Chr1p386265899",1,386265899,1.066556852537e-15,0.388709677419355,NA,6.39491138711791e-13,"GLM","NYC","Cotyledon_RedvsYellow",14.9720159896426,12.1941654690669,"Significant",-0.233306810968329
"Lcu.1GRN.Chr1p371694971",1,371694971,1.07460895071292e-15,0.133870967741936,NA,6.4317257815739e-13,"GLM","NYC","Cotyledon_RedvsYellow",14.9687495463943,12.1916724801315,"Significant",-0.378510666569476
"Lcu.1GRN.Chr1p367561751",1,367561751,1.07964724171123e-15,0.248387096774194,NA,6.45040326381314e-13,"GLM","NYC","Cotyledon_RedvsYellow",14.9667181204423,12.1904131334618,"Significant",-0.389601314197124
"Lcu.1GRN.Chr1p367622297",1,367622297,1.12956425513731e-15,0.348387096774194,NA,2.54833636210773e-12,"MLM","NYC","Cotyledon_RedvsYellow",14.9470890592475,11.593743248799,"Significant",-0.284637277095427
"Lcu.1GRN.Chr1p367494358",1,367494358,1.13640890549953e-15,0.341935483870968,NA,2.54833636210773e-12,"MLM","NYC","Cotyledon_RedvsYellow",14.9444653715752,11.593743248799,"Significant",-0.25228771514835
"Lcu.1GRN.Chr1p359125672",1,359125672,1.15514870873598e-15,0.119354838709677,NA,6.88925364736518e-13,"GLM","NYC","Cotyledon_RedvsYellow",14.9373621030219,12.1618278251734,"Significant",-0.374190197481734
"Lcu.1GRN.Chr1p203005137",1,203005137,1.18995606596393e-15,0.395161290322581,NA,7.08428233699274e-13,"GLM","NYC","Cotyledon_RedvsYellow",14.9244690727769,12.1497041387645,"Significant",0.288922974737029
"Lcu.1GRN.Chr1p367659099",1,367659099,1.21645223490617e-15,0.338709677419355,NA,2.70976416489193e-12,"MLM","NYC","Cotyledon_RedvsYellow",14.9149049393628,11.5670685048241,"Significant",-0.319265020279415
"Lcu.1GRN.Chr1p374129247",1,374129247,1.26437493375116e-15,0.388709677419355,NA,7.51402832758083e-13,"GLM","NYC","Cotyledon_RedvsYellow",14.8981241226406,12.124127171997,"Significant",-0.292910444754158
"Lcu.1GRN.Chr1p385796478",1,385796478,1.2874018907844e-15,0.370967741935484,NA,7.62534445196433e-13,"GLM","NYC","Cotyledon_RedvsYellow",14.890285857366,12.1177405335932,"Significant",-0.237896553590212
"Lcu.1GRN.Chr1p365205554",1,365205554,1.28763988403016e-15,0.282258064516129,NA,7.62534445196433e-13,"GLM","NYC","Cotyledon_RedvsYellow",14.890205579714,12.1177405335932,"Significant",-0.31538154321439
"Lcu.1GRN.Chr1p386967889",1,386967889,1.29027213803701e-15,0.483870967741935,NA,7.62750383576616e-13,"GLM","NYC","Cotyledon_RedvsYellow",14.8893186807216,12.1176175652848,"Significant",-0.255756555832769
"Lcu.1GRN.Chr1p367435947",1,367435947,1.3287008041144e-15,0.391935483870968,NA,2.94033620643123e-12,"MLM","NYC","Cotyledon_RedvsYellow",14.8765728021655,11.5316030082784,"Significant",-0.272005668089337
"Lcu.1GRN.Chr2p43391129",2,43391129,1.3413951009449e-15,0.103395061728395,NA,7.1619213638021e-12,"GLM","NYC","DTF_Nepal_2017",14.8724432841266,11.1449704517483,"Significant",9.41720548769877
"Lcu.1GRN.Chr2p43391170",2,43391170,1.3413951009449e-15,0.103395061728395,NA,7.1619213638021e-12,"GLM","NYC","DTF_Nepal_2017",14.8724432841266,11.1449704517483,"Significant",9.41720548769877
"Lcu.1GRN.Chr1p385802757",1,385802757,1.40000077172938e-15,0.1,NA,8.26165016814553e-13,"GLM","NYC","Cotyledon_RedvsYellow",14.8538717249234,12.082933198764,"Significant",-0.449912253082761
"Lcu.1GRN.Chr1p371692430",1,371692430,1.41696798579367e-15,0.0951612903225807,NA,8.34713258279262e-13,"GLM","NYC","Cotyledon_RedvsYellow",14.8486399618557,12.0784626882697,"Significant",-0.406393781387195
"Lcu.1GRN.Chr1p408220907",1,408220907,1.47629971463872e-15,0.343548387096774,NA,8.68144241457836e-13,"GLM","NYC","Cotyledon_RedvsYellow",14.8308254641932,12.0614081111543,"Significant",0.270397561824839
"Lcu.1GRN.Chr1p367667317",1,367667317,1.47855458154082e-15,0.306451612903226,NA,3.25056842437346e-12,"MLM","NYC","Cotyledon_RedvsYellow",14.830162638656,11.4880406876417,"Significant",-0.259813188929065
"Lcu.1GRN.Chr1p386962289",1,386962289,1.52903003573959e-15,0.479032258064516,NA,8.97583326407713e-13,"GLM","NYC","Cotyledon_RedvsYellow",14.8155839833726,12.0469252235081,"Significant",0.247746866565316
"Lcu.1GRN.Chr1p374173173",1,374173173,1.67838352448036e-15,0.42741935483871,NA,9.83541517384816e-13,"GLM","NYC","Cotyledon_RedvsYellow",14.7751087922954,12.0072073028615,"Significant",-0.286138479033463
"Lcu.1GRN.Chr5p2101990",5,2101990,1.68606007534479e-15,0.123456790123457,NA,9.45224948939169e-11,"FarmCPU","NYC","DTF_Nepal_2017",14.7731269552594,10.0244648238111,"Significant",1.58333815664719
"Lcu.1GRN.Chr1p365384637",1,365384637,1.71482567511605e-15,0.379032258064516,NA,3.74552446663481e-12,"MLM","NYC","Cotyledon_RedvsYellow",14.7657800226668,11.4264873616714,"Significant",-0.247664594525071
"Lcu.1GRN.Chr1p386263936",1,386263936,1.7354941979222e-15,0.388709677419355,NA,1.01523995977825e-12,"GLM","NYC","Cotyledon_RedvsYellow",14.7605768339168,11.9934312967746,"Significant",-0.2318770336327
"Lcu.1GRN.Chr1p367435455",1,367435455,1.79383191124948e-15,0.388709677419355,NA,1.04754489321398e-12,"GLM","NYC","Cotyledon_RedvsYellow",14.7462182544006,11.9798273559919,"Significant",-0.311898017544934
"Lcu.1GRN.Chr1p367435302",1,367435302,1.8259402991722e-15,0.383870967741936,NA,3.96249071362357e-12,"MLM","NYC","Cotyledon_RedvsYellow",14.7385134262343,11.4020317425727,"Significant",-0.234388274696602
"Lcu.1GRN.Chr1p360172452",1,360172452,1.84385590282137e-15,0.285483870967742,NA,1.07489129716519e-12,"GLM","NYC","Cotyledon_RedvsYellow",14.7342730220323,11.9686354533561,"Significant",-0.276729576040676
"Lcu.1GRN.Chr1p347447942",1,347447942,1.88770180742269e-15,0.414516129032258,NA,1.09854774023762e-12,"GLM","NYC","Cotyledon_RedvsYellow",14.724066608353,11.9591810649417,"Significant",0.3071227742302
"Lcu.1GRN.Chr1p382777313",1,382777313,1.89239420161409e-15,0.103225806451613,NA,1.09937644285721e-12,"GLM","NYC","Cotyledon_RedvsYellow",14.7229883913204,11.958853573216,"Significant",-0.433197111360902
"Lcu.1GRN.Chr1p374290646",1,374290646,1.93551722943067e-15,0.382258064516129,NA,1.12248986881363e-12,"GLM","NYC","Cotyledon_RedvsYellow",14.7132029583603,11.9498175700914,"Significant",-0.295508463463156
"Lcu.1GRN.Chr1p28458125",1,28458125,1.95381691362861e-15,0.459677419354839,NA,1.13115238173238e-12,"GLM","NYC","Cotyledon_RedvsYellow",14.7091161351547,11.9464788857131,"Significant",-0.310995907459755
"Lcu.1GRN.Chr1p363414756",1,363414756,1.96782986691767e-15,0.151612903225806,NA,1.13730760970017e-12,"GLM","NYC","Cotyledon_RedvsYellow",14.7060124521714,11.9441220549894,"Significant",-0.354878018099966
"Lcu.1GRN.Chr1p371167075",1,371167075,2.0137890302125e-15,0.217741935483871,NA,4.34212932516338e-12,"MLM","NYC","Cotyledon_RedvsYellow",14.6959860292212,11.3622972457438,"Significant",-0.304984486437505
"Lcu.1GRN.Chr1p408223466",1,408223466,2.03401373980249e-15,0.333870967741935,NA,1.17354219488189e-12,"GLM","NYC","Cotyledon_RedvsYellow",14.6916461177357,11.9305012906628,"Significant",0.266650637990051
"Lcu.1GRN.Chr1p385802784",1,385802784,2.04539820594199e-15,0.393548387096774,NA,1.17808982592138e-12,"GLM","NYC","Cotyledon_RedvsYellow",14.6892221293153,11.9288215945958,"Significant",-0.230941507634274
"Lcu.1GRN.Chr1p371795426",1,371795426,2.1014171423883e-15,0.0935483870967742,NA,1.20828611954483e-12,"GLM","NYC","Cotyledon_RedvsYellow",14.6774877292907,11.917830213541,"Significant",-0.407873493454864
"Lcu.1GRN.Chr1p369006843",1,369006843,2.110570113636e-15,0.280645161290323,NA,4.52182253129554e-12,"MLM","NYC","Cotyledon_RedvsYellow",14.675600215905,11.3446864864824,"Significant",-0.290000380472547
"Lcu.1GRN.Chr1p366901526",1,366901526,2.13427086731312e-15,0.416129032258065,NA,4.54366005585768e-12,"MLM","NYC","Cotyledon_RedvsYellow",14.6707504636771,11.3425941687997,"Significant",-0.232722025495701
"Lcu.1GRN.Chr1p360321735",1,360321735,2.13515019200408e-15,0.196774193548387,NA,1.22558714101337e-12,"GLM","NYC","Cotyledon_RedvsYellow",14.6705715701638,11.91165580435,"Significant",-0.354691698704896
"Lcu.1GRN.Chr1p386504992",1,386504992,2.15983176178023e-15,0.498387096774194,NA,1.2376424705532e-12,"GLM","NYC","Cotyledon_RedvsYellow",14.6655800765232,11.9074047959389,"Significant",0.251165909654845
"Lcu.1GRN.Chr1p359676332",1,359676332,2.19975987962126e-15,0.287096774193548,NA,1.25837862487851e-12,"GLM","NYC","Cotyledon_RedvsYellow",14.6576247231082,11.9001886673525,"Significant",-0.268006342767905
"Lcu.1GRN.Chr1p389572169",1,389572169,2.21622235774498e-15,0.416129032258065,NA,1.26564357522514e-12,"GLM","NYC","Cotyledon_RedvsYellow",14.6543866681778,11.897688581133,"Significant",-0.310782133424665
"Lcu.1GRN.Chr1p357613596",1,357613596,2.22311355451375e-15,0.117741935483871,NA,1.2674271813409e-12,"GLM","NYC","Cotyledon_RedvsYellow",14.6530383533877,11.897076983198,"Significant",-0.355850424477215
"Lcu.1GRN.Chr1p358161453",1,358161453,2.22966396985071e-15,0.117741935483871,NA,1.26901079618743e-12,"GLM","NYC","Cotyledon_RedvsYellow",14.6517605840532,11.8965346831026,"Significant",-0.355999710521789
"Lcu.1GRN.Chr1p366601044",1,366601044,2.24718773203516e-15,0.351612903225806,NA,4.75396098026083e-12,"MLM","NYC","Cotyledon_RedvsYellow",14.6483606447232,11.3229443872117,"Significant",-0.275795250503532
"Lcu.1GRN.Chr1p367493167",1,367493167,2.25957383843114e-15,0.262903225806452,NA,1.28386161032359e-12,"GLM","NYC","Cotyledon_RedvsYellow",14.645973462211,11.891481787102,"Significant",-0.328991852474108
"Lcu.1GRN.Chr1p366877086",1,366877086,2.29576225511664e-15,0.364516129032258,NA,4.82636664041761e-12,"MLM","NYC","Cotyledon_RedvsYellow",14.6390730886769,11.316379689501,"Significant",-0.261211554640037
"Lcu.1GRN.Chr1p387755905",1,387755905,2.39384870045088e-15,0.0935483870967742,NA,1.35786122398745e-12,"GLM","NYC","Cotyledon_RedvsYellow",14.6209033019813,11.8671446135137,"Significant",-0.454934818032745
"Lcu.1GRN.Chr1p373681768",1,373681768,2.44985905220514e-15,0.398387096774194,NA,1.38729249126782e-12,"GLM","NYC","Cotyledon_RedvsYellow",14.6108589011907,11.85783196434,"Significant",-0.255674577796981
"Lcu.1GRN.Chr1p361280350",1,361280350,2.48511179034581e-15,0.229032258064516,NA,1.40489007997184e-12,"GLM","NYC","Cotyledon_RedvsYellow",14.6046540701748,11.8523576540715,"Significant",-0.303563807856761
"Lcu.1GRN.Chr1p370984835",1,370984835,2.49305264712441e-15,0.0870967741935483,NA,1.40701449623372e-12,"GLM","NYC","Cotyledon_RedvsYellow",14.6032685501708,11.8517014280792,"Significant",-0.447302459537334
"Lcu.1GRN.Chr1p367801061",1,367801061,2.51089630959273e-15,0.27741935483871,NA,1.41471132155574e-12,"GLM","NYC","Cotyledon_RedvsYellow",14.6001712216166,11.8493321709141,"Significant",-0.349621198048496
"Lcu.1GRN.Chr1p364825940",1,364825940,2.55557466257308e-15,0.35,NA,1.43747655940756e-12,"GLM","NYC","Cotyledon_RedvsYellow",14.5925114263621,11.8423992285186,"Significant",-0.314715781227413
"Lcu.1GRN.Chr1p28229781",1,28229781,2.56203399268745e-15,0.448387096774194,NA,1.43870398667496e-12,"GLM","NYC","Cotyledon_RedvsYellow",14.5914151123983,11.8420285529557,"Significant",-0.321040166329634
"Lcu.1GRN.Chr1p365198886",1,365198886,2.5806488132494e-15,0.183870967741935,NA,5.39158446811342e-12,"MLM","NYC","Cotyledon_RedvsYellow",14.5882710922578,11.2682835864578,"Significant",-0.456114228544117
"Lcu.1GRN.Chr1p28458448",1,28458448,2.59862771189763e-15,0.458064516129032,NA,1.45682101261312e-12,"GLM","NYC","Cotyledon_RedvsYellow",14.5852559345235,11.8365938030752,"Significant",-0.312353463018256
"Lcu.1GRN.Chr1p371705992",1,371705992,2.63413504388673e-15,0.0967741935483871,NA,1.47426972097678e-12,"GLM","NYC","Cotyledon_RedvsYellow",14.5793619638801,11.831423054051,"Significant",-0.400652735997962
"Lcu.1GRN.Chr1p371784277",1,371784277,2.67679503759227e-15,0.103225806451613,NA,1.49565700400299e-12,"GLM","NYC","Cotyledon_RedvsYellow",14.5723848815028,11.8251679909288,"Significant",-0.426465647573824
"Lcu.1GRN.Chr1p361541626",1,361541626,2.68178153899141e-15,0.0629032258064516,NA,3.00687603641975e-10,"BLINK","NYC","Cotyledon_RedvsYellow",14.5715766031715,9.52188447605931,"Significant",0.134579398070345
"Lcu.1GRN.Chr1p319692021",1,319692021,2.76785793083669e-15,0.353225806451613,NA,1.54397357980389e-12,"GLM","NYC","Cotyledon_RedvsYellow",14.5578562051969,11.8113601355052,"Significant",0.283872141090377
"Lcu.1GRN.Chr2p43613678",2,43613678,2.78212159495585e-15,0.0709876543209876,NA,1.46220921020393e-11,"GLM","NYC","DTF_Nepal_2017",14.5556238927249,10.8349904848769,"Significant",11.3916842102703
"Lcu.1GRN.Chr5p1658484",5,1658484,2.84048509176202e-15,0.123456790123457,NA,1.46991607517033e-11,"GLM","NYC","DTF_Nepal_2017",14.546607485768,10.832707460579,"Significant",15.4261868823189
"Lcu.1GRN.Chr1p408219139",1,408219139,2.87411845566645e-15,0.353225806451613,NA,1.60059371287609e-12,"GLM","NYC","Cotyledon_RedvsYellow",14.541495336556,11.7957188933452,"Significant",0.267207887295559
"Lcu.1GRN.Chr1p361179820",1,361179820,2.89691321787184e-15,0.188709677419355,NA,1.6106215014147e-12,"GLM","NYC","Cotyledon_RedvsYellow",14.5380645146561,11.7930065074767,"Significant",-0.299623402841095
"Lcu.1GRN.Chr2p43851602",2,43851602,2.91184478086053e-15,0.100308641975309,NA,1.4840128687935e-11,"GLM","NYC","DTF_Nepal_2017",14.5358317792946,10.8285623330046,"Significant",10.3284780619624
"Lcu.1GRN.Chr1p109738871",1,109738871,2.91891663128711e-15,0.445161290322581,NA,1.62017694804645e-12,"GLM","NYC","Cotyledon_RedvsYellow",14.5347783089479,11.7904375512823,"Significant",0.30610384385274
"Lcu.1GRN.Chr2p45088100",2,45088100,2.97905471351411e-15,0.135802469135803,NA,5.01027848410301e-10,"BLINK","NYC","DTF_Sask_2017",14.5259215204308,9.3001381342629,"Significant",2.36995735839005
"Lcu.1GRN.Chr1p366878508",1,366878508,2.98209999616006e-15,0.367741935483871,NA,6.19185203338501e-12,"MLM","NYC","Cotyledon_RedvsYellow",14.5254777978205,11.2081794305313,"Significant",-0.2644247707947
"Lcu.1GRN.Chr1p237164516",1,237164516,3.0200576262465e-15,0.309677419354839,NA,1.6712769755954e-12,"GLM","NYC","Cotyledon_RedvsYellow",14.519984770115,11.7769515698525,"Significant",0.278261477868059
"Lcu.1GRN.Chr1p180842761",1,180842761,3.02091584835017e-15,0.403225806451613,NA,1.6712769755954e-12,"GLM","NYC","Cotyledon_RedvsYellow",14.5198613724117,11.7769515698525,"Significant",0.286248625172105
"Lcu.1GRN.Chr1p361416379",1,361416379,3.07522346699445e-15,0.154838709677419,NA,1.69852822975784e-12,"GLM","NYC","Cotyledon_RedvsYellow",14.5121233199028,11.7699272307038,"Significant",-0.355666394905494
"Lcu.1GRN.Chr2p7898651",2,7898651,3.0991337289505e-15,0.403225806451613,NA,1.70892838525556e-12,"GLM","NYC","Cotyledon_RedvsYellow",14.5087596833631,11.767276136542,"Significant",-0.275623229044499
"Lcu.1GRN.Chr1p345506823",1,345506823,3.13735312616756e-15,0.290322580645161,NA,1.72717194597317e-12,"GLM","NYC","Cotyledon_RedvsYellow",14.5034365963437,11.7626644247544,"Significant",0.314373537057147
"Lcu.1GRN.Chr1p387755233",1,387755233,3.18324893656261e-15,0.0935483870967742,NA,1.74957499190319e-12,"GLM","NYC","Cotyledon_RedvsYellow",14.4971293973362,11.7570674376499,"Significant",-0.455331908230467
"Lcu.1GRN.Chr1p356408843",1,356408843,3.21746770504403e-15,0.387096774193548,NA,1.76549748701883e-12,"GLM","NYC","Cotyledon_RedvsYellow",14.4924858035818,11.7531328962683,"Significant",-0.268796357368191
"Lcu.1GRN.Chr2p7752378",2,7752378,3.29622046927014e-15,0.12741935483871,NA,1.80576513124917e-12,"GLM","NYC","Cotyledon_RedvsYellow",14.4819837480109,11.7433387373202,"Significant",-0.329165324136507
"Lcu.1GRN.Chr1p361241833",1,361241833,3.38418983791606e-15,0.182258064516129,NA,1.85094273692734e-12,"GLM","NYC","Cotyledon_RedvsYellow",14.4705452829714,11.7326070169149,"Significant",-0.292018446207009
"Lcu.1GRN.Chr1p368193276",1,368193276,3.39265960053803e-15,0.364516129032258,NA,1.85256287638665e-12,"GLM","NYC","Cotyledon_RedvsYellow",14.4694597127168,11.7322270430494,"Significant",-0.333646835151253
"Lcu.1GRN.Chr1p365311297",1,365311297,3.39855117574133e-15,0.311290322580645,NA,6.98820437539104e-12,"MLM","NYC","Cotyledon_RedvsYellow",14.4687061860405,11.1556344022285,"Significant",-0.258298975641624
"Lcu.1GRN.Chr1p365687404",1,365687404,3.40718773709707e-15,0.419354838709677,NA,6.98820437539104e-12,"MLM","NYC","Cotyledon_RedvsYellow",14.4676039360127,11.1556344022285,"Significant",-0.254874187207627
"Lcu.1GRN.Chr1p92259326",1,92259326,3.44351663932367e-15,0.437096774193548,NA,1.87728583698441e-12,"GLM","NYC","Cotyledon_RedvsYellow",14.462997814131,11.7264695963323,"Significant",0.327030008051746
"Lcu.1GRN.Chr1p365205572",1,365205572,3.45069877249323e-15,0.295161290322581,NA,1.87815727185636e-12,"GLM","NYC","Cotyledon_RedvsYellow",14.4620929506343,11.7262680438912,"Significant",-0.312754277845609
"Lcu.1GRN.Chr1p209166107",1,209166107,3.47190659773823e-15,0.3,NA,1.88664750656125e-12,"GLM","NYC","Cotyledon_RedvsYellow",14.4594319668574,11.7243092340457,"Significant",0.275018049537716
"Lcu.1GRN.Chr2p7836680",2,7836680,3.50494114530408e-15,0.464516129032258,NA,1.90152667455241e-12,"GLM","NYC","Cotyledon_RedvsYellow",14.4553192702749,11.7208975779412,"Significant",-0.241839894768001
"Lcu.1GRN.Chr1p368048642",1,368048642,3.55073420799168e-15,0.445161290322581,NA,7.23848371720932e-12,"MLM","NYC","Cotyledon_RedvsYellow",14.4496818358152,11.1403523981972,"Significant",-0.244845262048177
"Lcu.1GRN.Chr1p386234628",1,386234628,3.58228211528047e-15,0.390322580645161,NA,1.94035666388172e-12,"GLM","NYC","Cotyledon_RedvsYellow",14.445840215169,11.7121184335137,"Significant",-0.231619729268822
"Lcu.1GRN.Chr1p367115859",1,367115859,3.6457292787704e-15,0.364516129032258,NA,1.97040933852261e-12,"GLM","NYC","Cotyledon_RedvsYellow",14.4382155839261,11.7054435428766,"Significant",-0.315965936874638
"Lcu.1GRN.Chr1p380594531",1,380594531,3.67291278649118e-15,0.312903225806452,NA,1.97040933852261e-12,"GLM","NYC","Cotyledon_RedvsYellow",14.4349893838778,11.7054435428766,"Significant",-0.314646913984536
"Lcu.1GRN.Chr1p380594852",1,380594852,3.67291278649118e-15,0.312903225806452,NA,1.97040933852261e-12,"GLM","NYC","Cotyledon_RedvsYellow",14.4349893838778,11.7054435428766,"Significant",-0.314646913984536
"Lcu.1GRN.Chr1p380595238",1,380595238,3.67291278649118e-15,0.312903225806452,NA,1.97040933852261e-12,"GLM","NYC","Cotyledon_RedvsYellow",14.4349893838778,11.7054435428766,"Significant",-0.314646913984536
"Lcu.1GRN.Chr1p380596141",1,380596141,3.67291278649118e-15,0.312903225806452,NA,1.97040933852261e-12,"GLM","NYC","Cotyledon_RedvsYellow",14.4349893838778,11.7054435428766,"Significant",-0.314646913984536
"Lcu.1GRN.Chr1p381208108",1,381208108,3.67291278649118e-15,0.312903225806452,NA,1.97040933852261e-12,"GLM","NYC","Cotyledon_RedvsYellow",14.4349893838778,11.7054435428766,"Significant",-0.314646913984536
"Lcu.1GRN.Chr1p407828501",1,407828501,3.79366649656175e-15,0.235483870967742,NA,2.03194939243469e-12,"GLM","NYC","Cotyledon_RedvsYellow",14.4209408508509,11.6920871127563,"Significant",0.283275611795869
"Lcu.1GRN.Chr1p367684187",1,367684187,3.81895653197154e-15,0.348387096774194,NA,7.73837922764863e-12,"MLM","NYC","Cotyledon_RedvsYellow",14.418055284814,11.1113499910222,"Significant",-0.264474465566059
"Lcu.1GRN.Chr1p353439403",1,353439403,4.11889676715416e-15,0.195161290322581,NA,2.20264061824697e-12,"GLM","NYC","Cotyledon_RedvsYellow",14.3852190927285,11.6570563563419,"Significant",-0.311253071032526
"Lcu.1GRN.Chr1p72866564",1,72866564,4.14094446640744e-15,0.332258064516129,NA,2.21091597989218e-12,"GLM","NYC","Cotyledon_RedvsYellow",14.3829005937175,11.6554277613392,"Significant",0.286859600725321
"Lcu.1GRN.Chr1p364467498",1,364467498,4.15575757694711e-15,0.103225806451613,NA,2.21530857192547e-12,"GLM","NYC","Cotyledon_RedvsYellow",14.3813497946242,11.6545657720365,"Significant",-0.364276028442978
"Lcu.1GRN.Chr1p407192014",1,407192014,4.20247632274113e-15,0.219354838709677,NA,2.22961254456067e-12,"GLM","NYC","Cotyledon_RedvsYellow",14.3764947247491,11.651770600799,"Significant",0.27941904948289
"Lcu.1GRN.Chr1p407504939",1,407504939,4.20247632274113e-15,0.219354838709677,NA,2.22961254456067e-12,"GLM","NYC","Cotyledon_RedvsYellow",14.3764947247491,11.651770600799,"Significant",0.27941904948289
"Lcu.1GRN.Chr1p407506515",1,407506515,4.20247632274113e-15,0.219354838709677,NA,2.22961254456067e-12,"GLM","NYC","Cotyledon_RedvsYellow",14.3764947247491,11.651770600799,"Significant",0.27941904948289
"Lcu.1GRN.Chr1p368962782",1,368962782,4.26849480913841e-15,0.348387096774194,NA,8.5974897812303e-12,"MLM","NYC","Cotyledon_RedvsYellow",14.3697252423819,11.0656283316976,"Significant",-0.282802181771758
"Lcu.1GRN.Chr2p45088100",2,45088100,4.28937303411241e-15,0.135802469135803,NA,1.44280353936529e-09,"FarmCPU","NYC","DTF_Sask_2017",14.3676061828092,8.84079280097737,"Significant",2.26572415760007
"Lcu.1GRN.Chr2p43952294",2,43952294,4.2959143933416e-15,0.111111111111111,NA,2.15672214439572e-11,"GLM","NYC","DTF_Nepal_2017",14.3669443816078,10.6662058024768,"Significant",9.61763313522181
"Lcu.1GRN.Chr1p365084519",1,365084519,4.35303431507221e-15,0.361290322580645,NA,8.68297082402686e-12,"MLM","NYC","Cotyledon_RedvsYellow",14.3612079092755,11.0613316582639,"Significant",-0.292521721548007
"Lcu.1GRN.Chr1p368963706",1,368963706,4.36256252623039e-15,0.37258064516129,NA,8.68297082402686e-12,"MLM","NYC","Cotyledon_RedvsYellow",14.3602583354821,11.0613316582639,"Significant",-0.271875489146765
"Lcu.1GRN.Chr1p347379552",1,347379552,4.68717994773395e-15,0.398387096774194,NA,2.48285457870776e-12,"GLM","NYC","Cotyledon_RedvsYellow",14.3290883729556,11.6050487164157,"Significant",0.282098674514532
"Lcu.1GRN.Chr2p7895124",2,7895124,4.71566108300962e-15,0.42741935483871,NA,2.49401379168034e-12,"GLM","NYC","Cotyledon_RedvsYellow",14.3264574154234,11.60310114924,"Significant",-0.244047471664555
"Lcu.1GRN.Chr2p43391956",2,43391956,4.82591829281994e-15,0.109567901234568,NA,2.38717596823671e-11,"GLM","NYC","DTF_Nepal_2017",14.316420035365,10.6221155662394,"Significant",9.17321953490591
"Lcu.1GRN.Chr1p364998923",1,364998923,4.83302745661078e-15,0.391935483870968,NA,2.55105255763113e-12,"GLM","NYC","Cotyledon_RedvsYellow",14.3157807376108,11.593280593819,"Significant",-0.312277751007387
"Lcu.1GRN.Chr1p386967933",1,386967933,4.83867778875057e-15,0.456451612903226,NA,2.55105255763113e-12,"GLM","NYC","Cotyledon_RedvsYellow",14.3152732969298,11.593280593819,"Significant",-0.255558539205612
"Lcu.1GRN.Chr1p109773674",1,109773674,4.96474796003751e-15,0.358064516129032,NA,2.61342312531133e-12,"GLM","NYC","Cotyledon_RedvsYellow",14.3041027939648,11.5827902702914,"Significant",0.278545281070221
"Lcu.1GRN.Chr1p362604771",1,362604771,4.97722344643588e-15,0.196774193548387,NA,2.6158964359489e-12,"GLM","NYC","Cotyledon_RedvsYellow",14.303012861692,11.582379453844,"Significant",-0.333646548926479
"Lcu.1GRN.Chr2p43392200",2,43392200,5.20078726417051e-15,0.108024691358025,NA,2.49910458526749e-11,"GLM","NYC","DTF_Nepal_2017",14.2839309104794,10.6022155686618,"Significant",9.09858295975494
"Lcu.1GRN.Chr2p43392206",2,43392206,5.20078726417051e-15,0.108024691358025,NA,2.49910458526749e-11,"GLM","NYC","DTF_Nepal_2017",14.2839309104794,10.6022155686618,"Significant",9.09858295975494
"Lcu.1GRN.Chr1p368421786",1,368421786,5.3079836180363e-15,0.274193548387097,NA,1.05025325038119e-11,"MLM","NYC","Cotyledon_RedvsYellow",14.2750704261632,10.9787059657096,"Significant",-0.279534198034551
"Lcu.1GRN.Chr1p343330143",1,343330143,5.31796862541965e-15,0.356451612903226,NA,2.79062270300551e-12,"GLM","NYC","Cotyledon_RedvsYellow",14.2742542292172,11.5542988769041,"Significant",-0.280433948857959
"Lcu.1GRN.Chr1p360343102",1,360343102,5.37348834339572e-15,0.180645161290323,NA,2.8153647252383e-12,"GLM","NYC","Cotyledon_RedvsYellow",14.2697436888926,11.5504653351296,"Significant",-0.330753741131699
"Lcu.1GRN.Chr3p389317901",3,389317901,5.68026330799941e-15,0.12037037037037,NA,2.69106074383358e-11,"GLM","NYC","DTF_Nepal_2017",14.245631532148,10.5700764990352,"Significant",8.9586409602615
"Lcu.1GRN.Chr1p360343074",1,360343074,5.72974094313276e-15,0.170967741935484,NA,2.99734956736973e-12,"GLM","NYC","Cotyledon_RedvsYellow",14.2418650132004,11.5232626042927,"Significant",-0.367785779684131
"Lcu.1GRN.Chr1p347505156",1,347505156,5.74316153288102e-15,0.395161290322581,NA,2.99970499274936e-12,"GLM","NYC","Cotyledon_RedvsYellow",14.240848968526,11.522921454054,"Significant",0.27920330243908
"Lcu.1GRN.Chr2p7751705",2,7751705,5.79728256737588e-15,0.114516129032258,NA,3.02327836486903e-12,"GLM","NYC","Cotyledon_RedvsYellow",14.2367755310142,11.5195218638176,"Significant",-0.349133026483258
"Lcu.1GRN.Chr1p98864932",1,98864932,5.90154134940149e-15,0.488709677419355,NA,3.07288507596615e-12,"GLM","NYC","Cotyledon_RedvsYellow",14.2290345456263,11.5124536817895,"Significant",0.29842516407981
"Lcu.1GRN.Chr1p371784253",1,371784253,5.97222774021187e-15,0.0951612903225807,NA,3.1048845877772e-12,"GLM","NYC","Cotyledon_RedvsYellow",14.2238636395888,11.5079545384256,"Significant",-0.433137191274818
"Lcu.1GRN.Chr1p386604440",1,386604440,6.37407754439038e-15,0.491935483870968,NA,3.30868725520673e-12,"GLM","NYC","Cotyledon_RedvsYellow",14.1955826573832,11.4803442814219,"Significant",0.246365523413179
"Lcu.1GRN.Chr1p367578183",1,367578183,6.42900957171995e-15,0.375806451612903,NA,1.26462377930452e-11,"MLM","NYC","Cotyledon_RedvsYellow",14.1918559276462,10.8980386562065,"Significant",-0.275510543819342
"Lcu.1GRN.Chr1p229426453",1,229426453,6.43159896048082e-15,0.346774193548387,NA,3.33340161408328e-12,"GLM","NYC","Cotyledon_RedvsYellow",14.1916810436564,11.4771123586249,"Significant",0.277357944922874
"Lcu.1GRN.Chr1p365206934",1,365206934,6.57140613042776e-15,0.346774193548387,NA,1.2851187010893e-11,"MLM","NYC","Cotyledon_RedvsYellow",14.1823416914226,10.8910567564983,"Significant",-0.287816341468453
"Lcu.1GRN.Chr1p349269292",1,349269292,6.57779922525733e-15,0.432258064516129,NA,3.40393014154174e-12,"GLM","NYC","Cotyledon_RedvsYellow",14.1819193866596,11.4680193614706,"Significant",0.268697931684721
"Lcu.1GRN.Chr2p7752462",2,7752462,6.68544618441181e-15,0.464516129032258,NA,3.45432177682342e-12,"GLM","NYC","Cotyledon_RedvsYellow",14.1748696027683,11.4616372095046,"Significant",-0.239592304854315
"Lcu.1GRN.Chr1p408225830",1,408225830,6.7481649798599e-15,0.337096774193548,NA,3.48138038309898e-12,"GLM","NYC","Cotyledon_RedvsYellow",14.1708143082751,11.4582485221752,"Significant",0.26116737917434
"Lcu.1GRN.Chr1p363890991",1,363890991,6.77114039478401e-15,0.146774193548387,NA,3.48788389153494e-12,"GLM","NYC","Cotyledon_RedvsYellow",14.1693381813218,11.457437980765,"Significant",-0.362732344390538
"Lcu.1GRN.Chr1p407749276",1,407749276,7.0817853163054e-15,0.233870967741935,NA,3.64232244876101e-12,"GLM","NYC","Cotyledon_RedvsYellow",14.1498572429771,11.4386216094695,"Significant",0.280252977705381
"Lcu.1GRN.Chr1p358909736",1,358909736,7.17850922528565e-15,0.275806451612903,NA,3.68643299630787e-12,"GLM","NYC","Cotyledon_RedvsYellow",14.1439657371581,11.433393655318,"Significant",-0.265527172629789
"Lcu.1GRN.Chr1p359451763",1,359451763,7.23398745177999e-15,0.0951612903225807,NA,3.70926014815988e-12,"GLM","NYC","Cotyledon_RedvsYellow",14.1406222489097,11.4307127064535,"Significant",-0.412320961810673
"Lcu.1GRN.Chr1p348664608",1,348664608,7.26016690474704e-15,0.443548387096774,NA,3.71136863411709e-12,"GLM","NYC","Cotyledon_RedvsYellow",14.1390533951432,11.4304659069253,"Significant",0.270542741833509
"Lcu.1GRN.Chr1p348665380",1,348665380,7.26016690474704e-15,0.443548387096774,NA,3.71136863411709e-12,"GLM","NYC","Cotyledon_RedvsYellow",14.1390533951432,11.4304659069253,"Significant",0.270542741833509
"Lcu.1GRN.Chr5p1650591",5,1650591,7.27843259732537e-15,0.123456790123457,NA,3.23800514981935e-11,"GLM","NYC","DTF_Nepal_2017",14.1379621354703,10.4897224648673,"Significant",15.4690742762355
"Lcu.1GRN.Chr5p1651791",5,1651791,7.27843259732537e-15,0.123456790123457,NA,3.23800514981935e-11,"GLM","NYC","DTF_Nepal_2017",14.1379621354703,10.4897224648673,"Significant",15.4690742762355
"Lcu.1GRN.Chr5p1674804",5,1674804,7.27843259732537e-15,0.123456790123457,NA,3.23800514981935e-11,"GLM","NYC","DTF_Nepal_2017",14.1379621354703,10.4897224648673,"Significant",15.4690742762355
"Lcu.1GRN.Chr5p1690381",5,1690381,7.27843259732537e-15,0.123456790123457,NA,3.23800514981935e-11,"GLM","NYC","DTF_Nepal_2017",14.1379621354703,10.4897224648673,"Significant",15.4690742762355
"Lcu.1GRN.Chr1p381955728",1,381955728,7.33289229769325e-15,0.0967741935483871,NA,3.74279764766842e-12,"GLM","NYC","Cotyledon_RedvsYellow",14.1347246936845,11.4268036521473,"Significant",-0.446159273009802
"Lcu.1GRN.Chr1p342358629",1,342358629,7.34390248585966e-15,0.406451612903226,NA,3.74279764766842e-12,"GLM","NYC","Cotyledon_RedvsYellow",14.1340730984373,11.4268036521473,"Significant",-0.239833051727475
"Lcu.1GRN.Chr1p386969124",1,386969124,7.47602918042568e-15,0.474193548387097,NA,3.80437141805181e-12,"GLM","NYC","Cotyledon_RedvsYellow",14.1263290121523,11.4197170898061,"Significant",-0.268927616861004
"Lcu.1GRN.Chr1p367554581",1,367554581,7.53727388213006e-15,0.346774193548387,NA,1.46548566700026e-11,"MLM","NYC","Cotyledon_RedvsYellow",14.1227857034709,10.8340184247678,"Significant",-0.260151084264952
"Lcu.1GRN.Chr2p43392296",2,43392296,7.67753792331382e-15,0.0972222222222222,NA,3.23800514981935e-11,"GLM","NYC","DTF_Nepal_2017",14.1147780296755,10.4897224648673,"Significant",9.61471164801014
"Lcu.1GRN.Chr3p387941077",3,387941077,7.68110747921625e-15,0.0864197530864198,NA,3.23800514981935e-11,"GLM","NYC","DTF_Nepal_2017",14.1145761579064,10.4897224648673,"Significant",9.41196493191353
"Lcu.1GRN.Chr3p387941114",3,387941114,7.68110747921625e-15,0.0864197530864198,NA,3.23800514981935e-11,"GLM","NYC","DTF_Nepal_2017",14.1145761579064,10.4897224648673,"Significant",9.41196493191353
"Lcu.1GRN.Chr3p387941634",3,387941634,7.68110747921625e-15,0.0864197530864198,NA,3.23800514981935e-11,"GLM","NYC","DTF_Nepal_2017",14.1145761579064,10.4897224648673,"Significant",9.41196493191353
"Lcu.1GRN.Chr2p43929047",2,43929047,7.70112442616393e-15,0.106481481481482,NA,3.23800514981935e-11,"GLM","NYC","DTF_Nepal_2017",14.1134458597072,10.4897224648673,"Significant",9.79593506568006
"Lcu.1GRN.Chr1p367435719",1,367435719,7.78068161201542e-15,0.333870967741935,NA,1.50411754700505e-11,"MLM","NYC","Cotyledon_RedvsYellow",14.1089823557904,10.8227182222412,"Significant",-0.242244467214987
"Lcu.1GRN.Chr1p386377664",1,386377664,7.99481664589648e-15,0.419354838709677,NA,4.06222430623907e-12,"GLM","NYC","Cotyledon_RedvsYellow",14.0971914919663,11.3912360995742,"Significant",-0.227296885342653
"Lcu.1GRN.Chr1p374024738",1,374024738,8.18061912503272e-15,0.390322580645161,NA,4.15036246339348e-12,"GLM","NYC","Cotyledon_RedvsYellow",14.0872138268409,11.3819139734138,"Significant",-0.284636212077556
"Lcu.1GRN.Chr1p410887105",1,410887105,8.26156796968826e-15,0.253225806451613,NA,4.18511872478935e-12,"GLM","NYC","Cotyledon_RedvsYellow",14.0829375197548,11.3782922172909,"Significant",0.284052634502371
"Lcu.1GRN.Chr1p371434688",1,371434688,8.57130157117209e-15,0.117741935483871,NA,4.33549322645179e-12,"GLM","NYC","Cotyledon_RedvsYellow",14.0669532244879,11.3629614879591,"Significant",-0.415141662019052
"Lcu.1GRN.Chr1p408220607",1,408220607,8.65983007786596e-15,0.335483870967742,NA,4.3736952909933e-12,"GLM","NYC","Cotyledon_RedvsYellow",14.0624906295726,11.3591514769111,"Significant",0.260814289345272
"Lcu.1GRN.Chr1p384216583",1,384216583,8.72917837220831e-15,0.106451612903226,NA,4.40211025715831e-12,"GLM","NYC","Cotyledon_RedvsYellow",14.0590266320343,11.3563390841189,"Significant",-0.423059692142602
"Lcu.1GRN.Chr1p351348070",1,351348070,9.03400244246221e-15,0.198387096774194,NA,4.54901242449654e-12,"GLM","NYC","Cotyledon_RedvsYellow",14.0441197963573,11.342082877001,"Significant",-0.278335856386834
"Lcu.1GRN.Chr1p365323936",1,365323936,9.16414337792559e-15,0.388709677419355,NA,1.7614373803444e-11,"MLM","NYC","Cotyledon_RedvsYellow",14.03790812466,10.7541327915144,"Significant",-0.235800414309575
"Lcu.1GRN.Chr1p356198206",1,356198206,9.2271531964776e-15,0.185483870967742,NA,4.63932711396051e-12,"GLM","NYC","Cotyledon_RedvsYellow",14.0349322688293,11.3335450047652,"Significant",-0.281235270881306
"Lcu.1GRN.Chr1p364634094",1,364634094,9.55395530107044e-15,0.491935483870968,NA,4.79647057127636e-12,"GLM","NYC","Cotyledon_RedvsYellow",14.0198167949287,11.3190782157977,"Significant",-0.306386863061146
"Lcu.1GRN.Chr1p365079040",1,365079040,1.00241904590027e-14,0.37258064516129,NA,5.02504749943871e-12,"GLM","NYC","Cotyledon_RedvsYellow",13.998950690367,11.2988598287042,"Significant",-0.309960204236807
"Lcu.1GRN.Chr1p365387232",1,365387232,1.04890865871522e-14,0.416129032258065,NA,2.00464919776171e-11,"MLM","NYC","Cotyledon_RedvsYellow",13.9792623294834,10.6979616154657,"Significant",-0.229333692986268
"Lcu.1GRN.Chr1p360324633",1,360324633,1.05628548085079e-14,0.225806451612903,NA,2.00734225049343e-11,"MLM","NYC","Cotyledon_RedvsYellow",13.9762186897545,10.6973785742845,"Significant",-0.294690044931624
"Lcu.1GRN.Chr3p239208186",3,239208186,1.0650752112287e-14,0.461180124223602,NA,1.19418717858455e-09,"BLINK","NYC","DTF_Sask_2017_b",13.9726197230531,8.92292759594094,"Significant",1.05663610143145
"Lcu.1GRN.Chr1p390309944",1,390309944,1.07007038532878e-14,0.340322580645161,NA,5.35619591223045e-12,"GLM","NYC","Cotyledon_RedvsYellow",13.9705876550675,11.2711435462895,"Significant",0.24042336854617
"Lcu.1GRN.Chr1p359677914",1,359677914,1.15347373675861e-14,0.2,NA,5.76508915917211e-12,"GLM","NYC","Cotyledon_RedvsYellow",13.9379922894053,11.2391939717974,"Significant",-0.27741674713648
"Lcu.1GRN.Chr2p43072191",2,43072191,1.1756160663737e-14,0.0787037037037037,NA,4.88195616540644e-11,"GLM","NYC","DTF_Nepal_2017",13.929734487341,10.3114061243878,"Significant",10.5963353078145
"Lcu.1GRN.Chr1p361190950",1,361190950,1.19764942489909e-14,0.179032258064516,NA,5.97699917069778e-12,"GLM","NYC","Cotyledon_RedvsYellow",13.9216702897208,11.2235168044242,"Significant",-0.303390407229466
"Lcu.1GRN.Chr1p357906947",1,357906947,1.20114243242872e-14,0.0983870967741935,NA,5.9855507639815e-12,"GLM","NYC","Cotyledon_RedvsYellow",13.920405490557,11.2228958815562,"Significant",-0.392680471098726
"Lcu.1GRN.Chr2p43845061",2,43845061,1.20651601684917e-14,0.16820987654321,NA,4.94917284194518e-11,"GLM","NYC","DTF_Nepal_2017",13.918466908332,10.3054673788839,"Significant",8.14036676378328
"Lcu.1GRN.Chr1p349202169",1,349202169,1.21918745163882e-14,0.458064516129032,NA,6.06648558499103e-12,"GLM","NYC","Cotyledon_RedvsYellow",13.9139295159127,11.2170628300224,"Significant",0.278461629111423
"Lcu.1GRN.Chr1p368780831",1,368780831,1.22686568546423e-14,0.367741935483871,NA,2.3184108428233e-11,"MLM","NYC","Cotyledon_RedvsYellow",13.9112029802678,10.6348096007448,"Significant",-0.240648757226596
"Lcu.1GRN.Chr1p386234741",1,386234741,1.22733469618726e-14,0.295161290322581,NA,6.09800427994711e-12,"GLM","NYC","Cotyledon_RedvsYellow",13.9110369883032,11.2148122751565,"Significant",-0.267554143429022
"Lcu.1GRN.Chr3p389317881",3,389317881,1.23444761069641e-14,0.132716049382716,NA,5.00274023454362e-11,"GLM","NYC","DTF_Nepal_2017",13.908527336569,10.3007920471132,"Significant",8.74868215622087
"Lcu.1GRN.Chr1p89446196",1,89446196,1.25518567106128e-14,0.467741935483871,NA,6.22718346044055e-12,"GLM","NYC","Cotyledon_RedvsYellow",13.9012920272084,11.2057083392435,"Significant",-0.285833947873942
"Lcu.1GRN.Chr2p7836723",2,7836723,1.27383465741085e-14,0.469354838709677,NA,6.31039679247886e-12,"GLM","NYC","Cotyledon_RedvsYellow",13.8948869393744,11.199943331823,"Significant",-0.237551826159164
"Lcu.1GRN.Chr1p367497269",1,367497269,1.27790898822432e-14,0.290322580645161,NA,2.40137660693882e-11,"MLM","NYC","Cotyledon_RedvsYellow",13.8935000752226,10.6195397243706,"Significant",-0.277488700046535
"Lcu.1GRN.Chr1p367608462",1,367608462,1.30024379319165e-14,0.388709677419355,NA,2.42977279991386e-11,"MLM","NYC","Cotyledon_RedvsYellow",13.8859752106845,10.6144343339559,"Significant",-0.247881317574443
"Lcu.1GRN.Chr1p369005259",1,369005259,1.31630584452e-14,0.32258064516129,NA,2.44619805526883e-11,"MLM","NYC","Cotyledon_RedvsYellow",13.8806431903915,10.6115083834288,"Significant",-0.256192452337552
"Lcu.1GRN.Chr1p74596478",1,74596478,1.38470883205371e-14,0.388709677419355,NA,6.84956405457955e-12,"GLM","NYC","Cotyledon_RedvsYellow",13.8586415377376,11.164337068612,"Significant",-0.272824645625809
"Lcu.1GRN.Chr1p407751234",1,407751234,1.4140490982167e-14,0.233870967741935,NA,6.98442662290538e-12,"GLM","NYC","Cotyledon_RedvsYellow",13.849535510826,11.1558692409069,"Significant",0.278057389887441
"Lcu.1GRN.Chr1p363539164",1,363539164,1.4547242252144e-14,0.12741935483871,NA,7.17479799798667e-12,"GLM","NYC","Cotyledon_RedvsYellow",13.8372193288906,11.1441903217152,"Significant",-0.378045917218121
"Lcu.1GRN.Chr1p374473210",1,374473210,1.50802228387584e-14,0.0790322580645161,NA,7.4267779145017e-12,"GLM","NYC","Cotyledon_RedvsYellow",13.8215922408981,11.1291995627477,"Significant",-0.454234007860892
"Lcu.1GRN.Chr2p7852546",2,7852546,1.61014536697598e-14,0.466129032258065,NA,7.9181252434738e-12,"GLM","NYC","Cotyledon_RedvsYellow",13.793134913269,11.1013776331573,"Significant",-0.237678624784875
"Lcu.1GRN.Chr2p7958806",2,7958806,1.62574386809299e-14,0.479032258064516,NA,7.98316186392458e-12,"GLM","NYC","Cotyledon_RedvsYellow",13.7889478753692,11.0978250650298,"Significant",-0.233904004436108
"Lcu.1GRN.Chr1p362772627",1,362772627,1.65408519800426e-14,0.188709677419355,NA,8.11049090083235e-12,"GLM","NYC","Cotyledon_RedvsYellow",13.7814421247289,11.0909528586038,"Significant",-0.326256292656414
"Lcu.1GRN.Chr1p113228681",1,113228681,1.69445642249264e-14,0.303225806451613,NA,8.29634968652957e-12,"GLM","NYC","Cotyledon_RedvsYellow",13.7709695957344,11.0811129509621,"Significant",0.267463190299414
"Lcu.1GRN.Chr1p363987377",1,363987377,1.71285860171159e-14,0.0935483870967742,NA,8.37426030933028e-12,"GLM","NYC","Cotyledon_RedvsYellow",13.7662784870234,11.077053543427,"Significant",-0.359438966593914
"Lcu.1GRN.Chr2p7836864",2,7836864,1.73855592097395e-14,0.469354838709677,NA,8.48755935370457e-12,"GLM","NYC","Cotyledon_RedvsYellow",13.7598113355934,11.0712171756692,"Significant",-0.235317524339026
"Lcu.1GRN.Chr1p348998764",1,348998764,1.77510329464852e-14,0.446774193548387,NA,8.6534227523339e-12,"GLM","NYC","Cotyledon_RedvsYellow",13.7507763699381,11.0628120788435,"Significant",0.271673304230084
"Lcu.1GRN.Chr2p43002777",2,43002777,1.85599021939733e-14,0.0725308641975309,NA,7.43206978723834e-11,"GLM","NYC","DTF_Nepal_2017",13.7314243167341,10.1288902209641,"Significant",11.2778416443059
"Lcu.1GRN.Chr1p35529982",1,35529982,1.92492131669543e-14,0.491935483870968,NA,1.29496001706578e-09,"MLMM","NYC","Cotyledon_RedvsYellow",13.7155870180637,8.88774364056788,"Significant",-0.0871313221953178
"Lcu.1GRN.Chr1p351845237",1,351845237,1.92610671139578e-14,0.346774193548387,NA,3.55977327578057e-11,"MLM","NYC","Cotyledon_RedvsYellow",13.7153196554843,10.4485776616375,"Significant",0.305905053652919
"Lcu.1GRN.Chr1p353437784",1,353437784,1.9348668979936e-14,0.162903225806452,NA,9.41860164800888e-12,"GLM","NYC","Cotyledon_RedvsYellow",13.7133489052989,11.0260135708412,"Significant",-0.334494541747253
"Lcu.1GRN.Chr1p368743868",1,368743868,1.98993660422356e-14,0.385483870967742,NA,9.67267349353851e-12,"GLM","NYC","Cotyledon_RedvsYellow",13.7011607592056,11.0144534718305,"Significant",-0.306416421715562
"Lcu.1GRN.Chr1p95489047",1,95489047,2.02089679450329e-14,0.438709677419355,NA,9.80898978465638e-12,"GLM","NYC","Cotyledon_RedvsYellow",13.6944558649717,11.0083757177516,"Significant",0.29128273128883
"Lcu.1GRN.Chr1p116610765",1,116610765,2.05263292559931e-14,0.417741935483871,NA,9.94867405309889e-12,"GLM","NYC","Cotyledon_RedvsYellow",13.6876887090027,11.0022347976256,"Significant",0.275923722234082
"Lcu.1GRN.Chr1p364579748",1,364579748,2.09656111473421e-14,0.464516129032258,NA,1.01469636328029e-11,"GLM","NYC","Cotyledon_RedvsYellow",13.6784924733964,10.9936638961546,"Significant",-0.285467485561827
"Lcu.1GRN.Chr1p347380360",1,347380360,2.11549037473643e-14,0.406451612903226,NA,1.02091987213625e-11,"GLM","NYC","Cotyledon_RedvsYellow",13.6745889463234,10.9910083425895,"Significant",0.280781352275033
"Lcu.1GRN.Chr1p347380391",1,347380391,2.11549037473643e-14,0.406451612903226,NA,1.02091987213625e-11,"GLM","NYC","Cotyledon_RedvsYellow",13.6745889463234,10.9910083425895,"Significant",0.280781352275033
"Lcu.1GRN.Chr1p356521481",1,356521481,2.13679984608036e-14,0.417741935483871,NA,1.02972629488039e-11,"GLM","NYC","Cotyledon_RedvsYellow",13.6702361562701,10.9872781970614,"Significant",-0.257318517168807
"Lcu.1GRN.Chr1p346809816",1,346809816,2.14021545245323e-14,0.395161290322581,NA,1.02989678268289e-11,"GLM","NYC","Cotyledon_RedvsYellow",13.6695425046407,10.9872062985545,"Significant",0.270985032012976
"Lcu.1GRN.Chr1p386604407",1,386604407,2.22995124739639e-14,0.106451612903226,NA,1.07154573033283e-11,"GLM","NYC","Cotyledon_RedvsYellow",13.6517046316685,10.9699892898509,"Significant",-0.419295666405016
"Lcu.1GRN.Chr1p365082021",1,365082021,2.26115083839196e-14,0.37741935483871,NA,1.08498790878372e-11,"GLM","NYC","Cotyledon_RedvsYellow",13.6456704654758,10.9645751016106,"Significant",-0.30594209279866
"Lcu.1GRN.Chr1p369144581",1,369144581,2.28438092942741e-14,0.37258064516129,NA,4.19885442671426e-11,"MLM","NYC","Cotyledon_RedvsYellow",13.641231474089,10.3768691819876,"Significant",-0.265525547136307
"Lcu.1GRN.Chr1p131493892",1,131493892,2.28696018192325e-14,0.316129032258065,NA,1.09580902494726e-11,"GLM","NYC","Cotyledon_RedvsYellow",13.6407413967931,10.9602651270911,"Significant",0.269216276101413
"Lcu.1GRN.Chr1p343652688",1,343652688,2.29583569998632e-14,0.387096774193548,NA,1.09849696571451e-11,"GLM","NYC","Cotyledon_RedvsYellow",13.6390591951689,10.9592011383568,"Significant",0.270088425665077
"Lcu.1GRN.Chr3p18978155",3,18978155,2.33481205492747e-14,0.190322580645161,NA,1.11397691699261e-11,"GLM","NYC","Cotyledon_RedvsYellow",13.6317480730392,10.9531238081987,"Significant",-0.286724309579852
"Lcu.1GRN.Chr3p18986846",3,18986846,2.33481205492747e-14,0.190322580645161,NA,1.11397691699261e-11,"GLM","NYC","Cotyledon_RedvsYellow",13.6317480730392,10.9531238081987,"Significant",-0.286724309579852
"Lcu.1GRN.Chr1p382452705",1,382452705,2.46219392801206e-14,0.280645161290323,NA,1.17308893057172e-11,"GLM","NYC","Cotyledon_RedvsYellow",13.6086777440332,10.9306690632531,"Significant",-0.309124840372691
"Lcu.1GRN.Chr1p310571146",1,310571146,2.50018584407864e-14,0.369354838709677,NA,1.18950496720679e-11,"GLM","NYC","Cotyledon_RedvsYellow",13.6020277081047,10.9246337400698,"Significant",0.267055093686144
"Lcu.1GRN.Chr1p383589692",1,383589692,2.51687522792126e-14,0.483870967741935,NA,1.19575391213304e-11,"GLM","NYC","Cotyledon_RedvsYellow",13.59913831372,10.9223581895779,"Significant",-0.258211622894252
"Lcu.1GRN.Chr1p363356616",1,363356616,2.58138715782126e-14,0.0725806451612904,NA,1.22467341906187e-11,"GLM","NYC","Cotyledon_RedvsYellow",13.5881468548533,10.9119797082045,"Significant",-0.45464953819797
"Lcu.1GRN.Chr1p367960422",1,367960422,2.65862532266528e-14,0.364516129032258,NA,4.86018382559214e-11,"MLM","NYC","Cotyledon_RedvsYellow",13.5753428630311,10.3133473042088,"Significant",-0.24660764929151
"Lcu.1GRN.Chr1p173348181",1,173348181,2.70750476112842e-14,0.0967741935483871,NA,1.28269754082603e-11,"GLM","NYC","Cotyledon_RedvsYellow",13.5674307709981,10.8918757378853,"Significant",-0.435358719438273
"Lcu.1GRN.Chr2p43613682",2,43613682,2.76365494028777e-14,0.104938271604938,NA,1.09364978976444e-10,"GLM","NYC","DTF_Nepal_2017",13.5585161823123,9.96112172619469,"Significant",8.90298952821433
"Lcu.1GRN.Chr2p7873499",2,7873499,2.81063568933872e-14,0.479032258064516,NA,1.3296836778e-11,"GLM","NYC","Cotyledon_RedvsYellow",13.551195443387,10.8762516622849,"Significant",-0.233291644017462
"Lcu.1GRN.Chr1p380594407",1,380594407,2.84493961088505e-14,0.285483870967742,NA,1.34402219395305e-11,"GLM","NYC","Cotyledon_RedvsYellow",13.5459269478762,10.8715935596812,"Significant",-0.305565324179001
"Lcu.1GRN.Chr2p7879250",2,7879250,2.88745747224133e-14,0.47258064516129,NA,1.36219552253212e-11,"GLM","NYC","Cotyledon_RedvsYellow",13.5394844035351,10.8657605515551,"Significant",-0.2316314062794
"Lcu.1GRN.Chr1p265950639",1,265950639,2.93623593854917e-14,0.417741935483871,NA,1.38326733045094e-11,"GLM","NYC","Cotyledon_RedvsYellow",13.5322090500186,10.8590938799629,"Significant",0.265701489805301
"Lcu.1GRN.Chr1p389145702",1,389145702,2.96346303616342e-14,0.193548387096774,NA,1.39414149802123e-11,"GLM","NYC","Cotyledon_RedvsYellow",13.5282004854286,10.8556931453978,"Significant",0.27488311670369
"Lcu.1GRN.Chr1p367608589",1,367608589,2.99375249820375e-14,0.395161290322581,NA,5.4233910252335e-11,"MLM","NYC","Cotyledon_RedvsYellow",13.5237841068345,10.2657290819044,"Significant",-0.247787532302914
"Lcu.1GRN.Chr1p367666858",1,367666858,2.99895866923162e-14,0.353225806451613,NA,5.4233910252335e-11,"MLM","NYC","Cotyledon_RedvsYellow",13.5230295195183,10.2657290819044,"Significant",-0.254587872544462
"Lcu.1GRN.Chr1p368087177",1,368087177,3.01566211374618e-14,0.374193548387097,NA,1.41671678521573e-11,"GLM","NYC","Cotyledon_RedvsYellow",13.5206173200821,10.8487169605581,"Significant",-0.310456211198471
"Lcu.1GRN.Chr1p375472360",1,375472360,3.03162261185964e-14,0.104838709677419,NA,1.42222845618325e-11,"GLM","NYC","Cotyledon_RedvsYellow",13.5183248623367,10.8470306361727,"Significant",-0.419097099090849
"Lcu.1GRN.Chr1p30769626",1,30769626,3.06517548615289e-14,0.425806451612903,NA,1.43596641051642e-11,"GLM","NYC","Cotyledon_RedvsYellow",13.5135446563866,10.842855718797,"Significant",0.297305994685386
"Lcu.1GRN.Chr1p385803483",1,385803483,3.13774207815681e-14,0.42258064516129,NA,1.46791778804363e-11,"GLM","NYC","Cotyledon_RedvsYellow",13.5033827582114,10.8332982667625,"Significant",-0.23092352849189
"Lcu.1GRN.Chr1p48511247",1,48511247,3.15937167258131e-14,0.314516129032258,NA,1.47598384915439e-11,"GLM","NYC","Cotyledon_RedvsYellow",13.5003992801233,10.8309183947227,"Significant",0.250163083739773
"Lcu.1GRN.Chr1p384216463",1,384216463,3.20806736291958e-14,0.0967741935483871,NA,1.49665463892257e-11,"GLM","NYC","Cotyledon_RedvsYellow",13.4937565209873,10.8248784038748,"Significant",-0.427460769798287
"Lcu.1GRN.Chr1p363211898",1,363211898,3.21813922047692e-14,0.182258064516129,NA,1.49927400993651e-11,"GLM","NYC","Cotyledon_RedvsYellow",13.492395171742,10.8241189874797,"Significant",-0.33201419707477
"Lcu.1GRN.Chr1p384216481",1,384216481,3.28276358576627e-14,0.496774193548387,NA,1.52726602911956e-11,"GLM","NYC","Cotyledon_RedvsYellow",13.4837603926572,10.8160853081199,"Significant",0.23437785694994
"Lcu.1GRN.Chr1p386968904",1,386968904,3.33408107360359e-14,0.103225806451613,NA,1.54899840950942e-11,"GLM","NYC","Cotyledon_RedvsYellow",13.477023843803,10.8099490281683,"Significant",-0.425663922142933
"Lcu.1GRN.Chr1p350910805",1,350910805,3.3749692784093e-14,0.429032258064516,NA,1.56583212589062e-11,"GLM","NYC","Cotyledon_RedvsYellow",13.4717301761005,10.8052548008396,"Significant",-0.320545725143719
"Lcu.1GRN.Chr2p43063246",2,43063246,3.40903980218497e-14,0.148148148148148,NA,1.33335871062971e-10,"GLM","NYC","DTF_Nepal_2017",13.4673679281438,9.87505299755552,"Significant",8.80084774225065
"Lcu.1GRN.Chr7p645659887",7,645659887,3.51119665057862e-14,0.0725806451612904,NA,2.95262670941294e-09,"BLINK","NYC","Cotyledon_RedvsYellow",13.4545448464476,8.52979145594372,"Significant",0.0820748325563991
"Lcu.1GRN.Chr1p376892736",1,376892736,3.72367258458226e-14,0.146774193548387,NA,1.72523495352367e-11,"GLM","NYC","Cotyledon_RedvsYellow",13.4290285126962,10.7631517515644,"Significant",-0.378598897057438
"Lcu.1GRN.Chr1p367581845",1,367581845,3.81931924315978e-14,0.380645161290323,NA,6.87001580675895e-11,"MLM","NYC","Cotyledon_RedvsYellow",13.4180140389956,10.1630422637002,"Significant",-0.254194928433023
"Lcu.1GRN.Chr1p346816377",1,346816377,3.82898225216432e-14,0.396774193548387,NA,1.77158634554849e-11,"GLM","NYC","Cotyledon_RedvsYellow",13.4169166466596,10.7516376756868,"Significant",0.268668548079895
"Lcu.1GRN.Chr1p413711647",1,413711647,3.85239075618738e-14,0.195161290322581,NA,1.77996857347044e-11,"GLM","NYC","Cotyledon_RedvsYellow",13.4142696679003,10.7495876653815,"Significant",0.273569681762112
"Lcu.1GRN.Chr1p361279443",1,361279443,4.02223763687342e-14,0.143548387096774,NA,1.85589575747902e-11,"GLM","NYC","Cotyledon_RedvsYellow",13.3955322745314,10.7314464210175,"Significant",-0.296997778912235
"Lcu.1GRN.Chr1p343495155",1,343495155,4.06297758397947e-14,0.390322580645161,NA,1.86887897560018e-11,"GLM","NYC","Cotyledon_RedvsYellow",13.3911555737309,10.7284188216446,"Significant",-0.236386523008006
"Lcu.1GRN.Chr1p343497749",1,343497749,4.06297758397947e-14,0.390322580645161,NA,1.86887897560018e-11,"GLM","NYC","Cotyledon_RedvsYellow",13.3911555737309,10.7284188216446,"Significant",-0.236386523008006
"Lcu.1GRN.Chr2p7852398",2,7852398,4.06704406240604e-14,0.419354838709677,NA,1.86887897560018e-11,"GLM","NYC","Cotyledon_RedvsYellow",13.3907211224181,10.7284188216446,"Significant",-0.237199417924416
"Lcu.1GRN.Chr1p365318065",1,365318065,4.1140125743122e-14,0.374193548387097,NA,7.36073440204081e-11,"MLM","NYC","Cotyledon_RedvsYellow",13.3857343852358,10.1330788526676,"Significant",-0.225801893462782
"Lcu.1GRN.Chr1p373216396",1,373216396,4.11911305256332e-14,0.382258064516129,NA,1.89022332899259e-11,"GLM","NYC","Cotyledon_RedvsYellow",13.3851962882983,10.7234868811076,"Significant",-0.246597200623931
"Lcu.1GRN.Chr6p297914010",6,297914010,4.19995350738328e-14,0.295161290322581,NA,1.92469449784468e-11,"GLM","NYC","Cotyledon_RedvsYellow",13.3767555171256,10.7156381952098,"Significant",-0.447415206949691
"Lcu.1GRN.Chr1p370906964",1,370906964,4.24366411277853e-14,0.237096774193548,NA,1.94089619352999e-11,"GLM","NYC","Cotyledon_RedvsYellow",13.3722589979422,10.7119976917021,"Significant",-0.264724753777259
"Lcu.1GRN.Chr1p362779232",1,362779232,4.24684822957684e-14,0.174193548387097,NA,1.94089619352999e-11,"GLM","NYC","Cotyledon_RedvsYellow",13.3719332591965,10.7119976917021,"Significant",-0.317840817779709
"Lcu.1GRN.Chr1p390261940",1,390261940,4.27938725879184e-14,0.337096774193548,NA,1.95311350621171e-11,"GLM","NYC","Cotyledon_RedvsYellow",13.3686184107009,10.709272516728,"Significant",0.243643881237376
"Lcu.1GRN.Chr2p7884065",2,7884065,4.33396772975697e-14,0.359677419354839,NA,1.97534379858423e-11,"GLM","NYC","Cotyledon_RedvsYellow",13.3631143267127,10.7043573067039,"Significant",-0.215598758283275
"Lcu.1GRN.Chr1p355811638",1,355811638,4.41848760287041e-14,0.367741935483871,NA,7.86366888632123e-11,"MLM","NYC","Cotyledon_RedvsYellow",13.3547263591864,10.1043747815278,"Significant",0.315202199607895
"Lcu.1GRN.Chr1p348663956",1,348663956,4.44212824835427e-14,0.45,NA,2.02190169487711e-11,"GLM","NYC","Cotyledon_RedvsYellow",13.3524089071229,10.6942399636858,"Significant",0.265599953956776
"Lcu.1GRN.Chr1p348092485",1,348092485,4.48393574922445e-14,0.409677419354839,NA,2.03817299480997e-11,"GLM","NYC","Cotyledon_RedvsYellow",13.3483406190827,10.6907589569818,"Significant",0.266242830283815
"Lcu.1GRN.Chr2p7874074",2,7874074,4.51122130482205e-14,0.425806451612903,NA,2.04780833554532e-11,"GLM","NYC","Cotyledon_RedvsYellow",13.3457058674034,10.6887106935508,"Significant",-0.242978992046722
"Lcu.1GRN.Chr1p367499124",1,367499124,4.55358323953987e-14,0.388709677419355,NA,2.06425220152872e-11,"GLM","NYC","Cotyledon_RedvsYellow",13.3416467201088,10.6852372435559,"Significant",-0.285020315322537
"Lcu.1GRN.Chr1p365205572",1,365205572,4.61915954366075e-14,0.295161290322581,NA,8.17754125380282e-11,"MLM","NYC","Cotyledon_RedvsYellow",13.3354370371614,10.0873772562823,"Significant",-0.245166330735842
"Lcu.1GRN.Chr1p343565040",1,343565040,4.70211752156307e-14,0.388709677419355,NA,2.12871758327807e-11,"GLM","NYC","Cotyledon_RedvsYellow",13.3277065206112,10.6718819525399,"Significant",-0.241766116063501
"Lcu.1GRN.Chr1p364668388",1,364668388,4.79122284937467e-14,0.454838709677419,NA,2.16614147335431e-11,"GLM","NYC","Cotyledon_RedvsYellow",13.3195536287655,10.6643131824795,"Significant",-0.301649600437756
"Lcu.1GRN.Chr1p388824405",1,388824405,4.8077848663159e-14,0.493548387096774,NA,2.17071164044038e-11,"GLM","NYC","Cotyledon_RedvsYellow",13.3180549739218,10.6633978648382,"Significant",0.218773988143139
"Lcu.1GRN.Chr1p376765543",1,376765543,4.9389946888099e-14,0.283870967741935,NA,2.22696357438461e-11,"GLM","NYC","Cotyledon_RedvsYellow",13.3063614408605,10.6522868865013,"Significant",0.269099360513826
"Lcu.1GRN.Chr1p367671470",1,367671470,4.96543569570973e-14,0.351612903225806,NA,8.74454821287327e-11,"MLM","NYC","Cotyledon_RedvsYellow",13.3040426380164,10.0582626234323,"Significant",-0.256626444602631
"Lcu.1GRN.Chr1p347265422",1,347265422,5.00615423724497e-14,0.393548387096774,NA,2.25422367111028e-11,"GLM","NYC","Cotyledon_RedvsYellow",13.300495774114,10.6470029940976,"Significant",0.264663994928505
"Lcu.1GRN.Chr1p373534706",1,373534706,5.03587635966085e-14,0.0758064516129032,NA,2.26457569982626e-11,"GLM","NYC","Cotyledon_RedvsYellow",13.2979249411885,10.6450131572211,"Significant",-0.454618274960707
"Lcu.1GRN.Chr1p386604550",1,386604550,5.04832893887947e-14,0.467741935483871,NA,2.2671445396316e-11,"GLM","NYC","Cotyledon_RedvsYellow",13.296852355094,10.6445207909615,"Significant",-0.248100501201632
"Lcu.1GRN.Chr2p45092147",2,45092147,5.10566741995145e-14,0.291666666666667,NA,8.58689016523404e-09,"FarmCPU","NYC","DTF_Sask_2017",13.291947478287,8.06616409211908,"Significant",-0.137716450313519
"Lcu.1GRN.Chr1p384116211",1,384116211,5.12239157796348e-14,0.487096774193548,NA,2.29733798387312e-11,"GLM","NYC","Cotyledon_RedvsYellow",13.2905272252334,10.6387751067932,"Significant",0.229278340928078
"Lcu.1GRN.Chr1p422766022",1,422766022,5.20237666553513e-14,0.179032258064516,NA,2.33010363762457e-11,"GLM","NYC","Cotyledon_RedvsYellow",13.2837982069573,10.6326247621296,"Significant",-0.283256143636186
"Lcu.1GRN.Chr1p390340795",1,390340795,5.26736143754192e-14,0.333870967741935,NA,2.35607255939051e-11,"GLM","NYC","Cotyledon_RedvsYellow",13.2784068800582,10.627811338818,"Significant",0.238909365696443
"Lcu.1GRN.Chr1p364877724",1,364877724,5.27794155911751e-14,0.348387096774194,NA,9.24648629383167e-11,"MLM","NYC","Cotyledon_RedvsYellow",13.277535422887,10.0340232697586,"Significant",-0.274652357574096
"Lcu.1GRN.Chr1p357509147",1,357509147,5.34676774161263e-14,0.361290322580645,NA,9.30154386067494e-11,"MLM","NYC","Cotyledon_RedvsYellow",13.2719086808196,10.0314449617122,"Significant",0.305694995015548
"Lcu.1GRN.Chr1p365384755",1,365384755,5.36467462316737e-14,0.330645161290323,NA,9.30154386067494e-11,"MLM","NYC","Cotyledon_RedvsYellow",13.2704566136138,10.0314449617122,"Significant",-0.23249818061462
"Lcu.1GRN.Chr1p356892983",1,356892983,5.36627013321578e-14,0.1,NA,2.39712640889693e-11,"GLM","NYC","Cotyledon_RedvsYellow",13.2703274691199,10.6203090634887,"Significant",-0.373451334113018
"Lcu.1GRN.Chr1p358064411",1,358064411,5.39341653211682e-14,0.241935483870968,NA,2.40605747832697e-11,"GLM","NYC","Cotyledon_RedvsYellow",13.2681360379699,10.6186940020078,"Significant",-0.256334675391988
"Lcu.1GRN.Chr1p365083731",1,365083731,5.42119736301275e-14,0.314516129032258,NA,9.35134304310004e-11,"MLM","NYC","Cotyledon_RedvsYellow",13.2659047815947,10.0291260111253,"Significant",-0.2877371671097
"Lcu.1GRN.Chr1p363538835",1,363538835,5.51694777676348e-14,0.148387096774194,NA,2.45790618917431e-11,"GLM","NYC","Cotyledon_RedvsYellow",13.2583011270393,10.6094346968366,"Significant",-0.373884816209906
"Lcu.1GRN.Chr1p366878031",1,366878031,5.52502822941415e-14,0.414516129032258,NA,9.48182229818036e-11,"MLM","NYC","Cotyledon_RedvsYellow",13.2576654986659,10.0231081881905,"Significant",-0.225698290174147
"Lcu.1GRN.Chr3p437318468",3,437318468,5.55771440635448e-14,0.113354037267081,NA,2.3367896521528e-09,"FarmCPU","NYC","DTF_Sask_2017_b",13.255103774027,8.63138037918706,"Significant",0.0825370746547378
"Lcu.1GRN.Chr1p348662741",1,348662741,5.6281541362094e-14,0.456451612903226,NA,2.50413402425178e-11,"GLM","NYC","Cotyledon_RedvsYellow",13.2496340172095,10.6013424308788,"Significant",0.261132954927437
"Lcu.1GRN.Chr5p1690994",5,1690994,5.6360438803262e-14,0.128086419753086,NA,2.17905651941803e-10,"GLM","NYC","DTF_Nepal_2017",13.24902563428,9.66173150506672,"Significant",14.3447691257386
"Lcu.1GRN.Chr1p349179837",1,349179837,5.7841564019355e-14,0.433870967741935,NA,2.57014443388354e-11,"GLM","NYC","Cotyledon_RedvsYellow",13.2377599723561,10.5900424700243,"Significant",0.255820959722978
"Lcu.1GRN.Chr1p365080585",1,365080585,5.83132189486806e-14,0.354838709677419,NA,9.95667132899027e-11,"MLM","NYC","Cotyledon_RedvsYellow",13.2342329844225,10.0018858287522,"Significant",-0.257047727589212
"Lcu.1GRN.Chr1p362785754",1,362785754,5.90321187061956e-14,0.119354838709677,NA,2.61958531304049e-11,"GLM","NYC","Cotyledon_RedvsYellow",13.2289116293504,10.5817674531506,"Significant",-0.368386263377974
"Lcu.1GRN.Chr1p387756846",1,387756846,5.95226844455131e-14,0.393548387096774,NA,2.63787441355519e-11,"GLM","NYC","Cotyledon_RedvsYellow",13.2253174905404,10.578745884604,"Significant",0.229637829699374
"Lcu.1GRN.Chr1p24237694",1,24237694,5.97983837573722e-14,0.358064516129032,NA,2.64660565122579e-11,"GLM","NYC","Cotyledon_RedvsYellow",13.2233105540507,10.5773107644996,"Significant",-0.282877509313845
"Lcu.1GRN.Chr2p7684467",2,7684467,5.99852535806585e-14,0.309677419354839,NA,2.65138762038967e-11,"GLM","NYC","Cotyledon_RedvsYellow",13.2219555008777,10.5765267758164,"Significant",-0.226349006129409
"Lcu.1GRN.Chr1p373425424",1,373425424,6.05625324051938e-14,0.380645161290323,NA,2.673390726711e-11,"GLM","NYC","Cotyledon_RedvsYellow",13.2177959732272,10.5729375627349,"Significant",-0.245871007941366
"Lcu.1GRN.Chr1p369008211",1,369008211,6.06934720453437e-14,0.316129032258065,NA,1.0310748036099e-10,"MLM","NYC","Cotyledon_RedvsYellow",13.2168580174444,9.98670982587407,"Significant",-0.263588384528574
"Lcu.1GRN.Chr2p7894952",2,7894952,6.09731524655738e-14,0.361290322580645,NA,2.68798904002459e-11,"GLM","NYC","Cotyledon_RedvsYellow",13.2148613502789,10.5705725064019,"Significant",-0.251655965666962
"Lcu.1GRN.Chr2p7896841",2,7896841,6.18098160957334e-14,0.470967741935484,NA,2.7213065982557e-11,"GLM","NYC","Cotyledon_RedvsYellow",13.2089425485733,10.5652225253171,"Significant",-0.229361127986146
"Lcu.1GRN.Chr1p347975124",1,347975124,6.25510537556862e-14,0.430645161290323,NA,2.75034121550835e-11,"GLM","NYC","Cotyledon_RedvsYellow",13.2037653696408,10.5606134229626,"Significant",0.268611409694336
"Lcu.1GRN.Chr1p385703556",1,385703556,6.33022594273908e-14,0.420967741935484,NA,2.77973774109833e-11,"GLM","NYC","Cotyledon_RedvsYellow",13.1985807885713,10.5559961763721,"Significant",0.226610742111639
"Lcu.1GRN.Chr1p389143265",1,389143265,6.52751497333136e-14,0.396774193548387,NA,2.86263445767216e-11,"GLM","NYC","Cotyledon_RedvsYellow",13.1852521232848,10.5432341054019,"Significant",-0.315268098010187
"Lcu.1GRN.Chr1p363538926",1,363538926,6.64664940858459e-14,0.166129032258065,NA,2.91108531460596e-11,"GLM","NYC","Cotyledon_RedvsYellow",13.1773972283919,10.5359450665915,"Significant",-0.341278310803641
"Lcu.1GRN.Chr2p43311892",2,43311892,6.654089471549e-14,0.111111111111111,NA,2.5434274014506e-10,"GLM","NYC","DTF_Nepal_2017",13.1769113638611,9.59458065417942,"Significant",8.56870001879929
"Lcu.1GRN.Chr2p7852559",2,7852559,6.78516703415938e-14,0.467741935483871,NA,2.9678885302719e-11,"GLM","NYC","Cotyledon_RedvsYellow",13.1684394566084,10.527552414578,"Significant",-0.233973028270904
"Lcu.1GRN.Chr1p365687187",1,365687187,6.82924498589764e-14,0.42741935483871,NA,1.1543380141565e-10,"MLM","NYC","Cotyledon_RedvsYellow",13.1656273075313,9.93766700210908,"Significant",-0.228062786497219
"Lcu.1GRN.Chr2p44559261",2,44559261,7.01554270410368e-14,0.148148148148148,NA,2.65145736264185e-10,"GLM","NYC","DTF_Nepal_2017",13.1539387274466,9.57651535225964,"Significant",9.38212791367766
"Lcu.1GRN.Chr1p79896909",1,79896909,7.04769960116429e-14,0.179032258064516,NA,3.07871892434393e-11,"GLM","NYC","Cotyledon_RedvsYellow",13.151952615427,10.5116299587676,"Significant",-0.30241309998932
"Lcu.1GRN.Chr1p379850848",1,379850848,7.12069173875825e-14,0.335483870967742,NA,3.10657032177807e-11,"GLM","NYC","Cotyledon_RedvsYellow",13.1474778148276,10.5077188110467,"Significant",-0.292226732868156
"Lcu.1GRN.Chr6p324049462",6,324049462,7.23024813216338e-14,0.270186335403727,NA,6.0800421836785e-09,"BLINK","NYC","DTF_Sask_2017_b",13.1408467980609,8.216093407557,"Significant",1.20785319334153
"Lcu.1GRN.Chr1p367493859",1,367493859,7.23666486536392e-14,0.225806451612903,NA,3.15307674969931e-11,"GLM","NYC","Cotyledon_RedvsYellow",13.1404615393669,10.5012654578708,"Significant",-0.364132595809758
"Lcu.1GRN.Chr1p367435553",1,367435553,7.27942157645265e-14,0.387096774193548,NA,1.22427859870332e-10,"MLM","NYC","Cotyledon_RedvsYellow",13.1379031283978,9.91211974222992,"Significant",-0.260038910651548
"Lcu.1GRN.Chr2p43311657",2,43311657,7.32474857117422e-14,0.118827160493827,NA,2.73755966960018e-10,"GLM","NYC","DTF_Nepal_2017",13.1352072782811,9.56263640588857,"Significant",9.70333729413505
"Lcu.1GRN.Chr1p47984328",1,47984328,7.45565297386479e-14,0.311290322580645,NA,3.24428929347992e-11,"GLM","NYC","Cotyledon_RedvsYellow",13.1275143145815,10.488880426668,"Significant",0.245269398005596
"Lcu.1GRN.Chr1p348630850",1,348630850,7.4799455241875e-14,0.424193548387097,NA,3.250654827047e-11,"GLM","NYC","Cotyledon_RedvsYellow",13.1261015650541,10.4880291439051,"Significant",0.254958742200296
"Lcu.1GRN.Chr1p381504230",1,381504230,7.73162028775398e-14,0.319354838709677,NA,3.35569280171735e-11,"GLM","NYC","Cotyledon_RedvsYellow",13.1117294830168,10.4742178036912,"Significant",-0.30047154374778
"Lcu.1GRN.Chr1p382777082",1,382777082,7.82011395804703e-14,0.114516129032258,NA,3.3897271542866e-11,"GLM","NYC","Cotyledon_RedvsYellow",13.106786918169,10.4698352575953,"Significant",-0.394322927150847
"Lcu.1GRN.Chr1p44324471",1,44324471,7.8859508694876e-14,0.27741935483871,NA,3.41386568354818e-11,"GLM","NYC","Cotyledon_RedvsYellow",13.1031459329662,10.4667535699352,"Significant",-0.223082744050999
"Lcu.1GRN.Chr1p199844129",1,199844129,7.91737948184608e-14,0.409677419354839,NA,3.42306578942175e-11,"GLM","NYC","Cotyledon_RedvsYellow",13.1014185387256,10.4655847538834,"Significant",0.256872067462076
"Lcu.1GRN.Chr1p348664040",1,348664040,8.07285294377616e-14,0.446774193548387,NA,3.4858040130156e-11,"GLM","NYC","Cotyledon_RedvsYellow",13.0929729586138,10.4576970344545,"Significant",0.264274816108298
"Lcu.1GRN.Chr1p300339182",1,300339182,8.56868345452415e-14,0.0903225806451613,NA,3.69515685583067e-11,"GLM","NYC","Cotyledon_RedvsYellow",13.067085900639,10.4323671214976,"Significant",-0.420641175494531
"Lcu.1GRN.Chr1p27066693",1,27066693,9.23691509942272e-14,0.390322580645161,NA,5.17832236874587e-09,"FarmCPU","NYC","Cotyledon_RedvsYellow",13.0344730481517,8.28581091670348,"Significant",-0.0174816792610182
"Lcu.1GRN.Chr1p371694995",1,371694995,9.47007523978682e-14,0.195161290322581,NA,4.07864378768421e-11,"GLM","NYC","Cotyledon_RedvsYellow",13.0236465705116,10.389484222557,"Significant",-0.299931889340509
"Lcu.1GRN.Chr1p348662797",1,348662797,9.94533883094619e-14,0.467741935483871,NA,4.2778565045382e-11,"GLM","NYC","Cotyledon_RedvsYellow",13.0023804161692,10.3687737873971,"Significant",0.254305458453388
"Lcu.1GRN.Chr1p386968485",1,386968485,9.99569233890383e-14,0.12741935483871,NA,4.29402432306522e-11,"GLM","NYC","Cotyledon_RedvsYellow",13.0001871196497,10.3671354998758,"Significant",-0.380886067475469
"Lcu.1GRN.Chr1p423012583",1,423012583,1.00832883699062e-13,0.295161290322581,NA,4.32612941214317e-11,"GLM","NYC","Cotyledon_RedvsYellow",12.996397812334,10.3639004931866,"Significant",-0.288717849559583
"Lcu.1GRN.Chr1p343376117",1,343376117,1.0110785711294e-13,0.433870967741935,NA,4.33240083738959e-11,"GLM","NYC","Cotyledon_RedvsYellow",12.9952150939817,10.363271368895,"Significant",0.269534005462846
"Lcu.1GRN.Chr1p156604061",1,156604061,1.02748396886234e-13,0.411290322580645,NA,4.39709542181068e-11,"GLM","NYC","Cotyledon_RedvsYellow",12.9882249454022,10.3568341096097,"Significant",0.271373112437438
"Lcu.1GRN.Chr1p342357638",1,342357638,1.0292287596261e-13,0.391935483870968,NA,4.39896556784182e-11,"GLM","NYC","Cotyledon_RedvsYellow",12.9874880868492,10.3566494373764,"Significant",-0.236809146970444
"Lcu.1GRN.Chr1p370888997",1,370888997,1.03902725199289e-13,0.0790322580645161,NA,4.41838785930585e-11,"GLM","NYC","Cotyledon_RedvsYellow",12.9833730614564,10.3547361631222,"Significant",-0.437705649280863
"Lcu.1GRN.Chr1p370907009",1,370907009,1.03902725199289e-13,0.0790322580645161,NA,4.41838785930585e-11,"GLM","NYC","Cotyledon_RedvsYellow",12.9833730614564,10.3547361631222,"Significant",-0.437705649280863
"Lcu.1GRN.Chr1p371174340",1,371174340,1.03902725199289e-13,0.0790322580645161,NA,4.41838785930585e-11,"GLM","NYC","Cotyledon_RedvsYellow",12.9833730614564,10.3547361631222,"Significant",-0.437705649280863
"Lcu.1GRN.Chr1p373068171",1,373068171,1.03902725199289e-13,0.0790322580645161,NA,4.41838785930585e-11,"GLM","NYC","Cotyledon_RedvsYellow",12.9833730614564,10.3547361631222,"Significant",-0.437705649280863
"Lcu.1GRN.Chr1p408108602",1,408108602,1.04095530039511e-13,0.374193548387097,NA,4.42099762030307e-11,"GLM","NYC","Cotyledon_RedvsYellow",12.9825679191048,10.3544797188624,"Significant",0.262423677932248
"Lcu.1GRN.Chr1p349404343",1,349404343,1.06003926389168e-13,0.441935483870968,NA,4.49637108546599e-11,"GLM","NYC","Cotyledon_RedvsYellow",12.9746780481544,10.3471378536401,"Significant",0.265747812698925
"Lcu.1GRN.Chr1p28229933",1,28229933,1.08568529171435e-13,0.429032258064516,NA,4.59935396118491e-11,"GLM","NYC","Cotyledon_RedvsYellow",12.9642960457224,10.3373031663177,"Significant",-0.294197653808154
"Lcu.1GRN.Chr2p7683702",2,7683702,1.09359525569994e-13,0.475806451612903,NA,4.62703591665438e-11,"GLM","NYC","Cotyledon_RedvsYellow",12.9611433825183,10.3346971293429,"Significant",-0.231169882077749
"Lcu.1GRN.Chr2p44191740",2,44191740,1.10151967293135e-13,0.0972222222222222,NA,4.07159195411977e-10,"GLM","NYC","DTF_Nepal_2017",12.9580077420273,9.39023575251652,"Significant",8.61166947118738
"Lcu.1GRN.Chr1p211639541",1,211639541,1.11606097732934e-13,0.140322580645161,NA,4.71615681860976e-11,"GLM","NYC","Cotyledon_RedvsYellow",12.9523120765506,10.3264117624564,"Significant",-0.404176803236211
"Lcu.1GRN.Chr1p363891356",1,363891356,1.11607745846606e-13,0.12258064516129,NA,1.86771953468584e-10,"MLM","NYC","Cotyledon_RedvsYellow",12.9523056632685,9.72868833885711,"Significant",-0.358452485114471
"Lcu.1GRN.Chr1p367432846",1,367432846,1.1558420220907e-13,0.295161290322581,NA,1.92468868041873e-10,"MLM","NYC","Cotyledon_RedvsYellow",12.9371015202604,9.71563950787515,"Significant",-0.269027997610463
"Lcu.1GRN.Chr1p191731013",1,191731013,1.16103853275759e-13,0.285483870967742,NA,4.90006333937353e-11,"GLM","NYC","Cotyledon_RedvsYellow",12.9351533665781,10.3097983061424,"Significant",-0.533995645048915
"Lcu.1GRN.Chr1p351669898",1,351669898,1.17252573412988e-13,0.195161290322581,NA,4.94234290240682e-11,"GLM","NYC","Cotyledon_RedvsYellow",12.9308776167852,10.3060671263041,"Significant",-0.265165914383989
"Lcu.1GRN.Chr1p423071816",1,423071816,1.24022517662387e-13,0.3,NA,5.22116172697675e-11,"GLM","NYC","Cotyledon_RedvsYellow",12.9064994567031,10.2822328541852,"Significant",-0.284440136954395
"Lcu.1GRN.Chr2p44146039",2,44146039,1.25068982461916e-13,0.0987654320987654,NA,4.57272591562688e-10,"GLM","NYC","DTF_Nepal_2017",12.9028503834792,9.33982482899284,"Significant",8.55914147167266
"Lcu.1GRN.Chr1p368325461",1,368325461,1.27764338162512e-13,0.37741935483871,NA,2.11702990811378e-10,"MLM","NYC","Cotyledon_RedvsYellow",12.893590350407,9.67427300648837,"Significant",-0.234914378969136
"Lcu.1GRN.Chr1p371795386",1,371795386,1.28790866642731e-13,0.0790322580645161,NA,5.41512468000193e-11,"GLM","NYC","Cotyledon_RedvsYellow",12.8901149343932,10.2663915395533,"Significant",-0.437780164554228
"Lcu.1GRN.Chr1p355865592",1,355865592,1.30818197293825e-13,0.488709677419355,NA,5.49349869776928e-11,"GLM","NYC","Cotyledon_RedvsYellow",12.8833318398451,10.2601509740974,"Significant",-0.336421805295262
"Lcu.1GRN.Chr1p366141043",1,366141043,1.31598057371066e-13,0.382258064516129,NA,2.16986489037908e-10,"MLM","NYC","Cotyledon_RedvsYellow",12.8807505216586,9.66356730725266,"Significant",-0.221564561183629
"Lcu.1GRN.Chr1p379340937",1,379340937,1.32152902100642e-13,0.303225806451613,NA,5.54262783302826e-11,"GLM","NYC","Cotyledon_RedvsYellow",12.8789232952454,10.2562842816977,"Significant",-0.314093791471927
"Lcu.1GRN.Chr2p7883584",2,7883584,1.33072916671728e-13,0.475806451612903,NA,5.57426373127263e-11,"GLM","NYC","Cotyledon_RedvsYellow",12.8759103242163,10.2538124876631,"Significant",-0.234552440578521
"Lcu.1GRN.Chr1p384432887",1,384432887,1.33830801985367e-13,0.488709677419355,NA,5.5990379815189e-11,"GLM","NYC","Cotyledon_RedvsYellow",12.8734439195073,10.2518865864239,"Significant",0.229240630041181
"Lcu.1GRN.Chr2p8359540",2,8359540,1.34049862629567e-13,0.369354838709677,NA,5.60123604262356e-11,"GLM","NYC","Cotyledon_RedvsYellow",12.8727336267333,10.2517161252693,"Significant",-0.212640168574745
"Lcu.1GRN.Chr1p357246725",1,357246725,1.39296872764302e-13,0.132258064516129,NA,5.81325945423202e-11,"GLM","NYC","Cotyledon_RedvsYellow",12.8560586334429,10.2355802934161,"Significant",-0.322480833506734
"Lcu.1GRN.Chr1p123266157",1,123266157,1.42165990260736e-13,0.382258064516129,NA,5.92564407014041e-11,"GLM","NYC","Cotyledon_RedvsYellow",12.8472042855237,10.2272644384139,"Significant",0.256761237629237
"Lcu.1GRN.Chr1p366601096",1,366601096,1.43733816923902e-13,0.367741935483871,NA,2.35840550230449e-10,"MLM","NYC","Cotyledon_RedvsYellow",12.8424410413604,9.62738152058423,"Significant",-0.232268594565154
"Lcu.1GRN.Chr1p349272711",1,349272711,1.44966677602206e-13,0.443548387096774,NA,6.03490178775014e-11,"GLM","NYC","Cotyledon_RedvsYellow",12.8387318142934,10.2193297932361,"Significant",0.256387537168376
"Lcu.1GRN.Chr1p371794411",1,371794411,1.5073964142402e-13,0.0774193548387097,NA,6.26747107130697e-11,"GLM","NYC","Cotyledon_RedvsYellow",12.8217725221527,10.2029076619331,"Significant",-0.447004074296151
"Lcu.1GRN.Chr1p367580706",1,367580706,1.5247246922793e-13,0.37741935483871,NA,2.48964597363063e-10,"MLM","NYC","Cotyledon_RedvsYellow",12.8168085664272,9.60386240496445,"Significant",-0.254019660614978
"Lcu.1GRN.Chr1p316671279",1,316671279,1.53578730722812e-13,0.406451612903226,NA,6.37763171815311e-11,"GLM","NYC","Cotyledon_RedvsYellow",12.8136689260318,10.1953405630786,"Significant",0.268607787653585
"Lcu.1GRN.Chr1p175832925",1,175832925,1.55662068490191e-13,0.474193548387097,NA,6.45617546138593e-11,"GLM","NYC","Cotyledon_RedvsYellow",12.807817202797,10.1900246751763,"Significant",0.313599426874037
"Lcu.1GRN.Chr1p367801395",1,367801395,1.56324437499134e-13,0.361290322580645,NA,2.54021169411938e-10,"MLM","NYC","Cotyledon_RedvsYellow",12.8059731253625,9.59513008898759,"Significant",-0.234449732418945
"Lcu.1GRN.Chr1p133319134",1,133319134,1.56408109655129e-13,0.0983870967741935,NA,6.47912889413384e-11,"GLM","NYC","Cotyledon_RedvsYellow",12.805740732816,10.1884833802253,"Significant",-0.428994024083363
"Lcu.1GRN.Chr1p362372518",1,362372518,1.5848136280415e-13,0.129032258064516,NA,6.55693733854166e-11,"GLM","NYC","Cotyledon_RedvsYellow",12.8000218028924,10.1832989666546,"Significant",-0.336261051831204
"Lcu.1GRN.Chr2p43232504",2,43232504,1.63124349263458e-13,0.101851851851852,NA,5.79616588283114e-10,"GLM","NYC","DTF_Nepal_2017",12.7874812078041,9.23685919377241,"Significant",8.9639938120348
"Lcu.1GRN.Chr1p348662729",1,348662729,1.63216685261426e-13,0.462903225806452,NA,6.74455857141646e-11,"GLM","NYC","Cotyledon_RedvsYellow",12.7872354463998,10.1710464694571,"Significant",0.260676961071042
"Lcu.1GRN.Chr5p1634440",5,1634440,1.63700885898129e-13,0.16820987654321,NA,5.79616588283114e-10,"GLM","NYC","DTF_Nepal_2017",12.7859489703154,9.23685919377241,"Significant",9.94018218332928
"Lcu.1GRN.Chr5p1634528",5,1634528,1.63700885898129e-13,0.16820987654321,NA,5.79616588283114e-10,"GLM","NYC","DTF_Nepal_2017",12.7859489703154,9.23685919377241,"Significant",9.94018218332928
"Lcu.1GRN.Chr1p372536472",1,372536472,1.6537295751595e-13,0.0774193548387097,NA,6.82527676083039e-11,"GLM","NYC","Cotyledon_RedvsYellow",12.7815355066444,10.1658797335525,"Significant",-0.438181868088852
"Lcu.1GRN.Chr1p378708821",1,378708821,1.66079138538761e-13,0.301612903225806,NA,6.84602225402788e-11,"GLM","NYC","Cotyledon_RedvsYellow",12.7796849165341,10.1645616934561,"Significant",-0.311502541511445
"Lcu.1GRN.Chr1p361407757",1,361407757,1.66574941973488e-13,0.15,NA,2.68794771756412e-10,"MLM","NYC","Cotyledon_RedvsYellow",12.7783903293466,9.57057918286309,"Significant",-0.321756998404126
"Lcu.1GRN.Chr1p368421775",1,368421775,1.67014324523779e-13,0.279032258064516,NA,2.68794771756412e-10,"MLM","NYC","Cotyledon_RedvsYellow",12.7772462785839,9.57057918286309,"Significant",-0.261500380753545
"Lcu.1GRN.Chr6p303174618",6,303174618,1.68574833214592e-13,0.159677419354839,NA,6.94039301394036e-11,"GLM","NYC","Cotyledon_RedvsYellow",12.7732072613355,10.1586159360361,"Significant",-0.291092803338799
"Lcu.1GRN.Chr2p7683537",2,7683537,1.72374540324368e-13,0.443548387096774,NA,7.08815489062183e-11,"GLM","NYC","Cotyledon_RedvsYellow",12.7635268789588,10.1494668007983,"Significant",-0.224446028630725
"Lcu.1GRN.Chr1p349157808",1,349157808,1.7911608728022e-13,0.461290322580645,NA,7.35637862395429e-11,"GLM","NYC","Cotyledon_RedvsYellow",12.7468654063159,10.1333359262444,"Significant",0.255778837418156
"Lcu.1GRN.Chr1p381026632",1,381026632,1.83211848766732e-13,0.32741935483871,NA,7.51541706513652e-11,"GLM","NYC","Cotyledon_RedvsYellow",12.7370464428537,10.1240469134056,"Significant",-0.291038534858485
"Lcu.1GRN.Chr1p29417890",1,29417890,1.86635139891134e-13,0.475806451612903,NA,7.64202313325329e-11,"GLM","NYC","Cotyledon_RedvsYellow",12.7290065833975,10.116791651988,"Significant",0.296797107048141
"Lcu.1GRN.Chr1p349006653",1,349006653,1.86752654556904e-13,0.453225806451613,NA,7.64202313325329e-11,"GLM","NYC","Cotyledon_RedvsYellow",12.7287332162798,10.116791651988,"Significant",0.251918815540678
"Lcu.1GRN.Chr1p372874897",1,372874897,1.88506062600643e-13,0.101612903225806,NA,7.70440082123819e-11,"GLM","NYC","Cotyledon_RedvsYellow",12.724674677757,10.1132611311374,"Significant",-0.534334072746172
"Lcu.1GRN.Chr1p361295559",1,361295559,1.89473760134606e-13,0.15,NA,7.73455343145594e-11,"GLM","NYC","Cotyledon_RedvsYellow",12.7224509261593,10.1115647560245,"Significant",-0.315347032745107
"Lcu.1GRN.Chr1p349712129",1,349712129,1.90698975714398e-13,0.443548387096774,NA,7.77513240777272e-11,"GLM","NYC","Cotyledon_RedvsYellow",12.7196516396377,10.1092922063557,"Significant",0.25433630477632
"Lcu.1GRN.Chr1p388348142",1,388348142,1.91445711636909e-13,0.375806451612903,NA,7.79612829130413e-11,"GLM","NYC","Cotyledon_RedvsYellow",12.7179543573564,10.1081210228449,"Significant",0.238000258358248
"Lcu.1GRN.Chr1p374734708",1,374734708,2.02676036100855e-13,0.302795031055901,NA,1.36347060470272e-08,"BLINK","NYC","DTF_Sask_2017_b",12.6931975981467,7.86535422065086,"Significant",-1.00141120120009
"Lcu.1GRN.Chr5p1658331",5,1658331,2.04151256219129e-13,0.126543209876543,NA,7.15309850006871e-10,"GLM","NYC","DTF_Nepal_2017",12.6900479433562,9.14550579456388,"Significant",14.1659205880148
"Lcu.1GRN.Chr4p501060698",4,501060698,2.08319918068662e-13,0.283950617283951,NA,7.223911946495e-10,"GLM","NYC","DTF_Nepal_2017",12.681269203918,9.14122755635241,"Significant",-6.503153995437
"Lcu.1GRN.Chr1p363538785",1,363538785,2.09921183588325e-13,0.141935483870968,NA,8.53815704474658e-11,"GLM","NYC","Cotyledon_RedvsYellow",12.6779437336362,10.0686358613569,"Significant",-0.38525187066437
"Lcu.1GRN.Chr3p212553749",3,212553749,2.10462014077893e-13,0.187096774193548,NA,3.37107029949232e-10,"MLM","NYC","Cotyledon_RedvsYellow",12.6768262778095,9.47223219071152,"Significant",-0.474787067366859
"Lcu.1GRN.Chr1p384160760",1,384160760,2.10928186813577e-13,0.487096774193548,NA,8.56023163235708e-11,"GLM","NYC","Cotyledon_RedvsYellow",12.6758653806226,10.0675144835362,"Significant",0.227246470228717
"Lcu.1GRN.Chr1p386454980",1,386454980,2.10972896366886e-13,0.456451612903226,NA,8.56023163235708e-11,"GLM","NYC","Cotyledon_RedvsYellow",12.6757733348178,10.0675144835362,"Significant",0.244724770614804
"Lcu.1GRN.Chr1p363891780",1,363891780,2.17990451380093e-13,0.119354838709677,NA,3.47510872793212e-10,"MLM","NYC","Cotyledon_RedvsYellow",12.6615625293484,9.45903160281423,"Significant",-0.37427109143297
"Lcu.1GRN.Chr1p365201690",1,365201690,2.19328855681103e-13,0.293548387096774,NA,8.88855291552838e-11,"GLM","NYC","Cotyledon_RedvsYellow",12.6589042272433,10.0511689377875,"Significant",-0.316212696215116
"Lcu.1GRN.Chr3p345193745",3,345193745,2.20057198746228e-13,0.175925925925926,NA,7.55305916027271e-10,"GLM","NYC","DTF_Nepal_2017",12.6574644197635,9.12187711362411,"Significant",7.66521839122504
"Lcu.1GRN.Chr1p349891797",1,349891797,2.21719120338504e-13,0.441935483870968,NA,8.97460834547553e-11,"GLM","NYC","Cotyledon_RedvsYellow",12.6541968531217,10.0469844950739,"Significant",0.254649592630855
"Lcu.1GRN.Chr1p29078356",1,29078356,2.30383686073239e-13,0.475806451612903,NA,9.3141189102641e-11,"GLM","NYC","Cotyledon_RedvsYellow",12.6375482774156,10.0308582218744,"Significant",0.29369869212581
"Lcu.1GRN.Chr4p47623892",4,47623892,2.33353728275954e-13,0.0935483870967742,NA,9.42286836962758e-11,"GLM","NYC","Cotyledon_RedvsYellow",12.6319852560313,10.0258168756062,"Significant",0.50023868537125
"Lcu.1GRN.Chr1p359993721",1,359993721,2.33456903983301e-13,0.224193548387097,NA,3.70411313312033e-10,"MLM","NYC","Cotyledon_RedvsYellow",12.6317932782227,9.4313157573196,"Significant",-0.284666059142319
"Lcu.1GRN.Chr2p8359624",2,8359624,2.35798085275942e-13,0.375806451612903,NA,9.51015522182407e-11,"GLM","NYC","Cotyledon_RedvsYellow",12.6274597257781,10.021812394584,"Significant",-0.208526713363778
"Lcu.1GRN.Chr1p360327311",1,360327311,2.40189510802744e-13,0.125806451612903,NA,9.67566768624987e-11,"GLM","NYC","Cotyledon_RedvsYellow",12.6194459623784,10.0143190560301,"Significant",-0.301640661520879
"Lcu.1GRN.Chr1p374471671",1,374471671,2.41061629890788e-13,0.0903225806451613,NA,9.69918388295151e-11,"GLM","NYC","Cotyledon_RedvsYellow",12.617871911368,10.0132648069752,"Significant",-0.412452453490752
"Lcu.1GRN.Chr1p419440105",1,419440105,2.42192141796135e-13,0.229032258064516,NA,9.73302797605024e-11,"GLM","NYC","Cotyledon_RedvsYellow",12.6158399521506,10.011752028312,"Significant",0.258431763433203
"Lcu.1GRN.Chr1p367666848",1,367666848,2.42518424802114e-13,0.364516129032258,NA,3.82982136128697e-10,"MLM","NYC","Cotyledon_RedvsYellow",12.6152552612435,9.41682148285035,"Significant",-0.241650087779543
"Lcu.1GRN.Chr1p367498128",1,367498128,2.47130393003164e-13,0.246774193548387,NA,3.8844163038923e-10,"MLM","NYC","Cotyledon_RedvsYellow",12.6070738401832,9.41067423170056,"Significant",-0.295251216591312
"Lcu.1GRN.Chr1p387754977",1,387754977,2.48574405111671e-13,0.42258064516129,NA,9.97379149856259e-11,"GLM","NYC","Cotyledon_RedvsYellow",12.6045435912657,10.0011397149196,"Significant",0.208679300007956
"Lcu.1GRN.Chr1p360325528",1,360325528,2.48776219643842e-13,0.125806451612903,NA,9.97379149856259e-11,"GLM","NYC","Cotyledon_RedvsYellow",12.6041911359227,10.0011397149196,"Significant",-0.302804999367994
"Lcu.1GRN.Chr1p382452018",1,382452018,2.52200352369513e-13,0.0806451612903226,NA,1.00870244857879e-10,"GLM","NYC","Cotyledon_RedvsYellow",12.5982543109746,9.9962369249406,"Significant",-0.433421811537725
"Lcu.1GRN.Chr1p382452349",1,382452349,2.52200352369513e-13,0.0806451612903226,NA,1.00870244857879e-10,"GLM","NYC","Cotyledon_RedvsYellow",12.5982543109746,9.9962369249406,"Significant",-0.433421811537725
"Lcu.1GRN.Chr2p186120223",2,186120223,2.52367884996835e-13,0.20679012345679,NA,8.57456852249803e-10,"GLM","NYC","DTF_Nepal_2017",12.5979659119321,9.06678772469777,"Significant",7.42807753487244
"Lcu.1GRN.Chr1p371784144",1,371784144,2.54282493435044e-13,0.0870967741935483,NA,1.01415143138339e-10,"GLM","NYC","Cotyledon_RedvsYellow",12.5946835386299,9.99389719204023,"Significant",-0.41496015147638
"Lcu.1GRN.Chr1p361056204",1,361056204,2.54393375634705e-13,0.141935483870968,NA,1.01415143138339e-10,"GLM","NYC","Cotyledon_RedvsYellow",12.5944942018395,9.99389719204023,"Significant",-0.297516254140825
"Lcu.1GRN.Chr1p364674911",1,364674911,2.54467236110433e-13,0.453225806451613,NA,1.01415143138339e-10,"GLM","NYC","Cotyledon_RedvsYellow",12.5943681272464,9.99389719204023,"Significant",-0.307659000834868
"Lcu.1GRN.Chr1p364634103",1,364634103,2.55011178703837e-13,0.485483870967742,NA,1.01511651061625e-10,"GLM","NYC","Cotyledon_RedvsYellow",12.5934407813583,9.9934841084761,"Significant",0.285939497499253
"Lcu.1GRN.Chr4p7091339",4,7091339,2.6013226329004e-13,0.0740740740740741,NA,8.74999090060808e-10,"GLM","NYC","DTF_Nepal_2017",12.5848057804459,9.057992398614,"Significant",10.0516001734674
"Lcu.1GRN.Chr1p373214064",1,373214064,2.64538181069342e-13,0.409677419354839,NA,1.05179567791668e-10,"GLM","NYC","Cotyledon_RedvsYellow",12.577511636933,9.97806861814016,"Significant",-0.254226317634313
"Lcu.1GRN.Chr3p273421348",3,273421348,2.65206588583817e-13,0.0564516129032258,NA,1.78413489164345e-08,"BLINK","NYC","Cotyledon_RedvsYellow",12.5764156908628,7.74857231336699,"Significant",-0.346457818453728
"Lcu.1GRN.Chr2p8362720",2,8362720,2.68191621567781e-13,0.364516129032258,NA,1.06506270568937e-10,"GLM","NYC","Cotyledon_RedvsYellow",12.5715547938361,9.97262482233492,"Significant",-0.208393904970048
"Lcu.1GRN.Chr2p8359477",2,8359477,2.69442127116274e-13,0.375806451612903,NA,1.06876698079858e-10,"GLM","NYC","Cotyledon_RedvsYellow",12.5695345016204,9.97111697204526,"Significant",-0.206328902711879
"Lcu.1GRN.Chr1p378707564",1,378707564,2.71660554705671e-13,0.304838709677419,NA,1.07629735930132e-10,"GLM","NYC","Cotyledon_RedvsYellow",12.5659734168538,9.96806772526585,"Significant",-0.3097070556726
"Lcu.1GRN.Chr2p44609166",2,44609166,2.71940207834818e-13,0.182098765432099,NA,9.05660513750238e-10,"GLM","NYC","DTF_Nepal_2017",12.56552657487,9.0430345668208,"Significant",7.35280005192487
"Lcu.1GRN.Chr1p371706713",1,371706713,2.77473155508422e-13,0.0806451612903226,NA,1.09803309292825e-10,"GLM","NYC","Cotyledon_RedvsYellow",12.5567790268782,9.95938457076065,"Significant",-0.427563555917544
"Lcu.1GRN.Chr3p345027071",3,345027071,2.8853210611017e-13,0.177469135802469,NA,9.51496852313328e-10,"GLM","NYC","DTF_Nepal_2017",12.5398058541523,9.02159264408239,"Significant",7.66055411694424
"Lcu.1GRN.Chr1p367612945",1,367612945,3.00392005406665e-13,0.329032258064516,NA,4.69962593872668e-10,"MLM","NYC","Cotyledon_RedvsYellow",12.5223116297703,9.32793670785404,"Significant",-0.250403387852479
"Lcu.1GRN.Chr2p44208136",2,44208136,3.00471101248469e-13,0.0910493827160493,NA,9.81248183627611e-10,"GLM","NYC","DTF_Nepal_2017",12.522197291288,9.00822113416133,"Significant",8.69390198706446
"Lcu.1GRN.Chr1p343322799",1,343322799,3.00984599770281e-13,0.388709677419355,NA,1.1896743463094e-10,"GLM","NYC","Cotyledon_RedvsYellow",12.5214557250237,9.92457190327644,"Significant",-0.230112341558581
"Lcu.1GRN.Chr1p363532517",1,363532517,3.08074040302796e-13,0.188709677419355,NA,1.21626690979496e-10,"GLM","NYC","Cotyledon_RedvsYellow",12.5113448957377,9.91497110867254,"Significant",-0.320204145468114
"Lcu.1GRN.Chr3p180195426",3,180195426,3.10502357583657e-13,0.0524691358024691,NA,9.9469282393659e-10,"GLM","NYC","DTF_Nepal_2017",12.5079350979618,9.00231101519991,"Significant",11.9564403999484
"Lcu.1GRN.Chr3p180197358",3,180197358,3.10502357583657e-13,0.0524691358024691,NA,9.9469282393659e-10,"GLM","NYC","DTF_Nepal_2017",12.5079350979618,9.00231101519991,"Significant",11.9564403999484
"Lcu.1GRN.Chr1p373534249",1,373534249,3.11062483817971e-13,0.0806451612903226,NA,1.22662549231418e-10,"GLM","NYC","Cotyledon_RedvsYellow",12.5071523645047,9.91128801384033,"Significant",-0.425284091568317
"Lcu.1GRN.Chr1p368963734",1,368963734,3.12457153499751e-13,0.370967741935484,NA,4.86450803507095e-10,"MLM","NYC","Cotyledon_RedvsYellow",12.505209527998,9.31296107491415,"Significant",-0.25726206459059
"Lcu.1GRN.Chr1p364568835",1,364568835,3.13823366623479e-13,0.495161290322581,NA,4.86450803507095e-10,"MLM","NYC","Cotyledon_RedvsYellow",12.5033147228975,9.31296107491415,"Significant",-0.262353382453467
"Lcu.1GRN.Chr1p366601108",1,366601108,3.16711353531179e-13,0.359677419354839,NA,4.88675448867991e-10,"MLM","NYC","Cotyledon_RedvsYellow",12.4993363676746,9.31097947944736,"Significant",-0.226275639772641
"Lcu.1GRN.Chr1p343494607",1,343494607,3.27847139122621e-13,0.393548387096774,NA,1.29129928156041e-10,"GLM","NYC","Cotyledon_RedvsYellow",12.4843286017449,9.88897309060198,"Significant",-0.234408464167631
"Lcu.1GRN.Chr1p343494312",1,343494312,3.32954516522649e-13,0.401612903225806,NA,1.30988201004882e-10,"GLM","NYC","Cotyledon_RedvsYellow",12.4776150895338,9.88276782243013,"Significant",-0.22705774105648
"Lcu.1GRN.Chr1p367669224",1,367669224,3.35062224679304e-13,0.391935483870968,NA,5.14629567710974e-10,"MLM","NYC","Cotyledon_RedvsYellow",12.4748745322903,9.28850526529858,"Significant",-0.239355579635893
"Lcu.1GRN.Chr1p325322362",1,325322362,3.37991298595105e-13,0.320967741935484,NA,1.32814391512313e-10,"GLM","NYC","Cotyledon_RedvsYellow",12.4710944802572,9.87675486310246,"Significant",0.294609396545005
"Lcu.1GRN.Chr2p45088100",2,45088100,3.42749320221925e-13,0.135802469135803,NA,5.13277890986744e-08,"GLM","NYC","DTF_Sask_2017",12.4650233978781,7.28964744220573,"Significant",3.63924036013441
"Lcu.1GRN.Chr2p44073620",2,44073620,3.50598794074493e-13,0.166666666666667,NA,1.11254589213637e-09,"GLM","NYC","DTF_Nepal_2017",12.4551895820463,8.95368206547915,"Significant",8.63255885045112
"Lcu.1GRN.Chr1p43856714",1,43856714,3.51337668331746e-13,0.296774193548387,NA,1.37897780027707e-10,"GLM","NYC","Cotyledon_RedvsYellow",12.4542752852446,9.86044272533595,"Significant",-0.213186964954403
"Lcu.1GRN.Chr1p342350136",1,342350136,3.53478277757335e-13,0.495161290322581,NA,1.38576256240561e-10,"GLM","NYC","Cotyledon_RedvsYellow",12.4516372696747,9.85831117569151,"Significant",-0.240720488799394
"Lcu.1GRN.Chr1p381599331",1,381599331,3.57152246297564e-13,0.320967741935484,NA,1.39853585134311e-10,"GLM","NYC","Cotyledon_RedvsYellow",12.4471466140497,9.85432639604904,"Significant",-0.293122156712161
"Lcu.1GRN.Chr3p344549346",3,344549346,3.57672613622126e-13,0.248456790123457,NA,1.12438564510499e-09,"GLM","NYC","DTF_Nepal_2017",12.4465143117608,8.94908470761412,"Significant",6.8416925188767
"Lcu.1GRN.Chr2p572729078",2,572729078,3.57996655912473e-13,0.288819875776398,NA,2.00697101932185e-08,"BLINK","NYC","DTF_Sask_2017_b",12.4461210301314,7.69745889868315,"Significant",1.11932671630937
"Lcu.1GRN.Chr1p371794581",1,371794581,3.6067001295673e-13,0.0806451612903226,NA,1.4090300841837e-10,"GLM","NYC","Cotyledon_RedvsYellow",12.4428899645538,9.8510797341756,"Significant",-0.424712271992507
"Lcu.1GRN.Chr1p371795264",1,371795264,3.6067001295673e-13,0.0806451612903226,NA,1.4090300841837e-10,"GLM","NYC","Cotyledon_RedvsYellow",12.4428899645538,9.8510797341756,"Significant",-0.424712271992507
"Lcu.1GRN.Chr1p374492295",1,374492295,3.63575032375149e-13,0.0870967741935483,NA,1.41873135632172e-10,"GLM","NYC","Cotyledon_RedvsYellow",12.4394059485359,9.84809983252874,"Significant",-0.417678857450123
"Lcu.1GRN.Chr1p351462039",1,351462039,3.65592730123353e-13,0.190322580645161,NA,1.4249516784867e-10,"GLM","NYC","Cotyledon_RedvsYellow",12.4370024488756,9.84619986275891,"Significant",-0.284034975778491
"Lcu.1GRN.Chr1p367422894",1,367422894,3.67095634854856e-13,0.409677419354839,NA,5.61267533678287e-10,"MLM","NYC","Cotyledon_RedvsYellow",12.4352207796739,9.25083007866428,"Significant",-0.230120019937751
"Lcu.1GRN.Chr1p350217255",1,350217255,3.68336667593384e-13,0.483870967741935,NA,1.43398495218037e-10,"GLM","NYC","Cotyledon_RedvsYellow",12.4337550453568,9.84345540600387,"Significant",-0.286213858999736
"Lcu.1GRN.Chr1p368281241",1,368281241,3.69483217796734e-13,0.233870967741935,NA,1.43678568231947e-10,"GLM","NYC","Cotyledon_RedvsYellow",12.4324052828004,9.84260800843333,"Significant",-0.372339767753623
"Lcu.1GRN.Chr3p345157947",3,345157947,3.74475642769233e-13,0.225308641975309,NA,1.16630785677184e-09,"GLM","NYC","DTF_Nepal_2017",12.4265764251072,8.93318679876226,"Significant",8.06732913494227
"Lcu.1GRN.Chr1p423012569",1,423012569,3.81223373228082e-13,0.296774193548387,NA,1.47952299821171e-10,"GLM","NYC","Cotyledon_RedvsYellow",12.4188204801408,9.82987827962886,"Significant",-0.28248304351363
"Lcu.1GRN.Chr1p389143392",1,389143392,3.82232943613963e-13,0.4,NA,1.47952299821171e-10,"GLM","NYC","Cotyledon_RedvsYellow",12.4176718850121,9.82987827962886,"Significant",-0.306490061460496
"Lcu.1GRN.Chr1p389143951",1,389143951,3.82232943613963e-13,0.4,NA,1.47952299821171e-10,"GLM","NYC","Cotyledon_RedvsYellow",12.4176718850121,9.82987827962886,"Significant",-0.306490061460496
"Lcu.1GRN.Chr1p389143968",1,389143968,3.82232943613963e-13,0.4,NA,1.47952299821171e-10,"GLM","NYC","Cotyledon_RedvsYellow",12.4176718850121,9.82987827962886,"Significant",-0.306490061460496
"Lcu.1GRN.Chr1p367658856",1,367658856,3.83000192665469e-13,0.345161290322581,NA,1.48052836325403e-10,"GLM","NYC","Cotyledon_RedvsYellow",12.4168010075626,9.82958326818909,"Significant",-0.334429199034984
"Lcu.1GRN.Chr1p433882264",1,433882264,3.8337298379278e-13,0.454838709677419,NA,1.48052836325403e-10,"GLM","NYC","Cotyledon_RedvsYellow",12.4163784950133,9.82958326818909,"Significant",-0.366298342061112
"Lcu.1GRN.Chr1p364676080",1,364676080,3.84594155576352e-13,0.453225806451613,NA,1.48354108175173e-10,"GLM","NYC","Cotyledon_RedvsYellow",12.4149973197341,9.8287004228348,"Significant",-0.301951617411453
"Lcu.1GRN.Chr1p368421751",1,368421751,3.90911067662271e-13,0.317741935483871,NA,5.94975489123779e-10,"MLM","NYC","Cotyledon_RedvsYellow",12.4079220334393,9.22550092529255,"Significant",-0.237642615544417
"Lcu.1GRN.Chr1p378709497",1,378709497,3.9149853855188e-13,0.301612903225806,NA,1.50844431749233e-10,"GLM","NYC","Cotyledon_RedvsYellow",12.4072698548066,9.82147071668034,"Significant",-0.309602323987913
"Lcu.1GRN.Chr3p345195898",3,345195898,3.94485864325569e-13,0.174382716049383,NA,1.21735804335412e-09,"GLM","NYC","DTF_Nepal_2017",12.4039685543187,8.91458167042742,"Significant",7.58377675347049
"Lcu.1GRN.Chr1p388822124",1,388822124,3.95158873314562e-13,0.5,NA,1.52080554622654e-10,"GLM","NYC","Cotyledon_RedvsYellow",12.4032282615084,9.81792631231095,"Significant",0.211960625469745
"Lcu.1GRN.Chr1p419353514",1,419353514,4.03356192956859e-13,0.214516129032258,NA,1.55057957207223e-10,"GLM","NYC","Cotyledon_RedvsYellow",12.3943112706998,9.80950594189027,"Significant",0.255278232899186
"Lcu.1GRN.Chr1p119557781",1,119557781,4.05472439535986e-13,0.42741935483871,NA,1.5569354802443e-10,"GLM","NYC","Cotyledon_RedvsYellow",12.3920386599836,9.80772938431978,"Significant",0.257538694978661
"Lcu.1GRN.Chr1p357906668",1,357906668,4.06422413641246e-13,0.27741935483871,NA,1.55880374012845e-10,"GLM","NYC","Cotyledon_RedvsYellow",12.3910223493159,9.80720856085009,"Significant",-0.287072100543823
"Lcu.1GRN.Chr1p362687151",1,362687151,4.23689755259654e-13,0.156451612903226,NA,1.62318054564264e-10,"GLM","NYC","Cotyledon_RedvsYellow",12.3729520370327,9.78963317110697,"Significant",-0.338241369561843
"Lcu.1GRN.Chr7p601729598",7,601729598,4.26542225236824e-13,0.0983870967741935,NA,1.63224947299471e-10,"GLM","NYC","Cotyledon_RedvsYellow",12.3700379697025,9.78721346294438,"Significant",-0.395442059686415
"Lcu.1GRN.Chr1p364568767",1,364568767,4.46612149447837e-13,0.475806451612903,NA,6.76691841771714e-10,"MLM","NYC","Cotyledon_RedvsYellow",12.3500694667407,9.16960905935942,"Significant",-0.302329478995247
"Lcu.1GRN.Chr1p381285060",1,381285060,4.58766030774776e-13,0.291935483870968,NA,1.7534774400355e-10,"GLM","NYC","Cotyledon_RedvsYellow",12.3384087468153,9.75609981731092,"Significant",-0.302291978523302
"Lcu.1GRN.Chr2p7898664",2,7898664,4.59264322799583e-13,0.424193548387097,NA,1.7534774400355e-10,"GLM","NYC","Cotyledon_RedvsYellow",12.3379372907307,9.75609981731092,"Significant",-0.24526384651851
"Lcu.1GRN.Chr1p386504927",1,386504927,4.60433349772408e-13,0.496774193548387,NA,1.75395905507243e-10,"GLM","NYC","Cotyledon_RedvsYellow",12.336833227402,9.75598054914766,"Significant",0.221984922532615
"Lcu.1GRN.Chr1p386972561",1,386972561,4.60433349772408e-13,0.496774193548387,NA,1.75395905507243e-10,"GLM","NYC","Cotyledon_RedvsYellow",12.336833227402,9.75598054914766,"Significant",0.221984922532615
"Lcu.1GRN.Chr1p419050868",1,419050868,4.69095437110334e-13,0.209677419354839,NA,1.78493467075217e-10,"GLM","NYC","Cotyledon_RedvsYellow",12.3287387914132,9.74837767459439,"Significant",0.256291746871777
"Lcu.1GRN.Chr1p360345715",1,360345715,4.80413404334726e-13,0.119354838709677,NA,1.82593463927524e-10,"GLM","NYC","Cotyledon_RedvsYellow",12.3183848835602,9.73851477242611,"Significant",-0.30382874044258
"Lcu.1GRN.Chr1p361295364",1,361295364,4.85769087775013e-13,0.170967741935484,NA,7.32720586312188e-10,"MLM","NYC","Cotyledon_RedvsYellow",12.3135701252573,9.13506160647357,"Significant",-0.319031953271571
"Lcu.1GRN.Chr3p344742656",3,344742656,4.89292524066459e-13,0.265432098765432,NA,1.49619871311512e-09,"GLM","NYC","DTF_Nepal_2017",12.3104314198041,8.82501072313046,"Significant",6.68865588041518
"Lcu.1GRN.Chr1p176260368",1,176260368,4.89909448807707e-13,0.106451612903226,NA,1.85992518698761e-10,"GLM","NYC","Cotyledon_RedvsYellow",12.3098841842924,9.73050452434762,"Significant",-0.393636812035154
"Lcu.1GRN.Chr1p365383435",1,365383435,4.90706221984107e-13,0.333870967741935,NA,7.36863302545216e-10,"MLM","NYC","Cotyledon_RedvsYellow",12.3091784352813,9.13261307178358,"Significant",-0.247655451878825
"Lcu.1GRN.Chr1p385803318",1,385803318,5.0066440149613e-13,0.419354838709677,NA,1.89861310865895e-10,"GLM","NYC","Cotyledon_RedvsYellow",12.3004532869382,9.7215635249381,"Significant",-0.232582533472981
"Lcu.1GRN.Chr1p375952411",1,375952411,5.09623446295154e-13,0.082258064516129,NA,1.93041114594552e-10,"GLM","NYC","Cotyledon_RedvsYellow",12.2927505995849,9.71435018353158,"Significant",-0.42649581829393
"Lcu.1GRN.Chr1p368962659",1,368962659,5.18424499083982e-13,0.325806451612903,NA,7.75026193259474e-10,"MLM","NYC","Cotyledon_RedvsYellow",12.2853144832841,9.1106836195636,"Significant",-0.244731657731736
"Lcu.1GRN.Chr1p419440474",1,419440474,5.21253935325108e-13,0.232258064516129,NA,1.97224547203038e-10,"GLM","NYC","Cotyledon_RedvsYellow",12.2829506532009,9.70503903233921,"Significant",0.256799620693412
"Lcu.1GRN.Chr5p1684480",5,1684480,5.29721318199401e-13,0.175925925925926,NA,1.60523216791692e-09,"GLM","NYC","DTF_Nepal_2017",12.275952548888,8.79446214584274,"Significant",9.23188158516609
"Lcu.1GRN.Chr1p348662772",1,348662772,5.32823046334968e-13,0.466129032258065,NA,2.0137538160287e-10,"GLM","NYC","Cotyledon_RedvsYellow",12.2734169987784,9.6959936235914,"Significant",0.25081793693334
"Lcu.1GRN.Chr1p385796416",1,385796416,5.45081121944747e-13,0.37258064516129,NA,2.05776994102344e-10,"GLM","NYC","Cotyledon_RedvsYellow",12.2635388588404,9.6866031810454,"Significant",-0.209550705557904
"Lcu.1GRN.Chr1p356894322",1,356894322,5.49103113100425e-13,0.167741935483871,NA,2.07062967314182e-10,"GLM","NYC","Cotyledon_RedvsYellow",12.2603460940825,9.68389756662671,"Significant",-0.324717354034784
"Lcu.1GRN.Chr1p309506095",1,309506095,5.57544424095906e-13,0.366129032258064,NA,2.10010689025608e-10,"GLM","NYC","Cotyledon_RedvsYellow",12.2537205231299,9.67775860018656,"Significant",0.254324065988706
"Lcu.1GRN.Chr1p368780332",1,368780332,5.62654151546919e-13,0.32741935483871,NA,8.37426057492844e-10,"MLM","NYC","Cotyledon_RedvsYellow",12.2497584723374,9.07705352965295,"Significant",-0.24193301612874
"Lcu.1GRN.Chr1p28227847",1,28227847,5.66824923241065e-13,0.335483870967742,NA,2.13267560353275e-10,"GLM","NYC","Cotyledon_RedvsYellow",12.2465510621153,9.67107519907935,"Significant",-0.261961147693412
"Lcu.1GRN.Chr3p25227218",3,25227218,5.67109002419553e-13,0.111111111111111,NA,1.70318530193623e-09,"GLM","NYC","DTF_Nepal_2017",12.2463334585682,8.76873809940647,"Significant",8.00752725233622
"Lcu.1GRN.Chr1p387300361",1,387300361,5.69046700734288e-13,0.445161290322581,NA,2.13666755248968e-10,"GLM","NYC","Cotyledon_RedvsYellow",12.2448520903028,9.67026304515031,"Significant",0.222999859715044
"Lcu.1GRN.Chr1p364431828",1,364431828,5.69156346202439e-13,0.193548387096774,NA,2.13666755248968e-10,"GLM","NYC","Cotyledon_RedvsYellow",12.2447684173201,9.67026304515031,"Significant",-0.321524508054186
"Lcu.1GRN.Chr1p367969454",1,367969454,5.71191146778058e-13,0.375806451612903,NA,8.46387015278833e-10,"MLM","NYC","Cotyledon_RedvsYellow",12.2432185325611,9.07243100792232,"Significant",-0.240755277755731
"Lcu.1GRN.Chr2p342148775",2,342148775,5.72452244237932e-13,0.104838709677419,NA,2.14664486106556e-10,"GLM","NYC","Cotyledon_RedvsYellow",12.2422607376851,9.66823979889727,"Significant",-0.389851742455775
"Lcu.1GRN.Chr6p330293563",6,330293563,5.78404354786731e-13,0.164516129032258,NA,2.16654941655399e-10,"GLM","NYC","Cotyledon_RedvsYellow",12.2377684459128,9.66423140074825,"Significant",-0.282724195187743
"Lcu.1GRN.Chr1p43040365",1,43040365,5.8031630026294e-13,0.303225806451613,NA,2.17129313649104e-10,"GLM","NYC","Cotyledon_RedvsYellow",12.2363352305473,9.66328154044862,"Significant",0.242100015010334
"Lcu.1GRN.Chr1p363985977",1,363985977,5.82645464078764e-13,0.117741935483871,NA,2.17758563128646e-10,"GLM","NYC","Cotyledon_RedvsYellow",12.234595630199,9.66202475780642,"Significant",-0.332833083475426
"Lcu.1GRN.Chr1p363891728",1,363891728,5.83224385415742e-13,0.116129032258064,NA,8.60427354601477e-10,"MLM","NYC","Cotyledon_RedvsYellow",12.2341643258593,9.06528579102791,"Significant",-0.364930196339586
"Lcu.1GRN.Chr1p348074278",1,348074278,5.83476229005801e-13,0.474193548387097,NA,2.17827024108762e-10,"GLM","NYC","Cotyledon_RedvsYellow",12.2339768325439,9.66188824169108,"Significant",0.259815708336879
"Lcu.1GRN.Chr1p350355331",1,350355331,5.84205006184047e-13,0.438709677419355,NA,2.17857300792804e-10,"GLM","NYC","Cotyledon_RedvsYellow",12.2334347257795,9.66182788148953,"Significant",0.252966073243058
"Lcu.1GRN.Chr2p43311816",2,43311816,5.99173645801176e-13,0.12962962962963,NA,1.7835596612142e-09,"GLM","NYC","DTF_Nepal_2017",12.2224472970022,8.74871235865378,"Significant",8.04309219088248
"Lcu.1GRN.Chr1p422926106",1,422926106,6.02047171360689e-13,0.154838709677419,NA,2.24136925500564e-10,"GLM","NYC","Cotyledon_RedvsYellow",12.2203694797404,9.64948658960465,"Significant",-0.299539302174495
"Lcu.1GRN.Chr1p371166947",1,371166947,6.02377107898544e-13,0.0725806451612904,NA,2.24136925500564e-10,"GLM","NYC","Cotyledon_RedvsYellow",12.2201315409612,9.64948658960465,"Significant",-0.443816852322701
"Lcu.1GRN.Chr1p371166869",1,371166869,6.06367398481046e-13,0.0790322580645161,NA,2.25372356602071e-10,"GLM","NYC","Cotyledon_RedvsYellow",12.217264156717,9.64709935409036,"Significant",-0.427702020389307
"Lcu.1GRN.Chr1p360634752",1,360634752,6.0874755402197e-13,0.151612903225806,NA,8.94159775125362e-10,"MLM","NYC","Cotyledon_RedvsYellow",12.2155627707907,9.0485848712987,"Significant",-0.323165515395446
"Lcu.1GRN.Chr1p367659275",1,367659275,6.24863230943619e-13,0.298387096774194,NA,9.13840740881792e-10,"MLM","NYC","Cotyledon_RedvsYellow",12.2042150299303,9.03912948411601,"Significant",-0.28744228485319
"Lcu.1GRN.Chr1p385803407",1,385803407,6.34460859960626e-13,0.164516129032258,NA,2.35553748435293e-10,"GLM","NYC","Cotyledon_RedvsYellow",12.1975951644714,9.62790998031638,"Significant",-0.345728165934097
"Lcu.1GRN.Chr1p386504756",1,386504756,6.44812379025224e-13,0.498387096774194,NA,2.3913297188046e-10,"GLM","NYC","Cotyledon_RedvsYellow",12.1905666335933,9.62136053882148,"Significant",0.221211031519594
"Lcu.1GRN.Chr2p44216345",2,44216345,6.48229937535707e-13,0.0987654320987654,NA,1.91265929297433e-09,"GLM","NYC","DTF_Nepal_2017",12.1882709155958,8.71836238510041,"Significant",8.36051345791634
"Lcu.1GRN.Chr1p366878590",1,366878590,6.4948085692443e-13,0.364516129032258,NA,9.45731287450648e-10,"MLM","NYC","Cotyledon_RedvsYellow",12.187433644983,9.02423224304323,"Significant",-0.244757961751552
"Lcu.1GRN.Chr2p43312226",2,43312226,6.69611868263962e-13,0.115740740740741,NA,1.95856813297691e-09,"GLM","NYC","DTF_Nepal_2017",12.1741768574702,8.70806131599192,"Significant",8.24691251911327
"Lcu.1GRN.Chr1p359657148",1,359657148,6.72518858121852e-13,0.0983870967741935,NA,2.49133425935983e-10,"GLM","NYC","Cotyledon_RedvsYellow",12.17229553309,9.60356799977918,"Significant",-0.376291069732075
"Lcu.1GRN.Chr1p343564995",1,343564995,6.75116677896916e-13,0.382258064516129,NA,2.49820650818649e-10,"GLM","NYC","Cotyledon_RedvsYellow",12.1706211631871,9.6023716645772,"Significant",-0.245776988512829
"Lcu.1GRN.Chr1p371780816",1,371780816,6.80474067989227e-13,0.082258064516129,NA,2.51526396513552e-10,"GLM","NYC","Cotyledon_RedvsYellow",12.1671884205617,9.59941643105093,"Significant",-0.418118579931076
"Lcu.1GRN.Chr1p364394369",1,364394369,6.87731841889804e-13,0.0903225806451613,NA,2.53930072953839e-10,"GLM","NYC","Cotyledon_RedvsYellow",12.1625808674176,9.59528586255874,"Significant",-0.355698797137343
"Lcu.1GRN.Chr6p420942828",6,420942828,6.90541214408089e-13,0.399068322981366,NA,2.58083640740895e-08,"FarmCPU","NYC","DTF_Sask_2017_b",12.160810395788,7.58823952339541,"Significant",0.0200389456741448
"Lcu.1GRN.Chr4p359784721",4,359784721,6.94588679873144e-13,0.0596774193548387,NA,1.00705478656418e-09,"MLM","NYC","Cotyledon_RedvsYellow",12.1582722989243,8.99694690198335,"Significant",-0.642557749277681
"Lcu.1GRN.Chr1p349188109",1,349188109,7.03512080284194e-13,0.47258064516129,NA,2.59471763058063e-10,"GLM","NYC","Cotyledon_RedvsYellow",12.1527284407229,9.58590989721942,"Significant",0.25194782552559
"Lcu.1GRN.Chr1p367498523",1,367498523,7.06872691223869e-13,0.330645161290323,NA,2.60425680754545e-10,"GLM","NYC","Cotyledon_RedvsYellow",12.1506587962138,9.58431619191618,"Significant",-0.283820080571773
"Lcu.1GRN.Chr1p419352744",1,419352744,7.20184533032382e-13,0.211290322580645,NA,2.65039727376918e-10,"GLM","NYC","Cotyledon_RedvsYellow",12.1425562099445,9.57668902384644,"Significant",0.253764492207793
"Lcu.1GRN.Chr1p422742467",1,422742467,7.2449510861604e-13,0.156451612903226,NA,2.66334695300384e-10,"GLM","NYC","Cotyledon_RedvsYellow",12.1399645422953,9.57457225452984,"Significant",-0.288153449294471
"Lcu.1GRN.Chr1p182229001",1,182229001,7.28187456514252e-13,0.0935483870967742,NA,2.67399814612805e-10,"GLM","NYC","Cotyledon_RedvsYellow",12.1377568063325,9.57283889816851,"Significant",-0.417846820177913
"Lcu.1GRN.Chr1p364844469",1,364844469,7.29019896163994e-13,0.353225806451613,NA,2.67413560973821e-10,"GLM","NYC","Cotyledon_RedvsYellow",12.1372606189024,9.57281657274058,"Significant",-0.295507351184002
"Lcu.1GRN.Chr1p387812202",1,387812202,7.30300108861435e-13,0.403225806451613,NA,2.67591347186704e-10,"GLM","NYC","Cotyledon_RedvsYellow",12.1364986346209,9.57252793399025,"Significant",-0.209167730179669
"Lcu.1GRN.Chr1p287237572",1,287237572,7.3386077005583e-13,0.0854838709677419,NA,2.68603422895941e-10,"GLM","NYC","Cotyledon_RedvsYellow",12.1343863277298,9.57088845728403,"Significant",-0.411652275719957
"Lcu.1GRN.Chr1p367667364",1,367667364,7.35359274870088e-13,0.266129032258065,NA,1.06159052879926e-09,"MLM","NYC","Cotyledon_RedvsYellow",12.1335004255808,8.9740429647749,"Significant",-0.253585974993746
"Lcu.1GRN.Chr1p367495221",1,367495221,7.46087266515054e-13,0.246774193548387,NA,2.72781669104206e-10,"GLM","NYC","Cotyledon_RedvsYellow",12.127210372059,9.56418481757265,"Significant",-0.353820608546044
"Lcu.1GRN.Chr1p437359352",1,437359352,7.62973019033888e-13,0.279320987654321,NA,5.13277890986744e-08,"GLM","NYC","DTF_Sask_2017",12.1174908197016,7.28964744220573,"Significant",2.22894336930133
"Lcu.1GRN.Chr1p437368329",1,437368329,7.62973019033888e-13,0.279320987654321,NA,5.13277890986744e-08,"GLM","NYC","DTF_Sask_2017",12.1174908197016,7.28964744220573,"Significant",2.22894336930133
"Lcu.1GRN.Chr1p437368794",1,437368794,7.62973019033888e-13,0.279320987654321,NA,5.13277890986744e-08,"GLM","NYC","DTF_Sask_2017",12.1174908197016,7.28964744220573,"Significant",2.22894336930133
"Lcu.1GRN.Chr1p437369245",1,437369245,7.62973019033888e-13,0.279320987654321,NA,5.13277890986744e-08,"GLM","NYC","DTF_Sask_2017",12.1174908197016,7.28964744220573,"Significant",2.22894336930133
"Lcu.1GRN.Chr1p367666916",1,367666916,7.72394730218763e-13,0.266129032258065,NA,1.11029101803203e-09,"MLM","NYC","Cotyledon_RedvsYellow",12.1121606979231,8.95456317350136,"Significant",-0.26693662968452
"Lcu.1GRN.Chr1p363538795",1,363538795,7.7665968715597e-13,0.17741935483871,NA,2.83651128110307e-10,"GLM","NYC","Cotyledon_RedvsYellow",12.1097692364961,9.54721548486111,"Significant",-0.345692263184887
"Lcu.1GRN.Chr1p79130491",1,79130491,7.85532438474696e-13,0.109677419354839,NA,2.86580466087221e-10,"GLM","NYC","Cotyledon_RedvsYellow",12.1048358761114,9.54275341533312,"Significant",-0.405499752196723
"Lcu.1GRN.Chr5p1582614",5,1582614,7.89139183848734e-13,0.131172839506173,NA,2.26872119533032e-09,"GLM","NYC","DTF_Nepal_2017",12.1028463916619,8.64421887157618,"Significant",16.1030588160911
"Lcu.1GRN.Chr5p1584911",5,1584911,7.89139183848734e-13,0.131172839506173,NA,2.26872119533032e-09,"GLM","NYC","DTF_Nepal_2017",12.1028463916619,8.64421887157618,"Significant",16.1030588160911
"Lcu.1GRN.Chr6p236151499",6,236151499,7.89395595126177e-13,0.101851851851852,NA,8.85088760486022e-08,"BLINK","NYC","DTF_Sask_2017",12.1027053013225,7.05301317421027,"Significant",1.70001680199639
"Lcu.1GRN.Chr1p371177859",1,371177859,7.96543469547846e-13,0.103225806451613,NA,2.90282705548646e-10,"GLM","NYC","Cotyledon_RedvsYellow",12.0987905185827,9.53717883777676,"Significant",-0.514136249938233
"Lcu.1GRN.Chr1p406236659",1,406236659,8.045652084608e-13,0.2,NA,2.92572092404685e-10,"GLM","NYC","Cotyledon_RedvsYellow",12.094438751407,9.5337671023142,"Significant",0.256467717386532
"Lcu.1GRN.Chr1p406533030",1,406533030,8.045652084608e-13,0.2,NA,2.92572092404685e-10,"GLM","NYC","Cotyledon_RedvsYellow",12.094438751407,9.5337671023142,"Significant",0.256467717386532
"Lcu.1GRN.Chr1p348662765",1,348662765,8.05925216510293e-13,0.467741935483871,NA,2.92750159073345e-10,"GLM","NYC","Cotyledon_RedvsYellow",12.0937052554204,9.53350286027043,"Significant",0.249254296638723
"Lcu.1GRN.Chr2p7752543",2,7752543,8.08569217195663e-13,0.275806451612903,NA,2.93393745286358e-10,"GLM","NYC","Cotyledon_RedvsYellow",12.092282796587,9.5325491488996,"Significant",-0.223755038539658
"Lcu.1GRN.Chr1p387297710",1,387297710,8.11466744868376e-13,0.446774193548387,NA,2.94127838977523e-10,"GLM","NYC","Cotyledon_RedvsYellow",12.0907292735162,9.53146386790323,"Significant",0.220821208255773
"Lcu.1GRN.Chr1p419352484",1,419352484,8.17454697462604e-13,0.212903225806452,NA,2.9597931563122e-10,"GLM","NYC","Cotyledon_RedvsYellow",12.0875363061749,9.52873863833669,"Significant",0.252268633993124
"Lcu.1GRN.Chr1p381266109",1,381266109,8.32703601561519e-13,0.238709677419355,NA,3.01176357361767e-10,"GLM","NYC","Cotyledon_RedvsYellow",12.0795095569522,9.52117912367429,"Significant",-0.339957000272746
"Lcu.1GRN.Chr6p388859533",6,388859533,8.4083438837963e-13,0.245161290322581,NA,3.03790484120399e-10,"GLM","NYC","Cotyledon_RedvsYellow",12.0752895348745,9.51742583402401,"Significant",-0.28270500519107
"Lcu.1GRN.Chr1p422746309",1,422746309,8.43847681706197e-13,0.154838709677419,NA,3.04091319135792e-10,"GLM","NYC","Cotyledon_RedvsYellow",12.0737359384033,9.51699597743967,"Significant",-0.28990560997662
"Lcu.1GRN.Chr1p363986972",1,363986972,8.44379181289572e-13,0.082258064516129,NA,3.04091319135792e-10,"GLM","NYC","Cotyledon_RedvsYellow",12.0734624830415,9.51699597743967,"Significant",-0.358219924602051
"Lcu.1GRN.Chr1p364455309",1,364455309,8.44379181289572e-13,0.082258064516129,NA,3.04091319135792e-10,"GLM","NYC","Cotyledon_RedvsYellow",12.0734624830415,9.51699597743967,"Significant",-0.358219924602051
"Lcu.1GRN.Chr1p359130188",1,359130188,8.56894655392828e-13,0.141935483870968,NA,3.08168114441239e-10,"GLM","NYC","Cotyledon_RedvsYellow",12.0670725659341,9.51121229890312,"Significant",-0.338387535819075
"Lcu.1GRN.Chr1p367658831",1,367658831,8.57531669625736e-13,0.330645161290323,NA,3.08168114441239e-10,"GLM","NYC","Cotyledon_RedvsYellow",12.0667498319969,9.51121229890312,"Significant",-0.34227314638227
"Lcu.1GRN.Chr1p367886997",1,367886997,8.60436011823765e-13,0.417741935483871,NA,1.23158417016649e-09,"MLM","NYC","Cotyledon_RedvsYellow",12.0652814213796,8.90953590181944,"Significant",-0.239651022778454
"Lcu.1GRN.Chr1p378709524",1,378709524,8.61081601578528e-13,0.301612903225806,NA,3.09113591332086e-10,"GLM","NYC","Cotyledon_RedvsYellow",12.0649556900841,9.50988189914,"Significant",-0.30897120309582
"Lcu.1GRN.Chr1p367578238",1,367578238,8.68183890153892e-13,0.414516129032258,NA,3.11330928123022e-10,"GLM","NYC","Cotyledon_RedvsYellow",12.0613882771038,9.50677773365103,"Significant",-0.28026456518195
"Lcu.1GRN.Chr1p371794386",1,371794386,8.70373771403444e-13,0.0854838709677419,NA,3.11783827865455e-10,"GLM","NYC","Cotyledon_RedvsYellow",12.0602942048545,9.50614641528875,"Significant",-0.405720055410976
"Lcu.1GRN.Chr1p370889234",1,370889234,8.7144494693751e-13,0.082258064516129,NA,3.11835449432478e-10,"GLM","NYC","Cotyledon_RedvsYellow",12.059760044006,9.50607451577386,"Significant",-0.416783999485709
"Lcu.1GRN.Chr1p368421673",1,368421673,8.71608508962817e-13,0.358064516129032,NA,1.24228957345041e-09,"MLM","NYC","Cotyledon_RedvsYellow",12.0596785386626,8.90577715980086,"Significant",-0.223837129412146
"Lcu.1GRN.Chr1p377406108",1,377406108,8.82501854325042e-13,0.474193548387097,NA,3.15456430641606e-10,"GLM","NYC","Cotyledon_RedvsYellow",12.0542843733936,9.50106061498902,"Significant",-0.254888357857225
"Lcu.1GRN.Chr1p355763860",1,355763860,9.05268923608371e-13,0.454838709677419,NA,3.23251159264731e-10,"GLM","NYC","Cotyledon_RedvsYellow",12.0432223879881,9.49045990894912,"Significant",0.259973160813222
"Lcu.1GRN.Chr4p67193036",4,67193036,9.13132023498107e-13,0.104838709677419,NA,3.25713127622469e-10,"GLM","NYC","Cotyledon_RedvsYellow",12.0394664262647,9.48716473717014,"Significant",0.484269946794146
"Lcu.1GRN.Chr1p407506747",1,407506747,9.14584487535113e-13,0.198387096774194,NA,3.25885635930851e-10,"GLM","NYC","Cotyledon_RedvsYellow",12.0387761690553,9.4869347815215,"Significant",0.256935512043198
"Lcu.1GRN.Chr1p353593140",1,353593140,9.24915588691241e-13,0.27741935483871,NA,3.29218076001383e-10,"GLM","NYC","Cotyledon_RedvsYellow",12.033897900816,9.48251632749337,"Significant",-0.250683988607038
"Lcu.1GRN.Chr4p501059812",4,501059812,9.27960978247185e-13,0.282407407407407,NA,2.6452156811023e-09,"GLM","NYC","DTF_Nepal_2017",12.0324702859452,8.57753891141943,"Significant",-6.3680079228244
"Lcu.1GRN.Chr2p7731937",2,7731937,9.46579044463478e-13,0.47258064516129,NA,3.36572889481022e-10,"GLM","NYC","Cotyledon_RedvsYellow",12.0238431142507,9.47292086882059,"Significant",-0.224995397907675
"Lcu.1GRN.Chr1p367566992",1,367566992,9.55687320303458e-13,0.406451612903226,NA,1.35637838341145e-09,"MLM","NYC","Cotyledon_RedvsYellow",12.0196841760073,8.86761914018556,"Significant",-0.193939440810628
"Lcu.1GRN.Chr1p318272135",1,318272135,9.73604990544584e-13,0.241935483870968,NA,3.45816884746051e-10,"GLM","NYC","Cotyledon_RedvsYellow",12.0116172086477,9.46115380581913,"Significant",-0.288079572963448
"Lcu.1GRN.Chr1p348997906",1,348997906,9.79534596413331e-13,0.441935483870968,NA,3.47556026995531e-10,"GLM","NYC","Cotyledon_RedvsYellow",12.0089802204492,9.45897517595536,"Significant",0.246362250870402
"Lcu.1GRN.Chr6p436912810",6,436912810,9.81442694641531e-13,0.137345679012346,NA,2.77415911654191e-09,"GLM","NYC","DTF_Nepal_2017",12.0081350533004,8.55686863286103,"Significant",13.3793328975548
"Lcu.1GRN.Chr1p371912530",1,371912530,9.95749758377226e-13,0.0967741935483871,NA,3.5293715382094e-10,"GLM","NYC","Cotyledon_RedvsYellow",12.001849790302,9.45230262089738,"Significant",-0.38883343502589
"Lcu.1GRN.Chr5p1635413",5,1635413,1.00676241474263e-12,0.172839506172839,NA,2.82201377633113e-09,"GLM","NYC","DTF_Nepal_2017",11.997073006249,8.54944087046474,"Significant",9.46025453855646
"Lcu.1GRN.Chr1p363532953",1,363532953,1.01277371733154e-12,0.182258064516129,NA,1.43135990326747e-09,"MLM","NYC","Cotyledon_RedvsYellow",11.9944875776328,8.84425115285743,"Significant",-0.274324488203763
"Lcu.1GRN.Chr7p601435240",7,601435240,1.01297072678353e-12,0.298387096774194,NA,3.58285935284958e-10,"GLM","NYC","Cotyledon_RedvsYellow",11.9944031048668,9.44577023997238,"Significant",-0.219723749613453
"Lcu.1GRN.Chr7p601436180",7,601436180,1.01297072678353e-12,0.298387096774194,NA,3.58285935284958e-10,"GLM","NYC","Cotyledon_RedvsYellow",11.9944031048668,9.44577023997238,"Significant",-0.219723749613453
"Lcu.1GRN.Chr1p364568853",1,364568853,1.01881235822442e-12,0.451612903225806,NA,1.4338696924639e-09,"MLM","NYC","Cotyledon_RedvsYellow",11.9919057956714,8.84349031478766,"Significant",-0.298759989160215
"Lcu.1GRN.Chr2p342196440",2,342196440,1.03637087969508e-12,0.0870967741935483,NA,3.66177482868064e-10,"GLM","NYC","Cotyledon_RedvsYellow",11.9844847984703,9.43630836502288,"Significant",-0.419892984793721
"Lcu.1GRN.Chr1p364825899",1,364825899,1.04105655574059e-12,0.387096774193548,NA,1.45907112701998e-09,"MLM","NYC","Cotyledon_RedvsYellow",11.9825256766577,8.83592353653742,"Significant",-0.252719016690672
"Lcu.1GRN.Chr1p349187305",1,349187305,1.04872017307911e-12,0.493548387096774,NA,3.7015200257933e-10,"GLM","NYC","Cotyledon_RedvsYellow",11.979340377869,9.4316198966754,"Significant",0.242361291011699
"Lcu.1GRN.Chr1p34392907",1,34392907,1.04907927397885e-12,0.143548387096774,NA,5.88126080250738e-08,"BLINK","NYC","Cotyledon_RedvsYellow",11.9791916929783,7.23052956153004,"Significant",0.0642564207757421
"Lcu.1GRN.Chr1p407191891",1,407191891,1.05540125040216e-12,0.275806451612903,NA,3.71916599639672e-10,"GLM","NYC","Cotyledon_RedvsYellow",11.9765823956218,9.42955443747586,"Significant",0.260246592602861
"Lcu.1GRN.Chr1p422711215",1,422711215,1.05593102966666e-12,0.324193548387097,NA,3.71916599639672e-10,"GLM","NYC","Cotyledon_RedvsYellow",11.976364447724,9.42955443747586,"Significant",-0.274495604918919
"Lcu.1GRN.Chr3p344509419",3,344509419,1.06651176078644e-12,0.174382716049383,NA,2.96478811107812e-09,"GLM","NYC","DTF_Nepal_2017",11.9720343510758,8.52800633956036,"Significant",7.48624905709164
"Lcu.1GRN.Chr2p7899157",2,7899157,1.07252326653839e-12,0.456451612903226,NA,3.77365516313515e-10,"GLM","NYC","Cotyledon_RedvsYellow",11.9695932777729,9.42323778821717,"Significant",-0.22529958966602
"Lcu.1GRN.Chr1p363167445",1,363167445,1.08380108904518e-12,0.182258064516129,NA,3.80935131576658e-10,"GLM","NYC","Cotyledon_RedvsYellow",11.9650504169275,9.41914897287251,"Significant",-0.328886334383484
"Lcu.1GRN.Chr1p373777286",1,373777286,1.09596251300781e-12,0.335483870967742,NA,1.52436764608995e-09,"MLM","NYC","Cotyledon_RedvsYellow",11.9602043004796,8.81691027747643,"Significant",0.259347537713342
"Lcu.1GRN.Chr1p364661667",1,364661667,1.09616311362551e-12,0.443548387096774,NA,3.8487797290279e-10,"GLM","NYC","Cotyledon_RedvsYellow",11.9601248162197,9.41467694346636,"Significant",-0.288532557010436
"Lcu.1GRN.Chr1p366878495",1,366878495,1.09670975557581e-12,0.379032258064516,NA,1.52436764608995e-09,"MLM","NYC","Cotyledon_RedvsYellow",11.9599082933279,8.81691027747643,"Significant",-0.235927986208375
"Lcu.1GRN.Chr1p361279446",1,361279446,1.09958941071167e-12,0.0725806451612904,NA,3.85678405957092e-10,"GLM","NYC","Cotyledon_RedvsYellow",11.95876945116,9.41377467649878,"Significant",-0.376983668604381
"Lcu.1GRN.Chr1p74597155",1,74597155,1.10864215135944e-12,0.104838709677419,NA,3.88448577631584e-10,"GLM","NYC","Cotyledon_RedvsYellow",11.955208613246,9.41066646445369,"Significant",-0.4139863599179
"Lcu.1GRN.Chr1p368240797",1,368240797,1.11053765127204e-12,0.37741935483871,NA,1.53723546561902e-09,"MLM","NYC","Cotyledon_RedvsYellow",11.9544667127008,8.81325960446728,"Significant",-0.223965585620546
"Lcu.1GRN.Chr1p56008960",1,56008960,1.14181651493996e-12,0.396774193548387,NA,3.99655978856201e-10,"GLM","NYC","Cotyledon_RedvsYellow",11.9424036797604,9.39831368559706,"Significant",0.235470241017154
"Lcu.1GRN.Chr1p367484007",1,367484007,1.15386116602995e-12,0.270967741935484,NA,1.59065909358196e-09,"MLM","NYC","Cotyledon_RedvsYellow",11.9378464428738,8.79842288738066,"Significant",-0.271082350705686
"Lcu.1GRN.Chr7p601445644",7,601445644,1.15740665518639e-12,0.298387096774194,NA,4.04691688549979e-10,"GLM","NYC","Cotyledon_RedvsYellow",11.9365140247352,9.39287571494114,"Significant",-0.218168495982943
"Lcu.1GRN.Chr5p2101990",5,2101990,1.17326371277604e-12,0.123456790123457,NA,3.23481307602737e-09,"GLM","NYC","DTF_Nepal_2017",11.9306043611741,8.49015081001701,"Significant",12.5272478776269
"Lcu.1GRN.Chr1p351122862",1,351122862,1.19073060282814e-12,0.179032258064516,NA,4.15911194892515e-10,"GLM","NYC","Cotyledon_RedvsYellow",11.924186484478,9.38099938977065,"Significant",-0.267297634593573
"Lcu.1GRN.Chr1p357160100",1,357160100,1.19558040206295e-12,0.0887096774193549,NA,4.17171984544303e-10,"GLM","NYC","Cotyledon_RedvsYellow",11.9224212125234,9.37968486459438,"Significant",-0.370368961349751
"Lcu.1GRN.Chr3p180094968",3,180094968,1.20082080318683e-12,0.0555555555555556,NA,3.28387391142718e-09,"GLM","NYC","DTF_Nepal_2017",11.9205217969215,8.48361352652905,"Significant",11.4563344010448
"Lcu.1GRN.Chr1p362785780",1,362785780,1.20327667785357e-12,0.108064516129032,NA,1.65201047469213e-09,"MLM","NYC","Cotyledon_RedvsYellow",11.9196345007986,8.78198720333127,"Significant",-0.318334282414193
"Lcu.1GRN.Chr1p374030779",1,374030779,1.20888581094203e-12,0.343548387096774,NA,4.21377506289263e-10,"GLM","NYC","Cotyledon_RedvsYellow",11.9176147198339,9.37532865134582,"Significant",-0.251895833712956
"Lcu.1GRN.Chr1p406962892",1,406962892,1.21166773849133e-12,0.243548387096774,NA,4.2190998156637e-10,"GLM","NYC","Cotyledon_RedvsYellow",11.9166164553535,9.37478019993711,"Significant",0.265088294779907
"Lcu.1GRN.Chr1p364679376",1,364679376,1.21746785858296e-12,0.451612903225806,NA,4.23491221497389e-10,"GLM","NYC","Cotyledon_RedvsYellow",11.914542495431,9.37315558768217,"Significant",-0.289238531939709
"Lcu.1GRN.Chr2p43484972",2,43484972,1.22108229116426e-12,0.095679012345679,NA,3.31235312122621e-09,"GLM","NYC","DTF_Nepal_2017",11.9132550670999,8.4798633704303,"Significant",9.27436910880635
"Lcu.1GRN.Chr1p100285437",1,100285437,1.22889066185932e-12,0.337096774193548,NA,4.26888237034549e-10,"GLM","NYC","Cotyledon_RedvsYellow",11.9104867558959,9.36968581207675,"Significant",0.257213498610578
"Lcu.1GRN.Chr1p373644302",1,373644302,1.22977195053759e-12,0.1,NA,4.26888237034549e-10,"GLM","NYC","Cotyledon_RedvsYellow",11.9101754168579,9.36968581207675,"Significant",-0.384799369510183
"Lcu.1GRN.Chr2p352777793",2,352777793,1.2472451421853e-12,0.358064516129032,NA,4.32507326537568e-10,"GLM","NYC","Cotyledon_RedvsYellow",11.9040481788911,9.36400653132544,"Significant",-0.395827610779066
"Lcu.1GRN.Chr1p238227737",1,238227737,1.25408719981555e-12,0.0935483870967742,NA,4.34432079444239e-10,"GLM","NYC","Cotyledon_RedvsYellow",11.9016722648753,9.36207811295139,"Significant",-0.398485828134351
"Lcu.1GRN.Chr1p355077751",1,355077751,1.27811473199106e-12,0.367741935483871,NA,1.7476244636408e-09,"MLM","NYC","Cotyledon_RedvsYellow",11.8934301592965,8.75755188456796,"Significant",0.292344913356611
"Lcu.1GRN.Chr1p358395149",1,358395149,1.28658263050145e-12,0.2,NA,4.45230390610989e-10,"GLM","NYC","Cotyledon_RedvsYellow",11.8905623160853,9.35141519917967,"Significant",-0.286188841014821
"Lcu.1GRN.Chr1p359991374",1,359991374,1.29410136191553e-12,0.193548387096774,NA,1.75650539758579e-09,"MLM","NYC","Cotyledon_RedvsYellow",11.8880317057411,8.75535051132136,"Significant",-0.27605316786984
"Lcu.1GRN.Chr1p367493725",1,367493725,1.2950537317908e-12,0.293548387096774,NA,1.75650539758579e-09,"MLM","NYC","Cotyledon_RedvsYellow",11.887712212327,8.75535051132136,"Significant",-0.248764436851085
"Lcu.1GRN.Chr1p368964331",1,368964331,1.30203871901803e-12,0.425806451612903,NA,1.75741053179083e-09,"MLM","NYC","Cotyledon_RedvsYellow",11.8853761008632,8.75512677529168,"Significant",-0.211342887592109
"Lcu.1GRN.Chr1p363935389",1,363935389,1.30617044165363e-12,0.185483870967742,NA,1.75741053179083e-09,"MLM","NYC","Cotyledon_RedvsYellow",11.8840001484515,8.75512677529168,"Significant",-0.287434198387707
"Lcu.1GRN.Chr1p371707672",1,371707672,1.32107931716937e-12,0.108064516129032,NA,4.56698341909877e-10,"GLM","NYC","Cotyledon_RedvsYellow",11.8790711067043,9.34037056514075,"Significant",-0.348582269960271
"Lcu.1GRN.Chr2p43312234",2,43312234,1.34926258379303e-12,0.118827160493827,NA,3.63077926018168e-09,"GLM","NYC","DTF_Nepal_2017",11.86990352283,8.44000015400618,"Significant",8.11420912744518
"Lcu.1GRN.Chr1p348997962",1,348997962,1.35282873625853e-12,0.440322580645161,NA,4.66714813875973e-10,"GLM","NYC","Cotyledon_RedvsYellow",11.8687571801989,9.33094841406559,"Significant",0.245225597363337
"Lcu.1GRN.Chr1p349417120",1,349417120,1.35282873625853e-12,0.440322580645161,NA,4.66714813875973e-10,"GLM","NYC","Cotyledon_RedvsYellow",11.8687571801989,9.33094841406559,"Significant",0.245225597363337
"Lcu.1GRN.Chr1p418953664",1,418953664,1.35819441845544e-12,0.191935483870968,NA,4.68085842164551e-10,"GLM","NYC","Cotyledon_RedvsYellow",11.867038058613,9.32967449444786,"Significant",0.261974761470538
"Lcu.1GRN.Chr1p28227808",1,28227808,1.36662908121645e-12,0.429032258064516,NA,4.70510669561447e-10,"GLM","NYC","Cotyledon_RedvsYellow",11.8643493419351,9.32743052382201,"Significant",-0.283894072446858
"Lcu.1GRN.Chr1p365786736",1,365786736,1.3803341905535e-12,0.37258064516129,NA,1.84979629750561e-09,"MLM","NYC","Cotyledon_RedvsYellow",11.8600157545101,8.73287609415922,"Significant",-0.222000939910275
"Lcu.1GRN.Chr1p361166752",1,361166752,1.3961998095356e-12,0.129032258064516,NA,4.80199940014377e-10,"GLM","NYC","Cotyledon_RedvsYellow",11.8550524255745,9.31857789853019,"Significant",-0.324824520057853
"Lcu.1GRN.Chr1p368656472",1,368656472,1.41674862031677e-12,0.466129032258065,NA,1.89106144115116e-09,"MLM","NYC","Cotyledon_RedvsYellow",11.8487072016186,8.72329436056827,"Significant",-0.20785389008078
"Lcu.1GRN.Chr1p407184514",1,407184514,1.42612395768305e-12,0.262903225806452,NA,4.89990845019382e-10,"GLM","NYC","Cotyledon_RedvsYellow",11.8458427242751,9.3098120342464,"Significant",0.258624302003707
"Lcu.1GRN.Chr1p362370694",1,362370694,1.44585404647206e-12,0.183870967741935,NA,1.92228295671805e-09,"MLM","NYC","Cotyledon_RedvsYellow",11.8398755452234,8.71618268456733,"Significant",-0.276754558565641
"Lcu.1GRN.Chr1p368411597",1,368411597,1.4576017822265e-12,0.353225806451613,NA,1.93027219953614e-09,"MLM","NYC","Cotyledon_RedvsYellow",11.8363611093539,8.71438144414195,"Significant",-0.221917666074852
"Lcu.1GRN.Chr2p43311725",2,43311725,1.4611167156637e-12,0.145061728395062,NA,3.90056703410834e-09,"GLM","NYC","DTF_Nepal_2017",11.8353150907433,8.40887225402894,"Significant",7.90901475495912
"Lcu.1GRN.Chr1p372693704",1,372693704,1.47548143978432e-12,0.461290322580645,NA,5.06155657106351e-10,"GLM","NYC","Cotyledon_RedvsYellow",11.8310662491596,9.2957159048466,"Significant",-0.28335258534764
"Lcu.1GRN.Chr1p389144130",1,389144130,1.47618137219564e-12,0.393548387096774,NA,5.06155657106351e-10,"GLM","NYC","Cotyledon_RedvsYellow",11.8308602792985,9.2957159048466,"Significant",-0.301257384406123
"Lcu.1GRN.Chr1p391468355",1,391468355,1.49187938184514e-12,0.380645161290323,NA,5.11017303496032e-10,"GLM","NYC","Cotyledon_RedvsYellow",11.8262662880675,9.2915643940226,"Significant",-0.367796200067524
"Lcu.1GRN.Chr1p367898760",1,367898760,1.52820860069559e-12,0.309677419354839,NA,5.22928730814011e-10,"GLM","NYC","Cotyledon_RedvsYellow",11.8158173604543,9.28155749645452,"Significant",-0.300825816198549
"Lcu.1GRN.Chr2p342772093",2,342772093,1.53531670921938e-12,0.0935483870967742,NA,5.2482710927845e-10,"GLM","NYC","Cotyledon_RedvsYellow",11.8138020235231,9.27998374012256,"Significant",-0.407098743657505
"Lcu.1GRN.Chr1p374022434",1,374022434,1.58102958384005e-12,0.330645161290323,NA,5.39904749266524e-10,"GLM","NYC","Cotyledon_RedvsYellow",11.8010600035793,9.26768285224505,"Significant",-0.251225303425356
"Lcu.1GRN.Chr1p350086582",1,350086582,1.58478096155424e-12,0.438709677419355,NA,5.40636934782065e-10,"GLM","NYC","Cotyledon_RedvsYellow",11.8000307547471,9.26709428785648,"Significant",0.245462058113819
"Lcu.1GRN.Chr1p378712482",1,378712482,1.61708486068118e-12,0.319354838709677,NA,5.51098260722134e-10,"GLM","NYC","Cotyledon_RedvsYellow",11.7912671887773,9.25877095961502,"Significant",-0.294057054784501
"Lcu.1GRN.Chr1p406545525",1,406545525,1.66687691917804e-12,0.206451612903226,NA,5.67492296227894e-10,"GLM","NYC","Cotyledon_RedvsYellow",11.7780964669358,9.24604002969154,"Significant",0.25356896243088
"Lcu.1GRN.Chr5p186112272",5,186112272,1.67758542038534e-12,0.082258064516129,NA,5.70560541050308e-10,"GLM","NYC","Cotyledon_RedvsYellow",11.7753153569071,9.24369826667241,"Significant",-0.452585250182271
"Lcu.1GRN.Chr1p408097291",1,408097291,1.6956045332632e-12,0.388709677419355,NA,5.75286623793463e-10,"GLM","NYC","Cotyledon_RedvsYellow",11.7706754309995,9.24011572380211,"Significant",0.270296140668111
"Lcu.1GRN.Chr1p408097676",1,408097676,1.6956045332632e-12,0.388709677419355,NA,5.75286623793463e-10,"GLM","NYC","Cotyledon_RedvsYellow",11.7706754309995,9.24011572380211,"Significant",0.270296140668111
"Lcu.1GRN.Chr2p342061648",2,342061648,1.69832241993688e-12,0.0854838709677419,NA,5.75286623793463e-10,"GLM","NYC","Cotyledon_RedvsYellow",11.7699798571386,9.24011572380211,"Significant",-0.41840330067681
"Lcu.1GRN.Chr2p342808448",2,342808448,1.69832241993688e-12,0.0854838709677419,NA,5.75286623793463e-10,"GLM","NYC","Cotyledon_RedvsYellow",11.7699798571386,9.24011572380211,"Significant",-0.41840330067681
"Lcu.1GRN.Chr1p29863826",1,29863826,1.70599180040403e-12,0.338709677419355,NA,5.77303162903928e-10,"GLM","NYC","Cotyledon_RedvsYellow",11.7680230605353,9.23859606310078,"Significant",-0.231390834078829
"Lcu.1GRN.Chr7p600896431",7,600896431,1.71140906776279e-12,0.101612903225806,NA,5.78508023910016e-10,"GLM","NYC","Cotyledon_RedvsYellow",11.7666461712664,9.2376906130032,"Significant",-0.403978707151238
"Lcu.1GRN.Chr1p29026365",1,29026365,1.713795726207e-12,0.488709677419355,NA,5.78508023910016e-10,"GLM","NYC","Cotyledon_RedvsYellow",11.7660409445295,9.2376906130032,"Significant",-0.261122068463276
"Lcu.1GRN.Chr6p391550865",6,391550865,1.71624827570871e-12,0.17741935483871,NA,5.78508023910016e-10,"GLM","NYC","Cotyledon_RedvsYellow",11.7654198860847,9.2376906130032,"Significant",-0.256234168365164
"Lcu.1GRN.Chr1p28228937",1,28228937,1.71643177797523e-12,0.490322580645161,NA,5.78508023910016e-10,"GLM","NYC","Cotyledon_RedvsYellow",11.7653734535477,9.2376906130032,"Significant",0.288897950066863
"Lcu.1GRN.Chr1p349226647",1,349226647,1.73275942117724e-12,0.445161290322581,NA,5.83426514737861e-10,"GLM","NYC","Cotyledon_RedvsYellow",11.7612617311742,9.23401383756829,"Significant",0.242881334083972
"Lcu.1GRN.Chr1p367885918",1,367885918,1.73358609574632e-12,0.274193548387097,NA,2.28674962458e-09,"MLM","NYC","Cotyledon_RedvsYellow",11.7610545849398,8.64078138354186,"Significant",-0.259005170444942
"Lcu.1GRN.Chr1p361279103",1,361279103,1.76894427068018e-12,0.164516129032258,NA,5.94106282957439e-10,"GLM","NYC","Cotyledon_RedvsYellow",11.7522858490108,9.22613585472764,"Significant",-0.268824595957716
"Lcu.1GRN.Chr1p101996451",1,101996451,1.87564488732344e-12,0.37258064516129,NA,1.05150840635721e-07,"MLMM","NYC","Cotyledon_RedvsYellow",11.7268493824145,6.97818725096629,"Significant",0.131523126158275
"Lcu.1GRN.Chr3p387948881",3,387948881,2.06664581843311e-12,0.0617283950617284,NA,5.47363349613299e-09,"GLM","NYC","DTF_Nepal_2017",11.6847339463432,8.26172428546733,"Significant",9.74412996548222
"Lcu.1GRN.Chr1p367682669",1,367682669,2.09313857533673e-12,0.333870967741935,NA,2.75024509050895e-09,"MLM","NYC","Cotyledon_RedvsYellow",11.6792020184306,8.56062860191059,"Significant",-0.217214618757882
"Lcu.1GRN.Chr1p509134127",1,509134127,2.09580047896652e-12,0.095679012345679,NA,5.5074853102229e-09,"GLM","NYC","DTF_Nepal_2017",11.6786500647266,8.25904665254263,"Significant",10.6002597205313
"Lcu.1GRN.Chr2p48311792",2,48311792,2.11207092627631e-12,0.147515527950311,NA,9.54471230737074e-08,"BLINK","NYC","DTF_Sask_2017_b",11.6752915016812,7.02023715739125,"Significant",1.35482824649773
"Lcu.1GRN.Chr2p44640853",2,44640853,2.16923136787165e-12,0.140432098765432,NA,5.65626238385181e-09,"GLM","NYC","DTF_Nepal_2017",11.6636941241356,8.24747045260297,"Significant",8.3022158973439
"Lcu.1GRN.Chr1p365205554",1,365205554,2.23885348847257e-12,0.282258064516129,NA,2.93025848777063e-09,"MLM","NYC","Cotyledon_RedvsYellow",11.6499743259073,8.53309406740668,"Significant",-0.231511075469313
"Lcu.1GRN.Chr3p433371307",3,433371307,2.27007103725888e-12,0.355590062111801,NA,9.54471230737074e-08,"BLINK","NYC","DTF_Sask_2017_b",11.6439605522312,7.02023715739125,"Significant",0.823837646652815
"Lcu.1GRN.Chr1p367561543",1,367561543,2.34155161812603e-12,0.306451612903226,NA,3.05279338424108e-09,"MLM","NYC","Cotyledon_RedvsYellow",11.6304962640104,8.51530258814172,"Significant",-0.245905423520587
"Lcu.1GRN.Chr3p179963561",3,179963561,2.38914226236233e-12,0.058641975308642,NA,6.03239476301792e-09,"GLM","NYC","DTF_Nepal_2017",11.6217579892541,8.21951024575391,"Significant",11.1669190918169
"Lcu.1GRN.Chr3p347835275",3,347835275,2.39804937188207e-12,0.385802469135803,NA,6.03239476301792e-09,"GLM","NYC","DTF_Nepal_2017",11.6201418797379,8.21951024575391,"Significant",6.95292684901682
"Lcu.1GRN.Chr2p44145944",2,44145944,2.42108557916627e-12,0.114197530864197,NA,6.03239476301792e-09,"GLM","NYC","DTF_Nepal_2017",11.6159898590908,8.21951024575391,"Significant",7.46802997231873
"Lcu.1GRN.Chr2p44146224",2,44146224,2.42108557916627e-12,0.114197530864197,NA,6.03239476301792e-09,"GLM","NYC","DTF_Nepal_2017",11.6159898590908,8.21951024575391,"Significant",7.46802997231873
"Lcu.1GRN.Chr2p44190053",2,44190053,2.42108557916627e-12,0.114197530864197,NA,6.03239476301792e-09,"GLM","NYC","DTF_Nepal_2017",11.6159898590908,8.21951024575391,"Significant",7.46802997231873
"Lcu.1GRN.Chr2p44193193",2,44193193,2.42108557916627e-12,0.114197530864197,NA,6.03239476301792e-09,"GLM","NYC","DTF_Nepal_2017",11.6159898590908,8.21951024575391,"Significant",7.46802997231873
"Lcu.1GRN.Chr2p44545877",2,44545877,2.6090308309273e-12,0.066358024691358,NA,4.38795936753262e-07,"MLMM","NYC","DTF_Nepal_2017",11.5835207888099,6.35773740264201,"Significant",10.110951221216
"Lcu.1GRN.Chr1p367671503",1,367671503,2.73568203299278e-12,0.325806451612903,NA,3.55286933741962e-09,"MLM","NYC","Cotyledon_RedvsYellow",11.5629343818574,8.44942076410682,"Significant",-0.226470416577735
"Lcu.1GRN.Chr2p45092147",2,45092147,2.76541109325024e-12,0.291666666666667,NA,1.44223759770537e-07,"GLM","NYC","DTF_Sask_2017",11.5582402993469,6.84096318700063,"Significant",1.80471873637029
"Lcu.1GRN.Chr1p365383351",1,365383351,2.84302634193624e-12,0.370967741935484,NA,3.67807785214641e-09,"MLM","NYC","Cotyledon_RedvsYellow",11.5462191163544,8.43437908249333,"Significant",-0.220630504933788
"Lcu.1GRN.Chr2p48982831",2,48982831,3.00138336517482e-12,0.256172839506173,NA,1.44223759770537e-07,"GLM","NYC","DTF_Sask_2017",11.5226785288182,6.84096318700063,"Significant",2.02630260416217
"Lcu.1GRN.Chr2p42999349",2,42999349,3.04266205116278e-12,0.137345679012346,NA,7.52537578061375e-09,"GLM","NYC","DTF_Nepal_2017",11.5167462821031,8.12347180864147,"Significant",7.98424644671832
"Lcu.1GRN.Chr4p5017613",4,5017613,3.11468202364288e-12,0.16820987654321,NA,2.61919062061671e-07,"BLINK","NYC","DTF_Sask_2017",11.506586283652,6.58183289314812,"Significant",-1.26743134448589
"Lcu.1GRN.Chr1p364495366",1,364495366,3.22553731938804e-12,0.129032258064516,NA,4.15695138509807e-09,"MLM","NYC","Cotyledon_RedvsYellow",11.4913979289643,8.38122505447072,"Significant",-0.33260306928882
"Lcu.1GRN.Chr7p186572874",7,186572874,3.22565573486427e-12,0.201863354037267,NA,1.2055601584101e-07,"BLINK","NYC","DTF_Sask_2017_b",11.4913819854985,6.91881111310596,"Significant",1.39524550160957
"Lcu.1GRN.Chr5p1682459",5,1682459,3.253520232459e-12,0.16820987654321,NA,7.98815211701852e-09,"GLM","NYC","DTF_Nepal_2017",11.4876464882023,8.09755367352683,"Significant",9.28638373281103
"Lcu.1GRN.Chr1p365324047",1,365324047,3.28055088014296e-12,0.385483870967742,NA,4.21171396145438e-09,"MLM","NYC","Cotyledon_RedvsYellow",11.4840532221061,8.37554113159392,"Significant",-0.213390770929651
"Lcu.1GRN.Chr1p363891548",1,363891548,3.758349713237e-12,0.119354838709677,NA,4.8067863801992e-09,"MLM","NYC","Cotyledon_RedvsYellow",11.4250028113928,8.31814517805071,"Significant",-0.347254630736517
"Lcu.1GRN.Chr3p38514786",3,38514786,3.79579760349451e-12,0.101851851851852,NA,9.25203661227998e-09,"GLM","NYC","DTF_Nepal_2017",11.4206969527329,8.03376265730223,"Significant",10.5383405677921
"Lcu.1GRN.Chr1p360283960",1,360283960,3.79934463911635e-12,0.230645161290323,NA,4.84081120540019e-09,"MLM","NYC","Cotyledon_RedvsYellow",11.4202913097415,8.31508185477943,"Significant",-0.258373259846823
"Lcu.1GRN.Chr1p355065029",1,355065029,3.85346697647372e-12,0.416129032258065,NA,4.88427652130868e-09,"MLM","NYC","Cotyledon_RedvsYellow",11.4141483584885,8.31119975662745,"Significant",0.229632083132208
"Lcu.1GRN.Chr1p361330005",1,361330005,3.86250005103981e-12,0.193548387096774,NA,4.88427652130868e-09,"MLM","NYC","Cotyledon_RedvsYellow",11.4131315018283,8.31119975662745,"Significant",-0.267909689233269
"Lcu.1GRN.Chr1p364825940",1,364825940,3.92592315608478e-12,0.35,NA,4.94588387356843e-09,"MLM","NYC","Cotyledon_RedvsYellow",11.4060582053002,8.30575608483289,"Significant",-0.231190583058085
"Lcu.1GRN.Chr7p52436067",7,52436067,3.92980663614671e-12,0.0895061728395061,NA,9.50976452360259e-09,"GLM","NYC","DTF_Nepal_2017",11.4056288183066,8.02183023672885,"Significant",8.51355825391443
"Lcu.1GRN.Chr2p45095167",2,45095167,4.04466278805507e-12,0.256172839506173,NA,1.70061386003715e-07,"GLM","NYC","DTF_Sask_2017",11.3931176805762,6.76939428573629,"Significant",1.81287246784889
"Lcu.1GRN.Chr3p387945140",3,387945140,4.10191140768294e-12,0.0632716049382716,NA,9.71653263709922e-09,"GLM","NYC","DTF_Nepal_2017",11.3870137236775,8.01248868622871,"Significant",9.56092810807172
"Lcu.1GRN.Chr3p387947853",3,387947853,4.10191140768294e-12,0.0632716049382716,NA,9.71653263709922e-09,"GLM","NYC","DTF_Nepal_2017",11.3870137236775,8.01248868622871,"Significant",9.56092810807172
"Lcu.1GRN.Chr3p387949304",3,387949304,4.10191140768294e-12,0.0632716049382716,NA,9.71653263709922e-09,"GLM","NYC","DTF_Nepal_2017",11.3870137236775,8.01248868622871,"Significant",9.56092810807172
"Lcu.1GRN.Chr1p371692181",1,371692181,4.1912432515231e-12,0.338709677419355,NA,5.26043253278012e-09,"MLM","NYC","Cotyledon_RedvsYellow",11.3776571328363,8.2789785450332,"Significant",0.25640201966233
"Lcu.1GRN.Chr1p368325479",1,368325479,4.32498069873836e-12,0.375806451612903,NA,5.40810699885698e-09,"MLM","NYC","Cotyledon_RedvsYellow",11.3640158263379,8.26695472450846,"Significant",-0.208585015129657
"Lcu.1GRN.Chr3p344531407",3,344531407,4.79483441142789e-12,0.188271604938272,NA,1.1278489975306e-08,"GLM","NYC","DTF_Nepal_2017",11.3192263865006,7.94774904213378,"Significant",7.12412342802554
"Lcu.1GRN.Chr3p387944715",3,387944715,4.94568044983124e-12,0.0648148148148148,NA,1.15525256657527e-08,"GLM","NYC","DTF_Nepal_2017",11.3057739476913,7.93732305795469,"Significant",9.48589296166165
"Lcu.1GRN.Chr1p367493167",1,367493167,5.21438439590486e-12,0.262903225806452,NA,6.49609939295307e-09,"MLM","NYC","Cotyledon_RedvsYellow",11.2827969565074,8.18734733883449,"Significant",-0.221622701381244
"Lcu.1GRN.Chr1p364467603",1,364467603,5.47650407715083e-12,0.187096774193548,NA,6.79747323586344e-09,"MLM","NYC","Cotyledon_RedvsYellow",11.2614965846707,8.1676524937132,"Significant",-0.275903476652091
"Lcu.1GRN.Chr3p388025973",3,388025973,5.52051358829152e-12,0.0848765432098766,NA,1.28063351320887e-08,"GLM","NYC","DTF_Nepal_2017",11.2580205168025,7.89257513720556,"Significant",8.98191894549973
"Lcu.1GRN.Chr1p363891534",1,363891534,6.08049973659731e-12,0.119354838709677,NA,7.51940976066187e-09,"MLM","NYC","Cotyledon_RedvsYellow",11.2160607260023,8.12381624820463,"Significant",-0.334582860742189
"Lcu.1GRN.Chr1p363515087",1,363515087,6.10831577965043e-12,0.206451612903226,NA,7.52613865880468e-09,"MLM","NYC","Cotyledon_RedvsYellow",11.2140785194521,8.12342778466098,"Significant",-0.243225158174505
"Lcu.1GRN.Chr2p44150713",2,44150713,6.22005940132713e-12,0.117283950617284,NA,1.43302926071658e-08,"GLM","NYC","DTF_Nepal_2017",11.2062054677938,7.8437449417464,"Significant",7.3797893837467
"Lcu.1GRN.Chr3p347835287",3,347835287,6.53092901089498e-12,0.384259259259259,NA,1.49441428476715e-08,"GLM","NYC","DTF_Nepal_2017",11.1850250368554,7.8255289897717,"Significant",6.76089448737582
"Lcu.1GRN.Chr5p28018749",5,28018749,6.62778125065338e-12,0.0617283950617284,NA,1.50632898374225e-08,"GLM","NYC","DTF_Nepal_2017",11.178631833868,7.82208016743104,"Significant",9.92413921993534
"Lcu.1GRN.Chr1p42251827",1,42251827,6.79417737159543e-12,0.320987654320988,NA,1.53378326171238e-08,"GLM","NYC","DTF_Nepal_2017",11.1678631194472,7.8142360060276,"Significant",5.99709965660907
"Lcu.1GRN.Chr1p437280693",1,437280693,7.87238244487516e-12,0.268518518518518,NA,2.71916799638512e-07,"GLM","NYC","DTF_Sask_2017",11.103893815788,6.56556395988246,"Significant",2.12281845209998
"Lcu.1GRN.Chr1p437357187",1,437357187,8.2421990242295e-12,0.283950617283951,NA,2.71916799638512e-07,"GLM","NYC","DTF_Sask_2017",11.0839569027839,6.56556395988246,"Significant",2.09738754068539
"Lcu.1GRN.Chr1p367537667",1,367537667,8.32884937849656e-12,0.320967741935484,NA,1.02246353244407e-08,"MLM","NYC","Cotyledon_RedvsYellow",11.0794149917607,7.99035217274922,"Significant",-0.196964559120016
"Lcu.1GRN.Chr1p367811130",1,367811130,8.39983268577288e-12,0.345161290322581,NA,1.02742782582377e-08,"MLM","NYC","Cotyledon_RedvsYellow",11.0757293644583,7.98824867645666,"Significant",-0.218779961637462
"Lcu.1GRN.Chr2p43311619",2,43311619,8.81531427972184e-12,0.162037037037037,NA,1.97678721221813e-08,"GLM","NYC","DTF_Nepal_2017",11.0547621998121,7.7040400770359,"Significant",7.62362087764063
"Lcu.1GRN.Chr2p49582067",2,49582067,8.8923253351953e-12,0.259259259259259,NA,2.71916799638512e-07,"GLM","NYC","DTF_Sask_2017",11.0509846565561,6.56556395988246,"Significant",1.90196776678076
"Lcu.1GRN.Chr2p43484982",2,43484982,8.93833982535074e-12,0.109567901234568,NA,1.99110102783692e-08,"GLM","NYC","DTF_Nepal_2017",11.0487431379875,7.70090670344876,"Significant",8.63127635665717
"Lcu.1GRN.Chr1p360268981",1,360268981,8.95050726640106e-12,0.229032258064516,NA,1.09081712959331e-08,"MLM","NYC","Cotyledon_RedvsYellow",11.0481523505214,7.96224805075476,"Significant",-0.245113865773802
"Lcu.1GRN.Chr1p361191061",1,361191061,9.4672702141777e-12,0.148387096774194,NA,1.14963078705138e-08,"MLM","NYC","Cotyledon_RedvsYellow",11.0237752271024,7.93944161433495,"Significant",-0.317962872353985
"Lcu.1GRN.Chr1p360269046",1,360269046,9.49426805721098e-12,0.119354838709677,NA,4.56222637657126e-07,"BLINK","NYC","Cotyledon_RedvsYellow",11.022538510755,6.34082316893738,"Significant",0.0720275510340233
"Lcu.1GRN.Chr2p10401713",2,10401713,9.50953314064626e-12,0.0679012345679012,NA,2.09280759092871e-08,"GLM","NYC","DTF_Nepal_2017",11.0218408037164,7.6792706981014,"Significant",9.85572594670271
"Lcu.1GRN.Chr4p426017843",4,426017843,9.59199216693033e-12,0.132716049382716,NA,2.09280759092871e-08,"GLM","NYC","DTF_Nepal_2017",11.0180911845652,7.6792706981014,"Significant",9.02704679116982
"Lcu.1GRN.Chr3p422983248",3,422983248,9.60753770632295e-12,0.128086419753086,NA,2.09280759092871e-08,"GLM","NYC","DTF_Nepal_2017",11.0173879024019,7.6792706981014,"Significant",7.48806296904468
"Lcu.1GRN.Chr1p368732532",1,368732532,9.62661102208245e-12,0.385483870967742,NA,1.16477491714561e-08,"MLM","NYC","Cotyledon_RedvsYellow",11.016526576162,7.93375799024819,"Significant",-0.222573368896004
"Lcu.1GRN.Chr7p23361774",7,23361774,9.63680542413044e-12,0.0791925465838509,NA,3.24150333009848e-07,"BLINK","NYC","DTF_Sask_2017_b",11.0160669097283,6.48925352789645,"Significant",1.22766159177172
"Lcu.1GRN.Chr7p643745163",7,643745163,9.64482680893816e-12,0.138888888888889,NA,2.09280759092871e-08,"GLM","NYC","DTF_Nepal_2017",11.0157055665269,7.6792706981014,"Significant",10.7627965310298
"Lcu.1GRN.Chr2p610339065",2,610339065,9.7060051724717e-12,0.226851851851852,NA,2.09280759092871e-08,"GLM","NYC","DTF_Nepal_2017",11.0129594815788,7.6792706981014,"Significant",-6.54663526923605
"Lcu.1GRN.Chr1p363513655",1,363513655,9.90287237492293e-12,0.132258064516129,NA,1.19390662083717e-08,"MLM","NYC","Cotyledon_RedvsYellow",11.0042388179634,7.92302963940517,"Significant",-0.306988111827925
"Lcu.1GRN.Chr1p366893261",1,366893261,1.02309201297015e-11,0.390322580645161,NA,1.22905139688118e-08,"MLM","NYC","Cotyledon_RedvsYellow",10.990085305752,7.91042995526232,"Significant",-0.20074364124024
"Lcu.1GRN.Chr7p52453597",7,52453597,1.03867480991573e-11,0.0725308641975309,NA,2.22532439354729e-08,"GLM","NYC","DTF_Nepal_2017",10.9835204008209,7.65260667139829,"Significant",9.14371039554419
"Lcu.1GRN.Chr1p367554944",1,367554944,1.04469288289862e-11,0.324193548387097,NA,1.25053455851231e-08,"MLM","NYC","Cotyledon_RedvsYellow",10.98101136397,7.90290430204318,"Significant",-0.20845131360049
"Lcu.1GRN.Chr6p396777163",6,396777163,1.05910906689135e-11,0.0879629629629629,NA,2.25474265508255e-08,"GLM","NYC","DTF_Nepal_2017",10.9750593140096,7.6469030191321,"Significant",11.4640102520846
"Lcu.1GRN.Chr5p2415356",5,2415356,1.15966904818915e-11,0.208333333333333,NA,2.45329810523422e-08,"GLM","NYC","DTF_Nepal_2017",10.9356659340942,7.6102496765828,"Significant",7.54210075210108
"Lcu.1GRN.Chr1p363534082",1,363534082,1.19570232217151e-11,0.0983870967741935,NA,1.41120983509426e-08,"MLM","NYC","Cotyledon_RedvsYellow",10.9223769273121,7.8504084054887,"Significant",-0.344024375926928
"Lcu.1GRN.Chr1p363534099",1,363534099,1.19570232217151e-11,0.0983870967741935,NA,1.41120983509426e-08,"MLM","NYC","Cotyledon_RedvsYellow",10.9223769273121,7.8504084054887,"Significant",-0.344024375926928
"Lcu.1GRN.Chr1p363534168",1,363534168,1.19570232217151e-11,0.0983870967741935,NA,1.41120983509426e-08,"MLM","NYC","Cotyledon_RedvsYellow",10.9223769273121,7.8504084054887,"Significant",-0.344024375926928
"Lcu.1GRN.Chr1p363534177",1,363534177,1.19570232217151e-11,0.0983870967741935,NA,1.41120983509426e-08,"MLM","NYC","Cotyledon_RedvsYellow",10.9223769273121,7.8504084054887,"Significant",-0.344024375926928
"Lcu.1GRN.Chr5p2538180",5,2538180,1.19897593567641e-11,0.229938271604938,NA,2.52059961597293e-08,"GLM","NYC","DTF_Nepal_2017",10.9211895334214,7.59849613424549,"Significant",7.39269925743429
"Lcu.1GRN.Chr1p367994170",1,367994170,1.23248308505594e-11,0.395161290322581,NA,1.44953369884969e-08,"MLM","NYC","Cotyledon_RedvsYellow",10.9092190323893,7.83877168368646,"Significant",-0.225962453125637
"Lcu.1GRN.Chr1p365773104",1,365773104,1.25176156574103e-11,0.435483870967742,NA,1.46707763966416e-08,"MLM","NYC","Cotyledon_RedvsYellow",10.9024783872154,7.83354690211753,"Significant",-0.204639143661255
"Lcu.1GRN.Chr1p363528851",1,363528851,1.33403916456166e-11,0.111290322580645,NA,1.55807899884067e-08,"MLM","NYC","Cotyledon_RedvsYellow",10.874831420267,7.8074105261944,"Significant",-0.362154997527579
"Lcu.1GRN.Chr7p52451827",7,52451827,1.33651676373221e-11,0.0771604938271605,NA,2.79229897059821e-08,"GLM","NYC","DTF_Nepal_2017",10.8740255895818,7.55403808378177,"Significant",8.51545262204377
"Lcu.1GRN.Chr1p368048554",1,368048554,1.35866647027515e-11,0.374193548387097,NA,1.58135143462644e-08,"MLM","NYC","Cotyledon_RedvsYellow",10.8668871421613,7.80097160308602,"Significant",-0.202021991312554
"Lcu.1GRN.Chr7p1501340",7,1501340,1.35938093828183e-11,0.0854037267080745,NA,4.15682625515494e-07,"BLINK","NYC","DTF_Sask_2017_b",10.8666588242012,6.38123812752756,"Significant",1.1888706607133
"Lcu.1GRN.Chr2p186058693",2,186058693,1.45057558449785e-11,0.222222222222222,NA,3.01188739278264e-08,"GLM","NYC","DTF_Nepal_2017",10.838459636682,7.52116126939276,"Significant",6.54270271154326
"Lcu.1GRN.Chr1p353680606",1,353680606,1.4846215519629e-11,0.212903225806452,NA,1.72199206058312e-08,"MLM","NYC","Cotyledon_RedvsYellow",10.8283842391689,7.76396885523596,"Significant",-0.269681519618483
"Lcu.1GRN.Chr1p508807256",1,508807256,1.59874263257474e-11,0.0509259259259259,NA,3.16331919465451e-08,"GLM","NYC","DTF_Nepal_2017",10.7962214438515,7.49985698339793,"Significant",11.1583429424127
"Lcu.1GRN.Chr1p508807318",1,508807318,1.59874263257474e-11,0.0509259259259259,NA,3.16331919465451e-08,"GLM","NYC","DTF_Nepal_2017",10.7962214438515,7.49985698339793,"Significant",11.1583429424127
"Lcu.1GRN.Chr1p508807331",1,508807331,1.59874263257474e-11,0.0509259259259259,NA,3.16331919465451e-08,"GLM","NYC","DTF_Nepal_2017",10.7962214438515,7.49985698339793,"Significant",11.1583429424127
"Lcu.1GRN.Chr1p508839588",1,508839588,1.59874263257474e-11,0.0509259259259259,NA,3.16331919465451e-08,"GLM","NYC","DTF_Nepal_2017",10.7962214438515,7.49985698339793,"Significant",11.1583429424127
"Lcu.1GRN.Chr1p509513497",1,509513497,1.59874263257474e-11,0.0509259259259259,NA,3.16331919465451e-08,"GLM","NYC","DTF_Nepal_2017",10.7962214438515,7.49985698339793,"Significant",11.1583429424127
"Lcu.1GRN.Chr1p509513522",1,509513522,1.59874263257474e-11,0.0509259259259259,NA,3.16331919465451e-08,"GLM","NYC","DTF_Nepal_2017",10.7962214438515,7.49985698339793,"Significant",11.1583429424127
"Lcu.1GRN.Chr1p509513568",1,509513568,1.59874263257474e-11,0.0509259259259259,NA,3.16331919465451e-08,"GLM","NYC","DTF_Nepal_2017",10.7962214438515,7.49985698339793,"Significant",11.1583429424127
"Lcu.1GRN.Chr1p509824560",1,509824560,1.59874263257474e-11,0.0509259259259259,NA,3.16331919465451e-08,"GLM","NYC","DTF_Nepal_2017",10.7962214438515,7.49985698339793,"Significant",11.1583429424127
"Lcu.1GRN.Chr7p643450163",7,643450163,1.83938048972204e-11,0.203703703703704,NA,3.61816898939376e-08,"GLM","NYC","DTF_Nepal_2017",10.735328424381,7.4415111529413,"Significant",7.24528749645287
"Lcu.1GRN.Chr4p501033252",4,501033252,1.86438733085891e-11,0.171296296296296,NA,3.64603705418034e-08,"GLM","NYC","DTF_Nepal_2017",10.729463856907,7.43817892198267,"Significant",-9.88495377746563
"Lcu.1GRN.Chr1p363532953",1,363532953,1.88150361895077e-11,0.182258064516129,NA,7.91094659744517e-07,"BLINK","NYC","Cotyledon_RedvsYellow",10.7254949420059,6.10177154716598,"Significant",-0.0693896580410505
"Lcu.1GRN.Chr2p564729500",2,564729500,2.16484310697507e-11,0.242283950617284,NA,4.20914324487793e-08,"GLM","NYC","DTF_Nepal_2017",10.6645735728644,7.37580629416135,"Significant",-8.05839718273251
"Lcu.1GRN.Chr3p328593833",3,328593833,2.20558104511409e-11,0.0524691358024691,NA,4.26370505403386e-08,"GLM","NYC","DTF_Nepal_2017",10.6564769792371,7.37021284568785,"Significant",10.5701926955799
"Lcu.1GRN.Chr1p360343556",1,360343556,2.22499071116557e-11,0.179032258064516,NA,2.5718675276379e-08,"MLM","NYC","Cotyledon_RedvsYellow",10.6526717977608,7.58975140491482,"Significant",-0.251702448389868
"Lcu.1GRN.Chr3p23170501",3,23170501,2.2515736758118e-11,0.111111111111111,NA,4.32774332921021e-08,"GLM","NYC","DTF_Nepal_2017",10.6475138375196,7.36373850437403,"Significant",7.39287327196155
"Lcu.1GRN.Chr5p2202514",5,2202514,2.3180793165984e-11,0.138888888888889,NA,4.43025787208099e-08,"GLM","NYC","DTF_Nepal_2017",10.634871708074,7.3535709940563,"Significant",11.5687360390591
"Lcu.1GRN.Chr1p359991345",1,359991345,2.32317993857209e-11,0.243548387096774,NA,2.67616803560849e-08,"MLM","NYC","Cotyledon_RedvsYellow",10.6339171512404,7.57248662085699,"Significant",-0.237449226892735
"Lcu.1GRN.Chr3p347835111",3,347835111,2.34115030988594e-11,0.427469135802469,NA,4.44907178692318e-08,"GLM","NYC","DTF_Nepal_2017",10.6305707022118,7.35173058674171,"Significant",6.25327481068479
"Lcu.1GRN.Chr1p493147992",1,493147992,2.39164010251455e-11,0.0540123456790124,NA,4.49423914169001e-08,"GLM","NYC","DTF_Nepal_2017",10.621304173033,7.34734382218099,"Significant",10.684581338624
"Lcu.1GRN.Chr1p493148203",1,493148203,2.39164010251455e-11,0.0540123456790124,NA,4.49423914169001e-08,"GLM","NYC","DTF_Nepal_2017",10.621304173033,7.34734382218099,"Significant",10.684581338624
"Lcu.1GRN.Chr1p508843061",1,508843061,2.46060503437903e-11,0.0524691358024691,NA,4.59814629777206e-08,"GLM","NYC","DTF_Nepal_2017",10.6089580917648,7.33741721503621,"Significant",10.9714557230589
"Lcu.1GRN.Chr1p361546354",1,361546354,2.46176655941446e-11,0.22741935483871,NA,2.82613321600875e-08,"MLM","NYC","Cotyledon_RedvsYellow",10.6087531320565,7.54880737057878,"Significant",-0.22890529200983
"Lcu.1GRN.Chr1p353678352",1,353678352,2.60958138976775e-11,0.22258064516129,NA,2.98563626983676e-08,"MLM","NYC","Cotyledon_RedvsYellow",10.5834291534643,7.52496310204456,"Significant",-0.308303034162251
"Lcu.1GRN.Chr2p49581731",2,49581731,2.70600298278351e-11,0.287037037037037,NA,7.34510801305127e-07,"GLM","NYC","DTF_Sask_2017",10.5676717290223,6.13400181333496,"Significant",1.91437782961648
"Lcu.1GRN.Chr2p48482862",2,48482862,2.83875660126191e-11,0.21141975308642,NA,7.34510801305127e-07,"GLM","NYC","DTF_Sask_2017",10.54687184286,6.13400181333496,"Significant",1.88969651845147
"Lcu.1GRN.Chr7p134640865",7,134640865,2.91367451780881e-11,0.0787037037037037,NA,5.41471799188838e-08,"GLM","NYC","DTF_Nepal_2017",10.5355589642388,7.26642415727615,"Significant",14.0792167865438
"Lcu.1GRN.Chr3p448489765",3,448489765,2.97448137111486e-11,0.112654320987654,NA,2.00103475071559e-06,"BLINK","NYC","DTF_Sask_2017",10.5265887466742,5.69874536917839,"Significant",-1.27760913146922
"Lcu.1GRN.Chr2p610338751",2,610338751,3.02683876406842e-11,0.246913580246914,NA,5.59411359644727e-08,"GLM","NYC","DTF_Nepal_2017",10.5190107127535,7.2522687189067,"Significant",-6.29413043042791
"Lcu.1GRN.Chr1p363514990",1,363514990,3.05210854918857e-11,0.12258064516129,NA,3.48009693683021e-08,"MLM","NYC","Cotyledon_RedvsYellow",10.5154000246243,7.45840865877063,"Significant",-0.323074062222734
"Lcu.1GRN.Chr7p52450358",7,52450358,3.06625413846282e-11,0.0771604938271605,NA,5.6359929278269e-08,"GLM","NYC","DTF_Nepal_2017",10.5133918526265,7.24902956052501,"Significant",8.49726288155523
"Lcu.1GRN.Chr1p367608441",1,367608441,3.14906139357492e-11,0.403225806451613,NA,3.5785146411237e-08,"MLM","NYC","Cotyledon_RedvsYellow",10.5018188723482,7.44629720157531,"Significant",-0.195314430630778
"Lcu.1GRN.Chr1p364495473",1,364495473,3.1747548601575e-11,0.132258064516129,NA,3.59556487557777e-08,"MLM","NYC","Cotyledon_RedvsYellow",10.4982898032826,7.44423287076792,"Significant",-0.317861851633087
"Lcu.1GRN.Chr6p396744138",6,396744138,3.2052465835918e-11,0.0895061728395061,NA,5.85945205208164e-08,"GLM","NYC","DTF_Nepal_2017",10.4941385540472,7.2321429952249,"Significant",10.9148928655866
"Lcu.1GRN.Chr2p44148578",2,44148578,3.23577085222987e-11,0.149691358024691,NA,5.88327856352436e-08,"GLM","NYC","DTF_Nepal_2017",10.4900222414281,7.2303805879992,"Significant",6.75565869881689
"Lcu.1GRN.Chr3p422982654",3,422982654,3.3135809613026e-11,0.134259259259259,NA,5.99236175919608e-08,"GLM","NYC","DTF_Nepal_2017",10.4797024137503,7.22240197613633,"Significant",6.93209785512113
"Lcu.1GRN.Chr2p44997888",2,44997888,3.33604846998105e-11,0.314814814814815,NA,8.0152615407294e-07,"GLM","NYC","DTF_Sask_2017",10.4767676480546,6.09608230190093,"Significant",1.93077880600197
"Lcu.1GRN.Chr2p43391650",2,43391650,3.38804198415675e-11,0.175925925925926,NA,6.09425410740564e-08,"GLM","NYC","DTF_Nepal_2017",10.4700512165897,7.21507944129429,"Significant",7.17809951304901
"Lcu.1GRN.Chr1p367562739",1,367562739,3.41815222993024e-11,0.291935483870968,NA,3.85823359437901e-08,"MLM","NYC","Cotyledon_RedvsYellow",10.4662085995596,7.41361148180394,"Significant",-0.213247535604082
"Lcu.1GRN.Chr3p389172472",3,389172472,3.42386200965288e-11,0.174382716049383,NA,6.12592655638782e-08,"GLM","NYC","DTF_Nepal_2017",10.4654837468144,7.21282821424618,"Significant",8.50446378844947
"Lcu.1GRN.Chr2p40280620",2,40280620,3.44386564303743e-11,0.451863354037267,NA,9.65335628959643e-07,"BLINK","NYC","DTF_Sask_2017_b",10.4629538001991,6.01532166441487,"Significant",-0.907757766721645
"Lcu.1GRN.Chr1p361407429",1,361407429,3.46267812349109e-11,0.209677419354839,NA,3.89542024202116e-08,"MLM","NYC","Cotyledon_RedvsYellow",10.4605878768273,7.40944568331982,"Significant",-0.237897825134852
"Lcu.1GRN.Chr1p368656438",1,368656438,3.4850298218398e-11,0.470967741935484,NA,3.90016403924466e-08,"MLM","NYC","Cotyledon_RedvsYellow",10.4577935012374,7.40891712634772,"Significant",-0.190218608186455
"Lcu.1GRN.Chr1p498741745",1,498741745,3.49008486508083e-11,0.0967741935483871,NA,3.90016403924466e-08,"MLM","NYC","Cotyledon_RedvsYellow",10.4571640125857,7.40891712634772,"Significant",-0.471893404111387
"Lcu.1GRN.Chr4p500594902",4,500594902,3.51197175043056e-11,0.455246913580247,NA,6.25032487712739e-08,"GLM","NYC","DTF_Nepal_2017",10.4544489861263,7.20409740846763,"Significant",5.4407340553588
"Lcu.1GRN.Chr1p509094154",1,509094154,3.68183477922278e-11,0.0540123456790124,NA,6.51814589043594e-08,"GLM","NYC","DTF_Nepal_2017",10.4339357041758,7.18587592329674,"Significant",10.812047986426
"Lcu.1GRN.Chr1p364825784",1,364825784,3.70408138995324e-11,0.416129032258065,NA,4.12559849302782e-08,"MLM","NYC","Cotyledon_RedvsYellow",10.4313194791123,7.38451304023762,"Significant",-0.214913219124532
"Lcu.1GRN.Chr3p344773227",3,344773227,3.75441220475417e-11,0.182098765432099,NA,6.61183439830653e-08,"GLM","NYC","DTF_Nepal_2017",10.4254580469991,7.17967803241492,"Significant",7.21558719172742
"Lcu.1GRN.Chr3p273421379",3,273421379,3.8342826076687e-11,0.0564516129032258,NA,1.84246591127671e-06,"FarmCPU","NYC","Cotyledon_RedvsYellow",10.4163158803918,5.73460053857413,"Significant",0.107760612336581
"Lcu.1GRN.Chr1p363891019",1,363891019,3.84717948997202e-11,0.12741935483871,NA,4.27083902146343e-08,"MLM","NYC","Cotyledon_RedvsYellow",10.4148575512326,7.36948679790301,"Significant",-0.300513828879184
"Lcu.1GRN.Chr2p47411964",2,47411964,4.03803359395994e-11,0.25462962962963,NA,8.70561569696113e-07,"GLM","NYC","DTF_Sask_2017",10.3938300723139,6.0602005083678,"Significant",1.74597445794672
"Lcu.1GRN.Chr4p426087127",4,426087127,4.06568674559503e-11,0.140432098765432,NA,7.1227231956019e-08,"GLM","NYC","DTF_Nepal_2017",10.3908660860768,7.1473539329485,"Significant",8.24633794813383
"Lcu.1GRN.Chr1p352115312",1,352115312,4.37953822138943e-11,0.22258064516129,NA,4.84582938458585e-08,"MLM","NYC","Cotyledon_RedvsYellow",10.3585716791021,7.31463188087893,"Significant",-0.297751207769134
"Lcu.1GRN.Chr2p49581730",2,49581730,4.45057973613577e-11,0.285493827160494,NA,8.70561569696113e-07,"GLM","NYC","DTF_Sask_2017",10.3515834137818,6.0602005083678,"Significant",1.90670610158989
"Lcu.1GRN.Chr6p396678138",6,396678138,4.45417228605777e-11,0.192901234567901,NA,7.7628837789865e-08,"GLM","NYC","DTF_Nepal_2017",10.3512329885958,7.10997691577175,"Significant",7.03129578256585
"Lcu.1GRN.Chr5p1561816",5,1561816,4.5610943656536e-11,0.134259259259259,NA,7.90825581696807e-08,"GLM","NYC","DTF_Nepal_2017",10.340930942436,7.10191929053431,"Significant",15.7750093761956
"Lcu.1GRN.Chr6p417801481",6,417801481,4.57976660520866e-11,0.174382716049383,NA,8.70561569696113e-07,"GLM","NYC","DTF_Sask_2017",10.3391566540164,6.0602005083678,"Significant",1.9585259901761
"Lcu.1GRN.Chr1p368965903",1,368965903,4.64041507049464e-11,0.391935483870968,NA,5.11764752792482e-08,"MLM","NYC","Cotyledon_RedvsYellow",10.3334431714358,7.29092962895072,"Significant",-0.201178937938218
"Lcu.1GRN.Chr1p527016266",1,527016266,4.65863424608539e-11,0.453703703703704,NA,8.70561569696113e-07,"GLM","NYC","DTF_Sask_2017",10.3317413850964,6.0602005083678,"Significant",1.73115807318447
"Lcu.1GRN.Chr2p16758399",2,16758399,4.76737379611885e-11,0.0540123456790124,NA,7.93855060237182e-08,"GLM","NYC","DTF_Nepal_2017",10.321720794952,7.10025878256679,"Significant",10.4318931382584
"Lcu.1GRN.Chr2p16848476",2,16848476,4.76737379611885e-11,0.0540123456790124,NA,7.93855060237182e-08,"GLM","NYC","DTF_Nepal_2017",10.321720794952,7.10025878256679,"Significant",10.4318931382584
"Lcu.1GRN.Chr2p16941992",2,16941992,4.76737379611885e-11,0.0540123456790124,NA,7.93855060237182e-08,"GLM","NYC","DTF_Nepal_2017",10.321720794952,7.10025878256679,"Significant",10.4318931382584
"Lcu.1GRN.Chr2p16944888",2,16944888,4.76737379611885e-11,0.0540123456790124,NA,7.93855060237182e-08,"GLM","NYC","DTF_Nepal_2017",10.321720794952,7.10025878256679,"Significant",10.4318931382584
"Lcu.1GRN.Chr2p16945069",2,16945069,4.76737379611885e-11,0.0540123456790124,NA,7.93855060237182e-08,"GLM","NYC","DTF_Nepal_2017",10.321720794952,7.10025878256679,"Significant",10.4318931382584
"Lcu.1GRN.Chr2p16978564",2,16978564,4.76737379611885e-11,0.0540123456790124,NA,7.93855060237182e-08,"GLM","NYC","DTF_Nepal_2017",10.321720794952,7.10025878256679,"Significant",10.4318931382584
"Lcu.1GRN.Chr2p16980885",2,16980885,4.76737379611885e-11,0.0540123456790124,NA,7.93855060237182e-08,"GLM","NYC","DTF_Nepal_2017",10.321720794952,7.10025878256679,"Significant",10.4318931382584
"Lcu.1GRN.Chr2p17097986",2,17097986,4.76737379611885e-11,0.0540123456790124,NA,7.93855060237182e-08,"GLM","NYC","DTF_Nepal_2017",10.321720794952,7.10025878256679,"Significant",10.4318931382584
"Lcu.1GRN.Chr1p447312201",1,447312201,4.80849948909411e-11,0.341049382716049,NA,7.96758890467053e-08,"GLM","NYC","DTF_Nepal_2017",10.3179904257619,7.09867308184326,"Significant",6.40621176049217
"Lcu.1GRN.Chr1p364668388",1,364668388,4.81388560068391e-11,0.454838709677419,NA,5.29160868576877e-08,"MLM","NYC","Cotyledon_RedvsYellow",10.3175042347054,7.27641227935508,"Significant",-0.263942834871588
"Lcu.1GRN.Chr4p426391993",4,426391993,4.89137342875236e-11,0.138888888888889,NA,7.98687672868517e-08,"GLM","NYC","DTF_Nepal_2017",10.3105691799807,7.09762301851794,"Significant",8.23009016133483
"Lcu.1GRN.Chr4p426395888",4,426395888,4.89137342875236e-11,0.138888888888889,NA,7.98687672868517e-08,"GLM","NYC","DTF_Nepal_2017",10.3105691799807,7.09762301851794,"Significant",8.23009016133483
"Lcu.1GRN.Chr4p426406494",4,426406494,4.89137342875236e-11,0.138888888888889,NA,7.98687672868517e-08,"GLM","NYC","DTF_Nepal_2017",10.3105691799807,7.09762301851794,"Significant",8.23009016133483
"Lcu.1GRN.Chr6p439877755",6,439877755,5.12037509782694e-11,0.12962962962963,NA,8.28040966601324e-08,"GLM","NYC","DTF_Nepal_2017",10.2906982232137,7.08194817634461,"Significant",10.203266402656
"Lcu.1GRN.Chr6p439877836",6,439877836,5.12037509782694e-11,0.12962962962963,NA,8.28040966601324e-08,"GLM","NYC","DTF_Nepal_2017",10.2906982232137,7.08194817634461,"Significant",10.203266402656
"Lcu.1GRN.Chr5p2597584",5,2597584,5.36664496837486e-11,0.151234567901235,NA,8.59601080036832e-08,"GLM","NYC","DTF_Nepal_2017",10.2702971346134,7.06570304751547,"Significant",12.4163314542645
"Lcu.1GRN.Chr5p2597585",5,2597585,5.36664496837486e-11,0.151234567901235,NA,8.59601080036832e-08,"GLM","NYC","DTF_Nepal_2017",10.2702971346134,7.06570304751547,"Significant",12.4163314542645
"Lcu.1GRN.Chr6p436912932",6,436912932,5.5721048710155e-11,0.137345679012346,NA,8.8828066310373e-08,"GLM","NYC","DTF_Nepal_2017",10.2539807184371,7.05144979190292,"Significant",12.0325773918582
"Lcu.1GRN.Chr1p367801365",1,367801365,5.58481085074765e-11,0.319354838709677,NA,6.11904257795907e-08,"MLM","NYC","Cotyledon_RedvsYellow",10.2529915312086,7.21331652485396,"Significant",-0.210956164216745
"Lcu.1GRN.Chr3p180199297",3,180199297,5.69169063506263e-11,0.175925925925926,NA,9.03064577284959e-08,"GLM","NYC","DTF_Nepal_2017",10.2447587134958,7.04428119259266,"Significant",7.09708142847455
"Lcu.1GRN.Chr1p559749511",1,559749511,5.81171807672193e-11,0.182098765432099,NA,9.17779424559965e-08,"GLM","NYC","DTF_Nepal_2017",10.2356954612518,7.03726168285865,"Significant",6.32243889967918
"Lcu.1GRN.Chr3p328792635",3,328792635,5.90948948319405e-11,0.296583850931677,NA,1.52904403768733e-06,"BLINK","NYC","DTF_Sask_2017_b",10.2284500359053,5.81558000638023,"Significant",-0.937021746263913
"Lcu.1GRN.Chr1p364633717",1,364633717,5.92757071944659e-11,0.480645161290323,NA,6.47350383177952e-08,"MLM","NYC","Cotyledon_RedvsYellow",10.2271232559272,7.18886059059579,"Significant",0.234345926140026
"Lcu.1GRN.Chr3p25230676",3,25230676,5.95043544998534e-11,0.0879629629629629,NA,9.35294449067859e-08,"GLM","NYC","DTF_Nepal_2017",10.2254512516486,7.02905164316591,"Significant",8.60866524474466
"Lcu.1GRN.Chr2p49087918",2,49087918,5.99591402136126e-11,0.21141975308642,NA,1.0614882166438e-06,"GLM","NYC","DTF_Sask_2017",10.2221446033615,5.97408482248242,"Significant",1.88665056406046
"Lcu.1GRN.Chr5p1658484",5,1658484,6.01817473222027e-11,0.123456790123457,NA,2.02431538015273e-05,"MLM","NYC","DTF_Nepal_2017",10.2205352070683,4.69372182523641,"Significant",11.7227587619725
"Lcu.1GRN.Chr7p52436002",7,52436002,6.04696358076587e-11,0.0833333333333334,NA,9.45729720969304e-08,"GLM","NYC","DTF_Nepal_2017",10.218462647025,7.02423296239636,"Significant",8.23351675788547
"Lcu.1GRN.Chr3p345919091",3,345919091,6.07305769380973e-11,0.398148148148148,NA,9.45729720969304e-08,"GLM","NYC","DTF_Nepal_2017",10.2165925930773,7.02423296239636,"Significant",5.70373346380023
"Lcu.1GRN.Chr4p426002376",4,426002376,6.30866933764658e-11,0.140432098765432,NA,9.73407421603746e-08,"GLM","NYC","DTF_Nepal_2017",10.2000622350919,7.01170534686458,"Significant",8.13794063280932
"Lcu.1GRN.Chr4p426086916",4,426086916,6.30866933764658e-11,0.140432098765432,NA,9.73407421603746e-08,"GLM","NYC","DTF_Nepal_2017",10.2000622350919,7.01170534686458,"Significant",8.13794063280932
"Lcu.1GRN.Chr1p367960224",1,367960224,6.33686863529692e-11,0.288709677419355,NA,6.89810191666317e-08,"MLM","NYC","Cotyledon_RedvsYellow",10.1981252958031,7.16127039339608,"Significant",-0.218788107194745
"Lcu.1GRN.Chr2p50175386",2,50175386,6.58687533358423e-11,0.282407407407407,NA,1.09928224500905e-06,"GLM","NYC","DTF_Sask_2017",10.1813205561499,5.95889078645503,"Significant",1.88136806702684
"Lcu.1GRN.Chr2p45386213",2,45386213,7.16610738551181e-11,0.209876543209877,NA,1.09928224500905e-06,"GLM","NYC","DTF_Sask_2017",10.1447166881339,5.95889078645503,"Significant",1.84767633137244
"Lcu.1GRN.Chr2p49582172",2,49582172,7.18982819069618e-11,0.283950617283951,NA,1.09928224500905e-06,"GLM","NYC","DTF_Sask_2017",10.1432814874647,5.95889078645503,"Significant",1.86195078225498
"Lcu.1GRN.Chr3p387945008",3,387945008,7.35068497035669e-11,0.0694444444444444,NA,1.12900815133515e-07,"GLM","NYC","DTF_Nepal_2017",10.1336721894892,6.94730292249744,"Significant",8.75602305302618
"Lcu.1GRN.Chr1p366601445",1,366601445,7.44878326041085e-11,0.470967741935484,NA,8.08233831920844e-08,"MLM","NYC","Cotyledon_RedvsYellow",10.1279146623451,7.09246297434745,"Significant",-0.184307279524431
"Lcu.1GRN.Chr1p366878393",1,366878393,7.47476150147826e-11,0.482258064516129,NA,8.08444727320816e-08,"MLM","NYC","Cotyledon_RedvsYellow",10.1264026598924,7.09234966708737,"Significant",-0.189520323193055
"Lcu.1GRN.Chr5p1816847",5,1816847,7.4996664586302e-11,0.138888888888889,NA,1.14665468531367e-07,"GLM","NYC","DTF_Nepal_2017",10.1249580510613,6.94056735005163,"Significant",12.6366357961649
"Lcu.1GRN.Chr1p363414745",1,363414745,7.7520768565705e-11,0.188709677419355,NA,8.35750908978862e-08,"MLM","NYC","Cotyledon_RedvsYellow",10.1105819302015,7.07792314238805,"Significant",-0.231496185246539
"Lcu.1GRN.Chr2p51265442",2,51265442,7.79200891715655e-11,0.265432098765432,NA,1.13955420149443e-06,"GLM","NYC","DTF_Sask_2017",10.1083505591236,5.9432650133093,"Significant",1.78920826630008
"Lcu.1GRN.Chr3p343653359",3,343653359,8.05564813928831e-11,0.179012345679012,NA,1.22608787224796e-07,"GLM","NYC","DTF_Nepal_2017",10.0938995114841,6.91147840333731,"Significant",6.91139043566875
"Lcu.1GRN.Chr1p367666926",1,367666926,8.13258097823791e-11,0.262903225806452,NA,8.73971842142796e-08,"MLM","NYC","Cotyledon_RedvsYellow",10.0897716036407,7.0585025593553,"Significant",-0.2470776341399
"Lcu.1GRN.Chr4p501052678",4,501052678,8.26166847151425e-11,0.262345679012346,NA,1.25178046790893e-07,"GLM","NYC","DTF_Nepal_2017",10.0829322366023,6.90247182922109,"Significant",-5.60790668972822
"Lcu.1GRN.Chr2p521819856",2,521819856,8.4040224952387e-11,0.0509259259259259,NA,1.26198028332855e-07,"GLM","NYC","DTF_Nepal_2017",10.0755127937786,6.89894743028087,"Significant",10.6448086921125
"Lcu.1GRN.Chr2p522373325",2,522373325,8.4040224952387e-11,0.0509259259259259,NA,1.26198028332855e-07,"GLM","NYC","DTF_Nepal_2017",10.0755127937786,6.89894743028087,"Significant",10.6448086921125
"Lcu.1GRN.Chr4p497141127",4,497141127,8.4506207499791e-11,0.0817901234567902,NA,1.26333775547032e-07,"GLM","NYC","DTF_Nepal_2017",10.0731113882824,6.89848052456188,"Significant",7.91759241614398
"Lcu.1GRN.Chr4p501053006",4,501053006,8.57714788736325e-11,0.260802469135803,NA,1.27657942629589e-07,"GLM","NYC","DTF_Nepal_2017",10.0666571017433,6.89395215905878,"Significant",-5.5917672947927
"Lcu.1GRN.Chr1p362772741",1,362772741,8.64709960102283e-11,0.148387096774194,NA,9.26305398566002e-08,"MLM","NYC","Cotyledon_RedvsYellow",10.0631295386044,7.03324580484575,"Significant",-0.282034639218652
"Lcu.1GRN.Chr2p48822438",2,48822438,8.73431066433961e-11,0.305555555555556,NA,1.22413911467997e-06,"GLM","NYC","DTF_Sask_2017",10.0587713650356,5.91216922491532,"Significant",1.75056218380099
"Lcu.1GRN.Chr7p52436405",7,52436405,8.99669053985775e-11,0.111111111111111,NA,1.33312326291645e-07,"GLM","NYC","DTF_Nepal_2017",10.0459172177384,6.87512969309964,"Significant",7.63955764260993
"Lcu.1GRN.Chr2p33687376",2,33687376,9.16631487363094e-11,0.0524691358024691,NA,1.34054166743418e-07,"GLM","NYC","DTF_Nepal_2017",10.0378052283119,6.87271968249759,"Significant",10.4897870278885
"Lcu.1GRN.Chr2p33687503",2,33687503,9.16631487363094e-11,0.0524691358024691,NA,1.34054166743418e-07,"GLM","NYC","DTF_Nepal_2017",10.0378052283119,6.87271968249759,"Significant",10.4897870278885
"Lcu.1GRN.Chr2p33917286",2,33917286,9.16631487363094e-11,0.0524691358024691,NA,1.34054166743418e-07,"GLM","NYC","DTF_Nepal_2017",10.0378052283119,6.87271968249759,"Significant",10.4897870278885
"Lcu.1GRN.Chr2p50175516",2,50175516,9.52740025965379e-11,0.296296296296296,NA,1.24375467565327e-06,"GLM","NYC","DTF_Sask_2017",10.0210255890694,5.9052652735977,"Significant",1.83458317720198
"Lcu.1GRN.Chr1p509484731",1,509484731,9.55304136950112e-11,0.145061728395062,NA,1.39105102438744e-07,"GLM","NYC","DTF_Nepal_2017",10.0198583415354,6.85665693959567,"Significant",7.51767111332595
"Lcu.1GRN.Chr1p368085276",1,368085276,9.57221046376485e-11,0.412903225806452,NA,1.02215102129054e-07,"MLM","NYC","Cotyledon_RedvsYellow",10.0189877611402,6.99048493309793,"Significant",-0.217410185646571
"Lcu.1GRN.Chr2p50068722",2,50068722,9.61379135497386e-11,0.299382716049383,NA,1.24375467565327e-06,"GLM","NYC","DTF_Sask_2017",10.0171053074588,5.9052652735977,"Significant",1.81255873446412
"Lcu.1GRN.Chr4p501049966",4,501049966,9.71064443902885e-11,0.263888888888889,NA,1.40357350109514e-07,"GLM","NYC","DTF_Nepal_2017",10.0127519475351,6.8527648396849,"Significant",-5.55332892858451
"Lcu.1GRN.Chr4p501051555",4,501051555,9.7224943515615e-11,0.265432098765432,NA,1.40357350109514e-07,"GLM","NYC","DTF_Nepal_2017",10.0122223004908,6.8527648396849,"Significant",-5.57259987782459
"Lcu.1GRN.Chr2p43069702",2,43069702,1.00913945807925e-10,0.162037037037037,NA,1.45060347049464e-07,"GLM","NYC","DTF_Nepal_2017",9.99604881226742,6.83845128784569,"Significant",7.59391774386495
"Lcu.1GRN.Chr4p426392054",4,426392054,1.06622326168407e-10,0.143518518518518,NA,1.52613753133143e-07,"GLM","NYC","DTF_Nepal_2017",9.97215184674931,6.81640632718918,"Significant",8.19477321545151
"Lcu.1GRN.Chr1p364633986",1,364633986,1.0824329074264e-10,0.482258064516129,NA,1.15219844864651e-07,"MLM","NYC","Cotyledon_RedvsYellow",9.96559901306929,6.93847271385582,"Significant",0.227895158504147
"Lcu.1GRN.Chr3p422983431",3,422983431,1.09230349700485e-10,0.12962962962963,NA,1.55684258634335e-07,"GLM","NYC","DTF_Nepal_2017",9.96165667595229,6.80775529709052,"Significant",6.83117793660892
"Lcu.1GRN.Chr2p43390910",2,43390910,1.12262583896821e-10,0.132716049382716,NA,1.59330922184059e-07,"GLM","NYC","DTF_Nepal_2017",9.9497649660428,6.79769993022103,"Significant",7.28116125709914
"Lcu.1GRN.Chr2p85174208",2,85174208,1.15052324344475e-10,0.464506172839506,NA,1.3399331989793e-06,"GLM","NYC","DTF_Sask_2017",9.93910460307285,5.87291685240969,"Significant",-1.5743233491409
"Lcu.1GRN.Chr2p44213516",2,44213516,1.15534334191676e-10,0.12962962962963,NA,1.63285451214502e-07,"GLM","NYC","DTF_Nepal_2017",9.93728893409099,6.78705250931563,"Significant",7.98096741217478
"Lcu.1GRN.Chr2p44146225",2,44146225,1.1691151946004e-10,0.104938271604938,NA,1.645404898168e-07,"GLM","NYC","DTF_Nepal_2017",9.93214269507038,6.78372721418665,"Significant",7.27061554475927
"Lcu.1GRN.Chr3p344507672",3,344507672,1.18024182730408e-10,0.182098765432099,NA,1.64727967935598e-07,"GLM","NYC","DTF_Nepal_2017",9.92802899819942,6.78323265894242,"Significant",6.47729997965945
"Lcu.1GRN.Chr3p344507676",3,344507676,1.18024182730408e-10,0.182098765432099,NA,1.64727967935598e-07,"GLM","NYC","DTF_Nepal_2017",9.92802899819942,6.78323265894242,"Significant",6.47729997965945
"Lcu.1GRN.Chr4p426420270",4,426420270,1.18983568608172e-10,0.12962962962963,NA,1.65380768686053e-07,"GLM","NYC","DTF_Nepal_2017",9.92451300966223,6.78151499381079,"Significant",8.56155935075049
"Lcu.1GRN.Chr2p45379258",2,45379258,1.19152403750022e-10,0.270061728395062,NA,1.3399331989793e-06,"GLM","NYC","DTF_Sask_2017",9.9238971918837,5.87291685240969,"Significant",1.69170152387026
"Lcu.1GRN.Chr2p50743880",2,50743880,1.19340426662233e-10,0.282407407407407,NA,1.3399331989793e-06,"GLM","NYC","DTF_Sask_2017",9.92321241381283,5.87291685240969,"Significant",1.84716660138682
"Lcu.1GRN.Chr4p501049648",4,501049648,1.21043262269829e-10,0.263888888888889,NA,1.67551271604591e-07,"GLM","NYC","DTF_Nepal_2017",9.91705938003863,6.77585227180507,"Significant",-5.53476410821162
"Lcu.1GRN.Chr2p47410520",2,47410520,1.23198869815731e-10,0.219135802469136,NA,1.3399331989793e-06,"GLM","NYC","DTF_Sask_2017",9.90939327622227,5.87291685240969,"Significant",1.72737629000221
"Lcu.1GRN.Chr2p48689718",2,48689718,1.23489905871736e-10,0.12962962962963,NA,1.3399331989793e-06,"GLM","NYC","DTF_Sask_2017",9.90836854040729,5.87291685240969,"Significant",2.85177358999744
"Lcu.1GRN.Chr5p142915008",5,142915008,1.23504556741112e-10,0.282407407407407,NA,1.70257611628433e-07,"GLM","NYC","DTF_Nepal_2017",9.90831701867142,6.76889346317827,"Significant",5.74446087559301
"Lcu.1GRN.Chr1p359850701",1,359850701,1.24182552244008e-10,0.204838709677419,NA,1.31769440222903e-07,"MLM","NYC","Cotyledon_RedvsYellow",9.90593941862356,6.88018529900944,"Significant",-0.237483631354418
"Lcu.1GRN.Chr3p344508975",3,344508975,1.2568303843622e-10,0.180555555555556,NA,1.709855198954e-07,"GLM","NYC","DTF_Nepal_2017",9.90072332860356,6.76704066677625,"Significant",6.50438979617451
"Lcu.1GRN.Chr2p10278916",2,10278916,1.26065901036841e-10,0.0601851851851852,NA,1.709855198954e-07,"GLM","NYC","DTF_Nepal_2017",9.89940236778191,6.76704066677625,"Significant",9.52953421114057
"Lcu.1GRN.Chr2p10408286",2,10408286,1.26065901036841e-10,0.0601851851851852,NA,1.709855198954e-07,"GLM","NYC","DTF_Nepal_2017",9.89940236778191,6.76704066677625,"Significant",9.52953421114057
"Lcu.1GRN.Chr2p10422948",2,10422948,1.26065901036841e-10,0.0601851851851852,NA,1.709855198954e-07,"GLM","NYC","DTF_Nepal_2017",9.89940236778191,6.76704066677625,"Significant",9.52953421114057
"Lcu.1GRN.Chr1p361295000",1,361295000,1.34794640537687e-10,0.158064516129032,NA,1.42580090735032e-07,"MLM","NYC","Cotyledon_RedvsYellow",9.87032737509432,6.84594111324688,"Significant",-0.238215631464324
"Lcu.1GRN.Chr6p111399799",6,111399799,1.35829614870513e-10,0.240740740740741,NA,1.19460591477774e-05,"BLINK","NYC","DTF_Nepal_2017",9.8670055306988,4.92277533928845,"Significant",3.77989148947592
"Lcu.1GRN.Chr5p10369816",5,10369816,1.36579383612588e-10,0.185185185185185,NA,1.84501194890021e-07,"GLM","NYC","DTF_Nepal_2017",9.86461485159899,6.73400081686285,"Significant",-7.34302072006187
"Lcu.1GRN.Chr1p367115859",1,367115859,1.39688608109843e-10,0.364516129032258,NA,1.47188103912057e-07,"MLM","NYC","Cotyledon_RedvsYellow",9.85483901004018,6.83212728927926,"Significant",-0.20915373179319
"Lcu.1GRN.Chr1p362785754",1,362785754,1.40026201297566e-10,0.119354838709677,NA,1.47188103912057e-07,"MLM","NYC","Cotyledon_RedvsYellow",9.85379069279123,6.83212728927926,"Significant",-0.279418988822097
"Lcu.1GRN.Chr3p389104888",3,389104888,1.42059823321282e-10,0.0802469135802469,NA,1.19460591477774e-05,"BLINK","NYC","DTF_Nepal_2017",9.84752872979236,4.92277533928845,"Significant",4.77814935187776
"Lcu.1GRN.Chr3p404682948",3,404682948,1.4213251742783e-10,0.066358024691358,NA,1.91234753958587e-07,"GLM","NYC","DTF_Nepal_2017",9.84730655174248,6.71843317858264,"Significant",8.61452343049484
"Lcu.1GRN.Chr2p49022390",2,49022390,1.423135396102e-10,0.185185185185185,NA,1.4959243243145e-06,"GLM","NYC","DTF_Sask_2017",9.84675377947812,5.82509037596615,"Significant",2.29057995235161
"Lcu.1GRN.Chr4p501032112",4,501032112,1.45656144332749e-10,0.271604938271605,NA,1.95194901596708e-07,"GLM","NYC","DTF_Nepal_2017",9.83667119044912,6.70953153009829,"Significant",-5.53950148920222
"Lcu.1GRN.Chr1p509485446",1,509485446,1.5197440482105e-10,0.146604938271605,NA,2.02853867565247e-07,"GLM","NYC","DTF_Nepal_2017",9.81822954877221,6.69281670772188,"Significant",7.45498660063481
"Lcu.1GRN.Chr2p49962732",2,49962732,1.51980392971945e-10,0.296296296296296,NA,1.54340685738597e-06,"GLM","NYC","DTF_Sask_2017",9.81821243687985,5.81151957450315,"Significant",1.74029339834175
"Lcu.1GRN.Chr1p367807520",1,367807520,1.52746626798041e-10,0.491935483870968,NA,1.59935492633168e-07,"MLM","NYC","Cotyledon_RedvsYellow",9.81602837178376,6.79605514760928,"Significant",-0.286414239967222
"Lcu.1GRN.Chr1p362779158",1,362779158,1.53579762939032e-10,0.138709677419355,NA,1.59935492633168e-07,"MLM","NYC","Cotyledon_RedvsYellow",9.81366600711005,6.79605514760928,"Significant",-0.283033104737779
"Lcu.1GRN.Chr1p362779161",1,362779161,1.53579762939032e-10,0.138709677419355,NA,1.59935492633168e-07,"MLM","NYC","Cotyledon_RedvsYellow",9.81366600711005,6.79605514760928,"Significant",-0.283033104737779
"Lcu.1GRN.Chr2p45678256",2,45678256,1.56007673615792e-10,0.212962962962963,NA,1.54340685738597e-06,"GLM","NYC","DTF_Sask_2017",9.80685403929277,5.81151957450315,"Significant",1.734217669217
"Lcu.1GRN.Chr1p2944533",1,2944533,1.58584755495418e-10,0.0987654320987654,NA,2.10840626291412e-07,"GLM","NYC","DTF_Nepal_2017",9.79973856306144,6.67604570240538,"Significant",7.22698808031942
"Lcu.1GRN.Chr1p562272939",1,562272939,1.62561288519177e-10,0.214506172839506,NA,2.15141295941407e-07,"GLM","NYC","DTF_Nepal_2017",9.78898286700844,6.66727621965385,"Significant",5.989526026335
"Lcu.1GRN.Chr7p645201242",7,645201242,1.63098729854768e-10,0.100308641975309,NA,2.15141295941407e-07,"GLM","NYC","DTF_Nepal_2017",9.78754942105177,6.66727621965385,"Significant",7.25571694555299
"Lcu.1GRN.Chr4p7084038",4,7084038,1.65823005908357e-10,0.101851851851852,NA,2.17880418079595e-07,"GLM","NYC","DTF_Nepal_2017",9.78035521657265,6.66178180005263,"Significant",8.17782243624163
"Lcu.1GRN.Chr2p49094345",2,49094345,1.66255415464933e-10,0.304012345679012,NA,1.56290953313464e-06,"GLM","NYC","DTF_Sask_2017",9.77922419944902,5.80606615979111,"Significant",1.74503289701404
"Lcu.1GRN.Chr2p16760296",2,16760296,1.66995705521021e-10,0.058641975308642,NA,2.18567488245094e-07,"GLM","NYC","DTF_Nepal_2017",9.777294697071,6.66041443857043,"Significant",9.9443708461622
"Lcu.1GRN.Chr2p49083344",2,49083344,1.67271888124718e-10,0.223765432098765,NA,1.56290953313464e-06,"GLM","NYC","DTF_Sask_2017",9.7765770408557,5.80606615979111,"Significant",1.83843574435363
"Lcu.1GRN.Chr7p52435240",7,52435240,1.69351450741456e-10,0.103395061728395,NA,2.20791625703688e-07,"GLM","NYC","DTF_Nepal_2017",9.7712110786396,6.65601740277096,"Significant",7.56882043896007
"Lcu.1GRN.Chr4p496260635",4,496260635,1.71339820161113e-10,0.41820987654321,NA,2.22521472154954e-07,"GLM","NYC","DTF_Nepal_2017",9.76614169327197,6.65262807552135,"Significant",-5.38602416401315
"Lcu.1GRN.Chr1p367493859",1,367493859,1.72405531182041e-10,0.225806451612903,NA,1.78986207737992e-07,"MLM","NYC","Cotyledon_RedvsYellow",9.76344880508146,6.7471804334562,"Significant",-0.219760604447553
"Lcu.1GRN.Chr2p49552659",2,49552659,1.73055906745883e-10,0.299382716049383,NA,1.57325124822682e-06,"GLM","NYC","DTF_Sask_2017",9.76181357277341,5.80320191500854,"Significant",1.7502806209508
"Lcu.1GRN.Chr2p248742152",2,248742152,1.73643640108085e-10,0.285493827160494,NA,2.24646116508601e-07,"GLM","NYC","DTF_Nepal_2017",9.76034111858153,6.64850108472047,"Significant",6.53961062599495
"Lcu.1GRN.Chr6p439783371",6,439783371,1.77106984910235e-10,0.095679012345679,NA,2.28248832158241e-07,"GLM","NYC","DTF_Nepal_2017",9.75176431036186,6.64159143586827,"Significant",10.3552774627351
"Lcu.1GRN.Chr1p363516764",1,363516764,1.77400922215091e-10,0.104838709677419,NA,1.83605587700687e-07,"MLM","NYC","Cotyledon_RedvsYellow",9.75104412682738,6.73611410597438,"Significant",-0.336149612038721
"Lcu.1GRN.Chr3p437395323",3,437395323,1.80658741482096e-10,0.195652173913043,NA,6.07676388961083e-06,"FarmCPU","NYC","DTF_Sask_2017_b",9.74314101950648,5.21632763767461,"Significant",-0.959363853802301
"Lcu.1GRN.Chr6p396743846",6,396743846,1.80751979684989e-10,0.0910493827160493,NA,2.30580184265015e-07,"GLM","NYC","DTF_Nepal_2017",9.74291693739964,6.63717801809135,"Significant",10.4166431699398
"Lcu.1GRN.Chr2p561527709",2,561527709,1.81423241233605e-10,0.183641975308642,NA,2.30580184265015e-07,"GLM","NYC","DTF_Nepal_2017",9.7413070783952,6.63717801809135,"Significant",7.15761431090061
"Lcu.1GRN.Chr2p561719111",2,561719111,1.81423241233605e-10,0.183641975308642,NA,2.30580184265015e-07,"GLM","NYC","DTF_Nepal_2017",9.7413070783952,6.63717801809135,"Significant",7.15761431090061
"Lcu.1GRN.Chr2p610338867",2,610338867,1.81657977239828e-10,0.243827160493827,NA,2.30580184265015e-07,"GLM","NYC","DTF_Nepal_2017",9.74074552598641,6.63717801809135,"Significant",-5.93541289570089
"Lcu.1GRN.Chr2p50229472",2,50229472,1.83046329947418e-10,0.287037037037037,NA,1.6202827596164e-06,"GLM","NYC","DTF_Sask_2017",9.73743897423704,5.79040918902198,"Significant",1.81712754338849
"Lcu.1GRN.Chr6p396677953",6,396677953,1.85309874908023e-10,0.0895061728395061,NA,2.34331303357846e-07,"GLM","NYC","DTF_Nepal_2017",9.73210143710963,6.63016969190882,"Significant",10.4760530097951
"Lcu.1GRN.Chr1p367483630",1,367483630,1.88288828336232e-10,0.212903225806452,NA,1.94276528591943e-07,"MLM","NYC","Cotyledon_RedvsYellow",9.72517544703517,6.71157966527123,"Significant",-0.317111753574281
"Lcu.1GRN.Chr1p447345807",1,447345807,1.88520346434233e-10,0.330246913580247,NA,2.37498214865333e-07,"GLM","NYC","DTF_Nepal_2017",9.72464177083083,6.62433965036353,"Significant",6.23009123820805
"Lcu.1GRN.Chr3p344507722",3,344507722,1.89761548587856e-10,0.179012345679012,NA,2.38169861245715e-07,"GLM","NYC","DTF_Nepal_2017",9.72179178415259,6.6231131963495,"Significant",6.52702260107151
"Lcu.1GRN.Chr7p52435312",7,52435312,1.96554105011072e-10,0.100308641975309,NA,2.45778121339253e-07,"GLM","NYC","DTF_Nepal_2017",9.70651788155623,6.60945677972676,"Significant",7.6217375629941
"Lcu.1GRN.Chr5p1559537",5,1559537,1.98303472459917e-10,0.135802469135803,NA,2.4704720044787e-07,"GLM","NYC","DTF_Nepal_2017",9.70266968086794,6.60722006319505,"Significant",15.5264225733749
"Lcu.1GRN.Chr5p46953461",5,46953461,2.01663260100781e-10,0.114197530864197,NA,2.50305777897858e-07,"GLM","NYC","DTF_Nepal_2017",9.69537321625858,6.60152912530111,"Significant",8.67478387278675
"Lcu.1GRN.Chr5p145514621",5,145514621,2.02955470922975e-10,0.24537037037037,NA,2.50983540029222e-07,"GLM","NYC","DTF_Nepal_2017",9.69259923722852,6.60035475943084,"Significant",6.29255332021205
"Lcu.1GRN.Chr2p50174689",2,50174689,2.03259392850707e-10,0.280864197530864,NA,1.74220433682182e-06,"GLM","NYC","DTF_Sask_2017",9.69194937602183,5.75890090951789,"Significant",1.82596065960533
"Lcu.1GRN.Chr4p501049378",4,501049378,2.06587465729894e-10,0.297839506172839,NA,2.54539216429184e-07,"GLM","NYC","DTF_Nepal_2017",9.68489603194262,6.5942452971515,"Significant",-5.47462835384323
"Lcu.1GRN.Chr6p40079300",6,40079300,2.12358459092879e-10,0.246913580246914,NA,1.74220433682182e-06,"GLM","NYC","DTF_Sask_2017",9.67293043463003,5.75890090951789,"Significant",-2.14891854954686
"Lcu.1GRN.Chr6p40079329",6,40079329,2.12358459092879e-10,0.246913580246914,NA,1.74220433682182e-06,"GLM","NYC","DTF_Sask_2017",9.67293043463003,5.75890090951789,"Significant",-2.14891854954686
"Lcu.1GRN.Chr1p368965900",1,368965900,2.12808026661236e-10,0.403225806451613,NA,2.18903967902018e-07,"MLM","NYC","Cotyledon_RedvsYellow",9.67201199541392,6.65974636624233,"Significant",-0.189498459064932
"Lcu.1GRN.Chr2p16848942",2,16848942,2.19342476564521e-10,0.0570987654320988,NA,2.69268506622549e-07,"GLM","NYC","DTF_Nepal_2017",9.6588772572816,6.56981443827011,"Significant",9.69357171129559
"Lcu.1GRN.Chr2p50734066",2,50734066,2.19613131859958e-10,0.271604938271605,NA,1.75882405534139e-06,"GLM","NYC","DTF_Sask_2017",9.65834169462357,5.75477760318959,"Significant",1.83047283506542
"Lcu.1GRN.Chr1p368780466",1,368780466,2.24819313564384e-10,0.383870967741936,NA,2.30554262334485e-07,"MLM","NYC","Cotyledon_RedvsYellow",9.64816638254184,6.63722684442165,"Significant",-0.194408596231086
"Lcu.1GRN.Chr3p417642575",3,417642575,2.25797110116583e-10,0.358024691358025,NA,2.76184351049399e-07,"GLM","NYC","DTF_Nepal_2017",9.64628162073015,6.55880093272854,"Significant",5.59840712406049
"Lcu.1GRN.Chr4p322405542",4,322405542,2.29669216818756e-10,0.149068322981366,NA,7.02301322306132e-06,"FarmCPU","NYC","DTF_Sask_2017_b",9.63889721055878,5.15347651388513,"Significant",-1.22960296688312
"Lcu.1GRN.Chr1p472355685",1,472355685,2.32330054952339e-10,0.152777777777778,NA,2.81419646391385e-07,"GLM","NYC","DTF_Nepal_2017",9.63389460485474,6.55064558699533,"Significant",10.2882220723288
"Lcu.1GRN.Chr1p472355695",1,472355695,2.32330054952339e-10,0.152777777777778,NA,2.81419646391385e-07,"GLM","NYC","DTF_Nepal_2017",9.63389460485474,6.55064558699533,"Significant",10.2882220723288
"Lcu.1GRN.Chr4p496367186",4,496367186,2.32587208902196e-10,0.367283950617284,NA,2.81419646391385e-07,"GLM","NYC","DTF_Nepal_2017",9.63341417290913,6.55064558699533,"Significant",-4.86079292993909
"Lcu.1GRN.Chr1p359850497",1,359850497,2.33940837100385e-10,0.206451612903226,NA,2.39179263078861e-07,"MLM","NYC","Cotyledon_RedvsYellow",9.63089396040842,6.62127647652652,"Significant",-0.243607328492458
"Lcu.1GRN.Chr2p50231181",2,50231181,2.35040850463331e-10,0.270061728395062,NA,1.83860431971626e-06,"GLM","NYC","DTF_Sask_2017",9.62885665011549,5.73551172386321,"Significant",1.85519393387204
"Lcu.1GRN.Chr4p501049349",4,501049349,2.35370555618267e-10,0.297839506172839,NA,2.83766622514873e-07,"GLM","NYC","DTF_Nepal_2017",9.62824786745827,6.5470386889,"Significant",-5.47282346324681
"Lcu.1GRN.Chr1p549619874",1,549619874,2.4305878560768e-10,0.126543209876543,NA,2.9198912335178e-07,"GLM","NYC","DTF_Nepal_2017",9.61428867628877,6.53463332579912,"Significant",7.54090706185764
"Lcu.1GRN.Chr4p496267122",4,496267122,2.45096166395023e-10,0.351851851851852,NA,2.93388833458345e-07,"GLM","NYC","DTF_Nepal_2017",9.61066348159373,6.53255641966694,"Significant",-4.93346707520814
"Lcu.1GRN.Chr5p1797201",5,1797201,2.4608742422895e-10,0.135802469135803,NA,2.93530810729147e-07,"GLM","NYC","DTF_Nepal_2017",9.60891057942,6.53234630590749,"Significant",11.9376746582504
"Lcu.1GRN.Chr2p49588614",2,49588614,2.48884132682478e-10,0.296296296296296,NA,1.90264566040925e-06,"GLM","NYC","DTF_Sask_2017",9.60400279044687,5.72064208510118,"Significant",1.71496937475624
"Lcu.1GRN.Chr1p509482267",1,509482267,2.49589741459098e-10,0.152777777777778,NA,2.96656369488949e-07,"GLM","NYC","DTF_Nepal_2017",9.60277326882641,6.52774632251882,"Significant",7.28843471058451
"Lcu.1GRN.Chr1p365082021",1,365082021,2.53276689435303e-10,0.37741935483871,NA,2.57384073947605e-07,"MLM","NYC","Cotyledon_RedvsYellow",9.59640477908223,6.58941832926791,"Significant",-0.225548058951999
"Lcu.1GRN.Chr4p359784737",4,359784737,2.53277308644002e-10,0.082258064516129,NA,2.57384073947605e-07,"MLM","NYC","Cotyledon_RedvsYellow",9.59640371732406,6.58941832926791,"Significant",-0.53435855552108
"Lcu.1GRN.Chr2p33022747",2,33022747,2.63014467467731e-10,0.0555555555555556,NA,3.10418903083222e-07,"GLM","NYC","DTF_Nepal_2017",9.58002036189582,6.50805184007246,"Significant",10.0648650007004
"Lcu.1GRN.Chr2p33022857",2,33022857,2.63014467467731e-10,0.0555555555555556,NA,3.10418903083222e-07,"GLM","NYC","DTF_Nepal_2017",9.58002036189582,6.50805184007246,"Significant",10.0648650007004
"Lcu.1GRN.Chr6p20799044",6,20799044,2.63551401483687e-10,0.169753086419753,NA,1.47749990438106e-05,"BLINK","NYC","DTF_Sask_2017",9.57913467000105,4.83047253855282,"Significant",-1.11430703359463
"Lcu.1GRN.Chr1p361840399",1,361840399,2.66019984866345e-10,0.0419354838709678,NA,2.68912385824721e-07,"MLM","NYC","Cotyledon_RedvsYellow",9.57508573558266,6.57038919416402,"Significant",-0.399626398832464
"Lcu.1GRN.Chr1p370906964",1,370906964,2.66220599760477e-10,0.237096774193548,NA,2.68912385824721e-07,"MLM","NYC","Cotyledon_RedvsYellow",9.57475834248957,6.57038919416402,"Significant",-0.227367066667132
"Lcu.1GRN.Chr2p47823539",2,47823539,2.66293283898316e-10,0.225308641975309,NA,1.99049495611167e-06,"GLM","NYC","DTF_Sask_2017",9.57463978663159,5.70103891857506,"Significant",1.79061881346323
"Lcu.1GRN.Chr2p2522322",2,2522322,2.68507990959834e-10,0.0632716049382716,NA,3.14694172108663e-07,"GLM","NYC","DTF_Nepal_2017",9.57104278490625,6.50211129980837,"Significant",9.02016183529599
"Lcu.1GRN.Chr2p2523566",2,2523566,2.68507990959834e-10,0.0632716049382716,NA,3.14694172108663e-07,"GLM","NYC","DTF_Nepal_2017",9.57104278490625,6.50211129980837,"Significant",9.02016183529599
"Lcu.1GRN.Chr2p629671940",2,629671940,2.69782093618412e-10,0.0509259259259259,NA,3.15089560708834e-07,"GLM","NYC","DTF_Nepal_2017",9.568986879352,6.50156598527935,"Significant",10.5640042315733
"Lcu.1GRN.Chr2p42999368",2,42999368,2.71232263075884e-10,0.169753086419753,NA,3.15687137142028e-07,"GLM","NYC","DTF_Nepal_2017",9.56665865240657,6.50074311333124,"Significant",7.08855369957007
"Lcu.1GRN.Chr2p10195300",2,10195300,2.72955514717113e-10,0.058641975308642,NA,3.16597336616728e-07,"GLM","NYC","DTF_Nepal_2017",9.56390812690476,6.49949274297184,"Significant",9.37166386842728
"Lcu.1GRN.Chr7p645795683",7,645795683,2.73924341325053e-10,0.104938271604938,NA,3.16629240269705e-07,"GLM","NYC","DTF_Nepal_2017",9.5623693739766,6.49944898113064,"Significant",7.63508567099586
"Lcu.1GRN.Chr1p536205864",1,536205864,2.84712552951178e-10,0.295031055900621,NA,6.84056480703779e-06,"BLINK","NYC","DTF_Sask_2017_b",9.54559338442577,5.16490803827214,"Significant",-0.762970995338804
"Lcu.1GRN.Chr6p300129235",6,300129235,2.85072834022735e-10,0.16358024691358,NA,3.28387308088101e-07,"GLM","NYC","DTF_Nepal_2017",9.5450441667528,6.48361363636934,"Significant",8.16062998036148
"Lcu.1GRN.Chr1p374612061",1,374612061,2.85976986055553e-10,0.182258064516129,NA,2.88003655295055e-07,"MLM","NYC","Cotyledon_RedvsYellow",9.54366891523192,6.54060200021161,"Significant",-0.255199143288828
"Lcu.1GRN.Chr4p460176520",4,460176520,2.94403420220772e-10,0.474193548387097,NA,9.90275952494005e-06,"BLINK","NYC","Cotyledon_RedvsYellow",9.53105714890526,5.00424376707338,"Significant",-0.370403971109596
"Lcu.1GRN.Chr4p460178601",4,460178601,2.94403420220772e-10,0.474193548387097,NA,9.90275952494005e-06,"BLINK","NYC","Cotyledon_RedvsYellow",9.53105714890526,5.00424376707338,"Significant",-0.370403971109596
"Lcu.1GRN.Chr2p610338709",2,610338709,2.96384302687944e-10,0.262345679012346,NA,3.3855757981087e-07,"GLM","NYC","DTF_Nepal_2017",9.52814480149073,6.47036745853711,"Significant",-5.92677817556114
"Lcu.1GRN.Chr2p43564881",2,43564881,2.97467175474055e-10,0.174382716049383,NA,3.3855757981087e-07,"GLM","NYC","DTF_Nepal_2017",9.52656095026143,6.47036745853711,"Significant",8.70872750422075
"Lcu.1GRN.Chr2p44148896",2,44148896,2.97535572550547e-10,0.12962962962963,NA,3.3855757981087e-07,"GLM","NYC","DTF_Nepal_2017",9.52646110375441,6.47036745853711,"Significant",6.51977662557749
"Lcu.1GRN.Chr4p496352567",4,496352567,2.97927690956656e-10,0.395061728395062,NA,3.3855757981087e-07,"GLM","NYC","DTF_Nepal_2017",9.52588912931004,6.47036745853711,"Significant",-4.9882165635083
"Lcu.1GRN.Chr2p86072752",2,86072752,2.99723065058744e-10,0.450617283950617,NA,2.19167278749162e-06,"GLM","NYC","DTF_Sask_2017",9.52327983482446,5.65922428467416,"Significant",-1.51658390476514
"Lcu.1GRN.Chr4p501141481",4,501141481,3.00887797485103e-10,0.484567901234568,NA,3.40770120460174e-07,"GLM","NYC","DTF_Nepal_2017",9.52159542473032,6.46753849221566,"Significant",4.97037493640181
"Lcu.1GRN.Chr4p262477894",4,262477894,3.05904432315356e-10,0.33179012345679,NA,3.45289114713488e-07,"GLM","NYC","DTF_Nepal_2017",9.51441423038323,6.46181711262761,"Significant",5.35453337075137
"Lcu.1GRN.Chr2p50068726",2,50068726,3.07388038709775e-10,0.308641975308642,NA,2.19989771099342e-06,"GLM","NYC","DTF_Sask_2017",9.51231303606663,5.65759751217047,"Significant",1.73881850645374
"Lcu.1GRN.Chr6p302784586",6,302784586,3.09430862673847e-10,0.155864197530864,NA,3.48101441421451e-07,"GLM","NYC","DTF_Nepal_2017",9.5094363718891,6.45829417838165,"Significant",8.28867051055511
"Lcu.1GRN.Chr4p262472519",4,262472519,3.11199408338043e-10,0.334876543209877,NA,3.48924037948142e-07,"GLM","NYC","DTF_Nepal_2017",9.50696123737569,6.45726911026348,"Significant",5.22997744034222
"Lcu.1GRN.Chr2p246702980",2,246702980,3.24787105287544e-10,0.277777777777778,NA,3.6281948237746e-07,"GLM","NYC","DTF_Nepal_2017",9.4884012214679,6.44030940060353,"Significant",6.75986170158774
"Lcu.1GRN.Chr5p457640023",5,457640023,3.25749802085201e-10,0.353395061728395,NA,3.6281948237746e-07,"GLM","NYC","DTF_Nepal_2017",9.48711583947825,6.44030940060353,"Significant",6.01733797383707
"Lcu.1GRN.Chr7p53514403",7,53514403,3.36439933049227e-10,0.0509259259259259,NA,3.7348940910881e-07,"GLM","NYC","DTF_Nepal_2017",9.47309246212009,6.42772170879052,"Significant",9.39546025456821
"Lcu.1GRN.Chr2p610942337",2,610942337,3.38478425213603e-10,0.270061728395062,NA,3.73692662562707e-07,"GLM","NYC","DTF_Nepal_2017",9.47046900824706,6.42748542941772,"Significant",-5.42397991308701
"Lcu.1GRN.Chr2p44470666",2,44470666,3.39287960595611e-10,0.121913580246914,NA,3.73692662562707e-07,"GLM","NYC","DTF_Nepal_2017",9.46943155072817,6.42748542941772,"Significant",7.15064774585016
"Lcu.1GRN.Chr5p1685033",5,1685033,3.39955925355901e-10,0.192901234567901,NA,3.73692662562707e-07,"GLM","NYC","DTF_Nepal_2017",9.46857738476801,6.42748542941772,"Significant",7.72862996944571
"Lcu.1GRN.Chr4p496271322",4,496271322,3.48747063539368e-10,0.365740740740741,NA,3.82107503327513e-07,"GLM","NYC","DTF_Nepal_2017",9.45748944047539,6.4178144341207,"Significant",-4.84168548973489
"Lcu.1GRN.Chr5p1561603",5,1561603,3.51651050929081e-10,0.137345679012346,NA,3.84038341064487e-07,"GLM","NYC","DTF_Nepal_2017",9.45388808033498,6.41562541500355,"Significant",14.5526405451196
"Lcu.1GRN.Chr1p367669241",1,367669241,3.5203847498677e-10,0.417741935483871,NA,3.5347500213694e-07,"MLM","NYC","Cotyledon_RedvsYellow",9.45340986901816,6.45164129422313,"Significant",-0.200883053811908
"Lcu.1GRN.Chr2p43391675",2,43391675,3.58454719969493e-10,0.177469135802469,NA,3.90201743663361e-07,"GLM","NYC","DTF_Nepal_2017",9.44556569664715,6.40871079424011,"Significant",6.72151208079958
"Lcu.1GRN.Chr2p50175798",2,50175798,3.58520652227005e-10,0.279320987654321,NA,2.51238575474252e-06,"GLM","NYC","DTF_Sask_2017",9.44548582217221,5.59991367771593,"Significant",1.8195906019869
"Lcu.1GRN.Chr1p357738654",1,357738654,3.64026107855701e-10,0.47258064516129,NA,3.6442371970565e-07,"MLM","NYC","Cotyledon_RedvsYellow",9.43886746774914,6.4383933633071,"Significant",-0.227682118989299
"Lcu.1GRN.Chr2p610338343",2,610338343,3.65350675905606e-10,0.246913580246914,NA,3.96425518717229e-07,"GLM","NYC","DTF_Nepal_2017",9.43729008486508,6.40183839686748,"Significant",-5.94837934946094
"Lcu.1GRN.Chr2p44470635",2,44470635,3.72206962630613e-10,0.132716049382716,NA,4.02566364627561e-07,"GLM","NYC","DTF_Nepal_2017",9.4292155070683,6.39516251426327,"Significant",6.50053202833567
"Lcu.1GRN.Chr1p577052064",1,577052064,3.79536397457174e-10,0.0555555555555556,NA,4.08901078451774e-07,"GLM","NYC","DTF_Nepal_2017",9.42074656902587,6.38838174401882,"Significant",9.97896197240971
"Lcu.1GRN.Chr1p488887977",1,488887977,3.81350408600602e-10,0.0725308641975309,NA,4.08901078451774e-07,"GLM","NYC","DTF_Nepal_2017",9.41867578394711,6.38838174401882,"Significant",9.1955138192734
"Lcu.1GRN.Chr4p496227359",4,496227359,3.82782657174267e-10,0.365740740740741,NA,4.08901078451774e-07,"GLM","NYC","DTF_Nepal_2017",9.4170477471338,6.38838174401882,"Significant",-4.83109162122321
"Lcu.1GRN.Chr2p43828462",2,43828462,3.82926505014787e-10,0.37037037037037,NA,4.08901078451774e-07,"GLM","NYC","DTF_Nepal_2017",9.41688457206109,6.38838174401882,"Significant",5.13504954558394
"Lcu.1GRN.Chr7p53514006",7,53514006,3.86520048774967e-10,0.0524691358024691,NA,4.11231039510188e-07,"GLM","NYC","DTF_Nepal_2017",9.41282797432906,6.38591411244848,"Significant",9.30967234645982
"Lcu.1GRN.Chr1p488896637",1,488896637,3.87553593321371e-10,0.0709876543209876,NA,4.11231039510188e-07,"GLM","NYC","DTF_Nepal_2017",9.4116682320626,6.38591411244848,"Significant",9.3352096935746
"Lcu.1GRN.Chr1p364489604",1,364489604,3.88422541846814e-10,0.138709677419355,NA,3.87692952918063e-07,"MLM","NYC","Cotyledon_RedvsYellow",9.41069557403796,6.41151209307743,"Significant",-0.271413584261378
"Lcu.1GRN.Chr1p367433126",1,367433126,3.94272142525099e-10,0.311290322580645,NA,3.92367271493314e-07,"MLM","NYC","Cotyledon_RedvsYellow",9.40420390711401,6.40630722555979,"Significant",-0.199648795388558
"Lcu.1GRN.Chr2p33811607",2,33811607,4.02932069716407e-10,0.0555555555555556,NA,4.24868499982127e-07,"GLM","NYC","DTF_Nepal_2017",9.39476816535772,6.37174546658303,"Significant",9.9353444259541
"Lcu.1GRN.Chr2p33918744",2,33918744,4.02932069716407e-10,0.0555555555555556,NA,4.24868499982127e-07,"GLM","NYC","DTF_Nepal_2017",9.39476816535772,6.37174546658303,"Significant",9.9353444259541
"Lcu.1GRN.Chr2p85173040",2,85173040,4.07099414734813e-10,0.469135802469136,NA,2.79458793543071e-06,"GLM","NYC","DTF_Sask_2017",9.39029952198224,5.55368222017888,"Significant",-1.52634264842935
"Lcu.1GRN.Chr3p437318468",3,437318468,4.16427443355883e-10,0.113354037267081,NA,9.33816332261923e-06,"BLINK","NYC","DTF_Sask_2017_b",9.38046065739087,5.02973853461468,"Significant",-1.26565708298946
"Lcu.1GRN.Chr2p48482837",2,48482837,4.17481006232281e-10,0.203703703703704,NA,2.80853667246667e-06,"GLM","NYC","DTF_Sask_2017",9.37936327844662,5.55151990095076,"Significant",1.76957590602453
"Lcu.1GRN.Chr4p496446256",4,496446256,4.19556842733676e-10,0.359567901234568,NA,4.4101586412437e-07,"GLM","NYC","DTF_Nepal_2017",9.37720919141884,6.35554578790687,"Significant",-4.81648683971679
"Lcu.1GRN.Chr4p262477628",4,262477628,4.2783033361776e-10,0.334876543209877,NA,4.4831154463553e-07,"GLM","NYC","DTF_Nepal_2017",9.36872842674022,6.34842007731322,"Significant",5.21159380971824
"Lcu.1GRN.Chr2p47823567",2,47823567,4.28285039010527e-10,0.205246913580247,NA,2.82472458268341e-06,"GLM","NYC","DTF_Sask_2017",9.36826709625171,5.54902389051777,"Significant",1.76960996478743
"Lcu.1GRN.Chr4p496390528",4,496390528,4.29402526132482e-10,0.364197530864197,NA,4.48561613377654e-07,"GLM","NYC","DTF_Nepal_2017",9.36713540498088,6.34817789484484,"Significant",-4.79823502888448
"Lcu.1GRN.Chr2p43812657",2,43812657,4.33584022815406e-10,0.256172839506173,NA,4.51527421059906e-07,"GLM","NYC","DTF_Nepal_2017",9.3629267295392,6.34531587003843,"Significant",5.34877680868129
"Lcu.1GRN.Chr2p43390936",2,43390936,4.44905679517167e-10,0.128086419753086,NA,4.6074106571546e-07,"GLM","NYC","DTF_Nepal_2017",9.3517320501584,6.33654307748294,"Significant",7.13116928648174
"Lcu.1GRN.Chr5p149726482",5,149726482,4.45171037460644e-10,0.277777777777778,NA,4.6074106571546e-07,"GLM","NYC","DTF_Nepal_2017",9.35147309833594,6.33654307748294,"Significant",5.76024375395571
"Lcu.1GRN.Chr5p455352676",5,455352676,4.52792176531215e-10,0.37037037037037,NA,2.92892973160144e-06,"GLM","NYC","DTF_Sask_2017",9.34410108561545,5.53329104741837,"Significant",1.45984585666187
"Lcu.1GRN.Chr2p610338244",2,610338244,4.543862585743e-10,0.308641975308642,NA,4.68836020361539e-07,"GLM","NYC","DTF_Nepal_2017",9.3425748109141,6.32897902915016,"Significant",-5.7664219498339
"Lcu.1GRN.Chr4p496227376",4,496227376,4.58088870243707e-10,0.364197530864197,NA,4.71210945006926e-07,"GLM","NYC","DTF_Nepal_2017",9.33905025974206,6.32678463057047,"Significant",-4.80391674191927
"Lcu.1GRN.Chr2p610534882",2,610534882,4.72601963705622e-10,0.259259259259259,NA,4.84657636359051e-07,"GLM","NYC","DTF_Nepal_2017",9.32550447816547,6.31456494004528,"Significant",-5.38884482771431
"Lcu.1GRN.Chr1p368986944",1,368986944,4.7392693470025e-10,0.35,NA,4.70245962372623e-07,"MLM","NYC","Cotyledon_RedvsYellow",9.32428860833103,6.32767492470224,"Significant",-0.192667148268815
"Lcu.1GRN.Chr2p43564880",2,43564880,4.76970650073639e-10,0.183641975308642,NA,4.8765102326237e-07,"GLM","NYC","DTF_Nepal_2017",9.32150834402745,6.31189086014555,"Significant",8.42530589826674
"Lcu.1GRN.Chr1p361408216",1,361408216,4.82179146048477e-10,0.211290322580645,NA,4.77026920055553e-07,"MLM","NYC","Cotyledon_RedvsYellow",9.31679157652165,6.32145711173203,"Significant",-0.223960589375065
"Lcu.1GRN.Chr2p186867676",2,186867676,4.8695789195331e-10,0.123456790123457,NA,4.96353228008058e-07,"GLM","NYC","DTF_Nepal_2017",9.31250859131712,6.30420914936313,"Significant",7.18542055252021
"Lcu.1GRN.Chr3p180417516",3,180417516,4.93387696286194e-10,0.123456790123457,NA,5.00162346637441e-07,"GLM","NYC","DTF_Nepal_2017",9.30681168480501,6.30088900605434,"Significant",8.4898468874045
"Lcu.1GRN.Chr5p1671695",5,1671695,4.946183245583e-10,0.148148148148148,NA,5.00162346637441e-07,"GLM","NYC","DTF_Nepal_2017",9.30572979798861,6.30088900605434,"Significant",9.90851386613326
"Lcu.1GRN.Chr5p2417207",5,2417207,4.9515577161335e-10,0.282407407407407,NA,5.00162346637441e-07,"GLM","NYC","DTF_Nepal_2017",9.30525815437989,6.30088900605434,"Significant",5.79186780737092
"Lcu.1GRN.Chr5p145435244",5,145435244,4.99686166947788e-10,0.314814814814815,NA,5.03227356041097e-07,"GLM","NYC","DTF_Nepal_2017",9.30130267317378,6.29823575815347,"Significant",5.52135053325111
"Lcu.1GRN.Chr2p49717761",2,49717761,5.0796136279085e-10,0.314814814814815,NA,3.22380074939377e-06,"GLM","NYC","DTF_Sask_2017",9.29416932032412,5.49163180809303,"Significant",1.69205389259871
"Lcu.1GRN.Chr1p366366758",1,366366758,5.0809633230332e-10,0.374193548387097,NA,5.01053481251504e-07,"MLM","NYC","Cotyledon_RedvsYellow",9.29405394003593,6.30011591610323,"Significant",-0.195829543788403
"Lcu.1GRN.Chr1p359845465",1,359845465,5.09444418114781e-10,0.240322580645161,NA,5.01053481251504e-07,"MLM","NYC","Cotyledon_RedvsYellow",9.29290319187897,6.30011591610323,"Significant",-0.249408289915039
"Lcu.1GRN.Chr2p561525709",2,561525709,5.1683884698996e-10,0.188271604938272,NA,5.17186324284487e-07,"GLM","NYC","DTF_Nepal_2017",9.28664485105143,6.2863529674852,"Significant",6.87961581577292
"Lcu.1GRN.Chr4p496273736",4,496273736,5.19697168890399e-10,0.362654320987654,NA,5.17186324284487e-07,"GLM","NYC","DTF_Nepal_2017",9.28424964903942,6.2863529674852,"Significant",-4.76859462883306
"Lcu.1GRN.Chr4p496274050",4,496274050,5.19697168890399e-10,0.362654320987654,NA,5.17186324284487e-07,"GLM","NYC","DTF_Nepal_2017",9.28424964903942,6.2863529674852,"Significant",-4.76859462883306
"Lcu.1GRN.Chr4p496286778",4,496286778,5.19697168890399e-10,0.362654320987654,NA,5.17186324284487e-07,"GLM","NYC","DTF_Nepal_2017",9.28424964903942,6.2863529674852,"Significant",-4.76859462883306
"Lcu.1GRN.Chr3p344504326",3,344504326,5.26673978371691e-10,0.194444444444444,NA,5.22583321778615e-07,"GLM","NYC","DTF_Nepal_2017",9.27845813850365,6.28184445487486,"Significant",6.49838182826841
"Lcu.1GRN.Chr2p43391684",2,43391684,5.33310241261811e-10,0.186728395061728,NA,5.27611664477975e-07,"GLM","NYC","DTF_Nepal_2017",9.2730200763944,6.27768561160478,"Significant",6.63483384498807
"Lcu.1GRN.Chr6p236151499",6,236151499,5.5119939665939e-10,0.101851851851852,NA,3.37646171982123e-06,"GLM","NYC","DTF_Sask_2017",9.25869126647714,5.47153816967093,"Significant",2.27687831453488
"Lcu.1GRN.Chr2p49588505",2,49588505,5.52091598135868e-10,0.297839506172839,NA,3.37646171982123e-06,"GLM","NYC","DTF_Sask_2017",9.25798886200856,5.47153816967093,"Significant",1.68811759957876
"Lcu.1GRN.Chr2p33916584",2,33916584,5.74236727194701e-10,0.0570987654320988,NA,5.66434854006745e-07,"GLM","NYC","DTF_Nepal_2017",9.24090903422213,6.24685003138275,"Significant",9.78183912245663
"Lcu.1GRN.Chr1p360343472",1,360343472,5.7500500434909e-10,0.187096774193548,NA,5.63885446932625e-07,"MLM","NYC","Cotyledon_RedvsYellow",9.24032837556822,6.24880911377911,"Significant",-0.213568651218796
"Lcu.1GRN.Chr4p262477539",4,262477539,5.76128749427599e-10,0.356481481481482,NA,5.6663947093191e-07,"GLM","NYC","DTF_Nepal_2017",9.23948045248353,6.24669317670779,"Significant",5.24766302108827
"Lcu.1GRN.Chr1p446418552",1,446418552,5.83111035956817e-10,0.273291925465838,NA,1.63449424859739e-05,"FarmCPU","NYC","DTF_Sask_2017_b",9.23424873904578,4.78661660326153,"Significant",0.915282292091472
"Lcu.1GRN.Chr7p53874632",7,53874632,5.84763046050047e-10,0.0540123456790124,NA,5.73454785745528e-07,"GLM","NYC","DTF_Nepal_2017",9.23302008031087,6.24150081852176,"Significant",9.01011044630945
"Lcu.1GRN.Chr2p45087956",2,45087956,5.85979756056818e-10,0.270061728395062,NA,3.51971879652792e-06,"GLM","NYC","DTF_Sask_2017",9.23211738736874,5.45349203254306,"Significant",1.65142313219565
"Lcu.1GRN.Chr1p27007485",1,27007485,5.89052914823786e-10,0.0774193548387097,NA,2.47672452250666e-05,"FarmCPU","NYC","Cotyledon_RedvsYellow",9.22984569063943,4.6061222957995,"Significant",0.0880633171157976
"Lcu.1GRN.Chr2p49705454",2,49705454,6.10558067284244e-10,0.307098765432099,NA,3.60301027049472e-06,"GLM","NYC","DTF_Sask_2017",9.21427302606489,5.44333449990551,"Significant",1.69589359886962
"Lcu.1GRN.Chr2p49846969",2,49846969,6.15352089615688e-10,0.182098765432099,NA,6.01698070720233e-07,"GLM","NYC","DTF_Nepal_2017",9.21087632028473,6.22062138102438,"Significant",6.00780686295735
"Lcu.1GRN.Chr7p647926344",7,647926344,6.1825614838312e-10,0.0570987654320988,NA,6.02785408299087e-07,"GLM","NYC","DTF_Nepal_2017",9.20883155600899,6.21983726925039,"Significant",9.61835644230382
"Lcu.1GRN.Chr4p501060912",4,501060912,6.24608255155187e-10,0.248456790123457,NA,6.07218511450245e-07,"GLM","NYC","DTF_Nepal_2017",9.20439228020084,6.21665499716174,"Significant",-5.99160205110292
"Lcu.1GRN.Chr1p368281241",1,368281241,6.30898570054221e-10,0.233870967741935,NA,6.16899591027408e-07,"MLM","NYC","Cotyledon_RedvsYellow",9.2000404569311,6.20978551767075,"Significant",-0.224063587318689
"Lcu.1GRN.Chr5p10485956",5,10485956,6.32580923623316e-10,0.185185185185185,NA,6.0783698197238e-07,"GLM","NYC","DTF_Nepal_2017",9.19888390899008,6.2162128801397,"Significant",-6.99325123443066
"Lcu.1GRN.Chr5p10486728",5,10486728,6.32580923623316e-10,0.185185185185185,NA,6.0783698197238e-07,"GLM","NYC","DTF_Nepal_2017",9.19888390899008,6.2162128801397,"Significant",-6.99325123443066
"Lcu.1GRN.Chr3p403652511",3,403652511,6.39633465122707e-10,0.0524691358024691,NA,6.0783698197238e-07,"GLM","NYC","DTF_Nepal_2017",9.19406882238371,6.2162128801397,"Significant",10.4882288361864
"Lcu.1GRN.Chr3p404056365",3,404056365,6.39633465122707e-10,0.0524691358024691,NA,6.0783698197238e-07,"GLM","NYC","DTF_Nepal_2017",9.19406882238371,6.2162128801397,"Significant",10.4882288361864
"Lcu.1GRN.Chr3p404059861",3,404059861,6.39633465122707e-10,0.0524691358024691,NA,6.0783698197238e-07,"GLM","NYC","DTF_Nepal_2017",9.19406882238371,6.2162128801397,"Significant",10.4882288361864
"Lcu.1GRN.Chr3p404062442",3,404062442,6.39633465122707e-10,0.0524691358024691,NA,6.0783698197238e-07,"GLM","NYC","DTF_Nepal_2017",9.19406882238371,6.2162128801397,"Significant",10.4882288361864
"Lcu.1GRN.Chr3p404063421",3,404063421,6.39633465122707e-10,0.0524691358024691,NA,6.0783698197238e-07,"GLM","NYC","DTF_Nepal_2017",9.19406882238371,6.2162128801397,"Significant",10.4882288361864
"Lcu.1GRN.Chr5p459487194",5,459487194,6.40611119161106e-10,0.143518518518518,NA,6.0783698197238e-07,"GLM","NYC","DTF_Nepal_2017",9.19340552750735,6.2162128801397,"Significant",-6.03016662763594
"Lcu.1GRN.Chr5p459352916",5,459352916,6.41508021298745e-10,0.205246913580247,NA,6.0783698197238e-07,"GLM","NYC","DTF_Nepal_2017",9.19279790891648,6.2162128801397,"Significant",-6.14494605296261
"Lcu.1GRN.Chr2p86594419",2,86594419,6.49771942034605e-10,0.405864197530864,NA,3.64810296736525e-06,"GLM","NYC","DTF_Sask_2017",9.18723904596523,5.43793291224947,"Significant",1.49669622748678
"Lcu.1GRN.Chr2p86838253",2,86838253,6.49771942034605e-10,0.405864197530864,NA,3.64810296736525e-06,"GLM","NYC","DTF_Sask_2017",9.18723904596523,5.43793291224947,"Significant",1.49669622748678
"Lcu.1GRN.Chr2p43311823",2,43311823,6.5029453877387e-10,0.172839506172839,NA,6.12999442984272e-07,"GLM","NYC","DTF_Nepal_2017",9.18688989321697,6.21253992011285,"Significant",5.98906868765528
"Lcu.1GRN.Chr1p2896348",1,2896348,6.50601281176171e-10,0.0555555555555556,NA,6.12999442984272e-07,"GLM","NYC","DTF_Nepal_2017",9.18668508583253,6.21253992011285,"Significant",9.56666146614111
"Lcu.1GRN.Chr2p50175769",2,50175769,6.50736184114122e-10,0.279320987654321,NA,3.64810296736525e-06,"GLM","NYC","DTF_Sask_2017",9.1865950436977,5.43793291224947,"Significant",1.78980272965512
"Lcu.1GRN.Chr3p422982471",3,422982471,6.53010133051557e-10,0.123456790123457,NA,6.13240859882634e-07,"GLM","NYC","DTF_Nepal_2017",9.18508007953008,6.21236891606429,"Significant",6.74951145375269
"Lcu.1GRN.Chr2p44893700",2,44893700,6.57191576878085e-10,0.0524691358024691,NA,6.13240859882634e-07,"GLM","NYC","DTF_Nepal_2017",9.18230801148593,6.21236891606429,"Significant",9.83441789665585
"Lcu.1GRN.Chr2p44893750",2,44893750,6.57191576878085e-10,0.0524691358024691,NA,6.13240859882634e-07,"GLM","NYC","DTF_Nepal_2017",9.18230801148593,6.21236891606429,"Significant",9.83441789665585
"Lcu.1GRN.Chr5p135785193",5,135785193,6.58150027849435e-10,0.337962962962963,NA,6.13240859882634e-07,"GLM","NYC","DTF_Nepal_2017",9.1816750959905,6.21236891606429,"Significant",5.04178582350585
"Lcu.1GRN.Chr2p561528233",2,561528233,6.67206861047924e-10,0.192901234567901,NA,6.19962348701953e-07,"GLM","NYC","DTF_Nepal_2017",9.1757394963932,6.20763468509449,"Significant",6.77181511016715
"Lcu.1GRN.Chr2p610338430",2,610338430,6.77037465447535e-10,0.279320987654321,NA,6.27363804793915e-07,"GLM","NYC","DTF_Nepal_2017",9.16938729795161,6.20248054115584,"Significant",-5.69842359637971
"Lcu.1GRN.Chr1p363987377",1,363987377,6.82780712165859e-10,0.0935483870967742,NA,6.65695361765488e-07,"MLM","NYC","Cotyledon_RedvsYellow",9.16571875574455,6.17672446898595,"Significant",-0.25508507897841
"Lcu.1GRN.Chr1p364634048",1,364634048,7.03512018434411e-10,0.490322580645161,NA,6.83356991838245e-07,"MLM","NYC","Cotyledon_RedvsYellow",9.1527284789042,6.16535235769278,"Significant",0.231373019274322
"Lcu.1GRN.Chr1p366876317",1,366876317,7.04958798478659e-10,0.351612903225806,NA,6.83356991838245e-07,"MLM","NYC","Cotyledon_RedvsYellow",9.15183626473378,6.16535235769278,"Significant",-0.184890492748897
"Lcu.1GRN.Chr3p347894032",3,347894032,7.16812431279512e-10,0.334876543209877,NA,6.60692306962537e-07,"GLM","NYC","DTF_Nepal_2017",9.14459447155285,6.18000075004528,"Significant",6.11791704859246
"Lcu.1GRN.Chr1p368732520",1,368732520,7.16869421594409e-10,0.390322580645161,NA,6.92905795211054e-07,"MLM","NYC","Cotyledon_RedvsYellow",9.14455994425623,6.15932580637094,"Significant",-0.191254500501202
"Lcu.1GRN.Chr3p402627412",3,402627412,7.16933266465872e-10,0.146604938271605,NA,6.60692306962537e-07,"GLM","NYC","DTF_Nepal_2017",9.14452126742068,6.18000075004528,"Significant",6.40099561836439
"Lcu.1GRN.Chr1p361411859",1,361411859,7.21197097695938e-10,0.187096774193548,NA,6.95091415933208e-07,"MLM","NYC","Cotyledon_RedvsYellow",9.14194602967173,6.15795807479904,"Significant",-0.232038389817934
"Lcu.1GRN.Chr1p509094844",1,509094844,7.26776630112918e-10,0.154320987654321,NA,6.6793353754424e-07,"GLM","NYC","DTF_Nepal_2017",9.13859904610834,6.17526674967087,"Significant",7.07028360733477
"Lcu.1GRN.Chr2p561527709",2,561527709,7.37043461033827e-10,0.183641975308642,NA,3.99866286867041e-06,"GLM","NYC","DTF_Sask_2017",9.13250690246569,5.39808521013207,"Significant",2.20513254008804
"Lcu.1GRN.Chr2p561719111",2,561719111,7.37043461033827e-10,0.183641975308642,NA,3.99866286867041e-06,"GLM","NYC","DTF_Sask_2017",9.13250690246569,5.39808521013207,"Significant",2.20513254008804
"Lcu.1GRN.Chr2p249259118",2,249259118,7.38568606750739e-10,0.354938271604938,NA,6.7692127124503e-07,"GLM","NYC","DTF_Nepal_2017",9.13160915620938,6.16946183862959,"Significant",5.97189592354238
"Lcu.1GRN.Chr1p367999263",1,367999263,7.42653644293294e-10,0.391935483870968,NA,7.13726223914293e-07,"MLM","NYC","Cotyledon_RedvsYellow",9.12921368347086,6.14646834598926,"Significant",-0.188876582440086
"Lcu.1GRN.Chr7p53515139",7,53515139,7.43015997291869e-10,0.0555555555555556,NA,6.79146907502919e-07,"GLM","NYC","DTF_Nepal_2017",9.12900183568654,6.16803627252818,"Significant",9.02592317490121
"Lcu.1GRN.Chr4p496274310",4,496274310,7.46459297476079e-10,0.354938271604938,NA,6.80445188385193e-07,"GLM","NYC","DTF_Nepal_2017",9.1269938682651,6.16720685259229,"Significant",-4.76279069895895
"Lcu.1GRN.Chr2p45090301",2,45090301,7.51462213655401e-10,0.344135802469136,NA,4.01217603842264e-06,"GLM","NYC","DTF_Sask_2017",9.12409285248696,5.39662002010867,"Significant",1.61586759959155
"Lcu.1GRN.Chr1p364467498",1,364467498,7.53846411360357e-10,0.103225806451613,NA,7.22418962535752e-07,"MLM","NYC","Cotyledon_RedvsYellow",9.12271712825917,6.14121086289312,"Significant",-0.247901720147015
"Lcu.1GRN.Chr3p387939150",3,387939150,7.60044966438117e-10,0.058641975308642,NA,6.90956878988892e-07,"GLM","NYC","DTF_Nepal_2017",9.11916071285309,6.16054905508821,"Significant",8.8231890671093
"Lcu.1GRN.Chr1p365201690",1,365201690,7.66578878389688e-10,0.293548387096774,NA,7.32533629509387e-07,"MLM","NYC","Cotyledon_RedvsYellow",9.11544315106807,6.13517243271433,"Significant",-0.204337600583429
"Lcu.1GRN.Chr2p49588447",2,49588447,7.6777511685892e-10,0.299382716049383,NA,4.03522207394507e-06,"GLM","NYC","DTF_Sask_2017",9.11476596721989,5.3941325593719,"Significant",1.70282036121665
"Lcu.1GRN.Chr2p10506289",2,10506289,7.79442365256697e-10,0.0679012345679012,NA,7.06681105321562e-07,"GLM","NYC","DTF_Nepal_2017",9.10821599256799,6.15077652035117,"Significant",8.81953749246782
"Lcu.1GRN.Chr7p52435296",7,52435296,7.82720622006023e-10,0.104938271604938,NA,7.07745665221237e-07,"GLM","NYC","DTF_Nepal_2017",9.1063932238581,6.15012278190813,"Significant",7.27361048212572
"Lcu.1GRN.Chr2p14060760",2,14060760,7.8544142758249e-10,0.058641975308642,NA,7.08301814133082e-07,"GLM","NYC","DTF_Nepal_2017",9.10488619588966,6.14978164586647,"Significant",9.08805814633001
"Lcu.1GRN.Chr6p46982948",6,46982948,7.9007842478819e-10,0.343167701863354,NA,1.66097693444206e-05,"BLINK","NYC","DTF_Sask_2017_b",9.10232979761805,4.7796363984421,"Significant",0.811643583768832
"Lcu.1GRN.Chr1p560430673",1,560430673,7.91302590861672e-10,0.441358024691358,NA,7.1078396571702e-07,"GLM","NYC","DTF_Nepal_2017",9.10165741231484,6.14826237782673,"Significant",4.6313814915886
"Lcu.1GRN.Chr4p496369074",4,496369074,7.92420145685761e-10,0.365740740740741,NA,7.1078396571702e-07,"GLM","NYC","DTF_Nepal_2017",9.10104449193089,6.14826237782673,"Significant",-4.68940251568796
"Lcu.1GRN.Chr1p364674911",1,364674911,7.95611395142306e-10,0.453225806451613,NA,7.58122997591592e-07,"MLM","NYC","Cotyledon_RedvsYellow",9.09929900532138,6.12026032887733,"Significant",-0.262328645944741
"Lcu.1GRN.Chr3p26210470",3,26210470,8.06704259429963e-10,0.118827160493827,NA,7.2167205221191e-07,"GLM","NYC","DTF_Nepal_2017",9.09328564995917,6.14166011305496,"Significant",7.26708228379448
"Lcu.1GRN.Chr1p363532614",1,363532614,8.0836531114538e-10,0.133870967741936,NA,7.68100041282593e-07,"MLM","NYC","Cotyledon_RedvsYellow",9.09239233135339,6.11458221154731,"Significant",-0.278686453342139
"Lcu.1GRN.Chr4p501033219",4,501033219,8.08924770628596e-10,0.351851851851852,NA,7.21738987591589e-07,"GLM","NYC","DTF_Nepal_2017",9.09209186555714,6.14161983393106,"Significant",4.72845310742841
"Lcu.1GRN.Chr2p50729563",2,50729563,8.14515938817136e-10,0.274691358024691,NA,4.18023268793857e-06,"GLM","NYC","DTF_Sask_2017",9.08910041280102,5.37879954303953,"Significant",1.78380132764778
"Lcu.1GRN.Chr2p45082280",2,45082280,8.20221238718262e-10,0.151234567901235,NA,4.18023268793857e-06,"GLM","NYC","DTF_Sask_2017",9.08606898932954,5.37879954303953,"Significant",2.08508619532554
"Lcu.1GRN.Chr5p10383325",5,10383325,8.27031953729469e-10,0.233024691358025,NA,7.35942479312487e-07,"GLM","NYC","DTF_Nepal_2017",9.0824777104471,6.13315612845245,"Significant",-6.64569849830309
"Lcu.1GRN.Chr3p345193745",3,345193745,8.36296392458146e-10,0.175925925925926,NA,3.80315379223862e-05,"FarmCPU","NYC","DTF_Nepal_2017",9.07763977663252,4.41985611219817,"Significant",2.69794401580792
"Lcu.1GRN.Chr6p435707609",6,435707609,8.44020292206529e-10,0.149691358024691,NA,7.4710677270693e-07,"GLM","NYC","DTF_Nepal_2017",9.07364711180162,6.12661732658656,"Significant",9.10498195598711
"Lcu.1GRN.Chr6p435707741",6,435707741,8.44020292206529e-10,0.149691358024691,NA,7.4710677270693e-07,"GLM","NYC","DTF_Nepal_2017",9.07364711180162,6.12661732658656,"Significant",9.10498195598711
"Lcu.1GRN.Chr1p27007485",1,27007485,8.47771699245801e-10,0.0774193548387097,NA,2.59238566509284e-05,"BLINK","NYC","Cotyledon_RedvsYellow",9.07172108536927,4.58630038869562,"Significant",0.0626709043783506
"Lcu.1GRN.Chr2p50743817",2,50743817,8.53011601393771e-10,0.282407407407407,NA,4.27439541483491e-06,"GLM","NYC","DTF_Sask_2017",9.06904506216538,5.36912530469474,"Significant",1.75784175384084
"Lcu.1GRN.Chr2p10224879",2,10224879,8.5434655642045e-10,0.214506172839506,NA,7.48291905997717e-07,"GLM","NYC","DTF_Nepal_2017",9.06836592672193,6.12592895235753,"Significant",5.91695527689075
"Lcu.1GRN.Chr4p500406326",4,500406326,8.54719570436334e-10,0.498456790123457,NA,7.48291905997717e-07,"GLM","NYC","DTF_Nepal_2017",9.06817635192573,6.12592895235753,"Significant",-4.81930940780188
"Lcu.1GRN.Chr1p364676080",1,364676080,8.61979021765534e-10,0.453225806451613,NA,8.16736049617485e-07,"MLM","NYC","Cotyledon_RedvsYellow",9.06450330359795,6.08791827482117,"Significant",-0.267976578290977
"Lcu.1GRN.Chr7p52451254",7,52451254,8.63728137388289e-10,0.115740740740741,NA,7.48291905997717e-07,"GLM","NYC","DTF_Nepal_2017",9.06362293230289,6.12592895235753,"Significant",7.11175563929748
"Lcu.1GRN.Chr2p44558948",2,44558948,8.64112377875278e-10,0.0709876543209876,NA,4.27439541483491e-06,"GLM","NYC","DTF_Sask_2017",9.06342977382038,5.36912530469474,"Significant",2.71609358959165
"Lcu.1GRN.Chr2p48689718",2,48689718,8.65361172980866e-10,0.12962962962963,NA,7.48291905997717e-07,"GLM","NYC","DTF_Nepal_2017",9.06280259462198,6.12592895235753,"Significant",8.47460934014941
"Lcu.1GRN.Chr2p320068851",2,320068851,8.67605452791474e-10,0.0540123456790124,NA,7.48291905997717e-07,"GLM","NYC","DTF_Nepal_2017",9.06167772716291,6.12592895235753,"Significant",10.1397122380383
"Lcu.1GRN.Chr2p320390608",2,320390608,8.67605452791474e-10,0.0540123456790124,NA,7.48291905997717e-07,"GLM","NYC","DTF_Nepal_2017",9.06167772716291,6.12592895235753,"Significant",10.1397122380383
"Lcu.1GRN.Chr2p320874628",2,320874628,8.67605452791474e-10,0.0540123456790124,NA,7.48291905997717e-07,"GLM","NYC","DTF_Nepal_2017",9.06167772716291,6.12592895235753,"Significant",10.1397122380383
"Lcu.1GRN.Chr2p322705411",2,322705411,8.67605452791474e-10,0.0540123456790124,NA,7.48291905997717e-07,"GLM","NYC","DTF_Nepal_2017",9.06167772716291,6.12592895235753,"Significant",10.1397122380383
"Lcu.1GRN.Chr2p322706347",2,322706347,8.67605452791474e-10,0.0540123456790124,NA,7.48291905997717e-07,"GLM","NYC","DTF_Nepal_2017",9.06167772716291,6.12592895235753,"Significant",10.1397122380383
"Lcu.1GRN.Chr2p322712658",2,322712658,8.67605452791474e-10,0.0540123456790124,NA,7.48291905997717e-07,"GLM","NYC","DTF_Nepal_2017",9.06167772716291,6.12592895235753,"Significant",10.1397122380383
"Lcu.1GRN.Chr1p364579838",1,364579838,8.68018815141458e-10,0.487096774193548,NA,8.20148552788446e-07,"MLM","NYC","Cotyledon_RedvsYellow",9.06147086097149,6.08610747711249,"Significant",0.206304640851821
"Lcu.1GRN.Chr3p179963109",3,179963109,8.71642936939709e-10,0.0771604938271605,NA,7.49851457211251e-07,"GLM","NYC","DTF_Nepal_2017",9.05966138464802,6.12502476021201,"Significant",8.5763518132851
"Lcu.1GRN.Chr2p46308493",2,46308493,8.82376758802459e-10,0.432098765432099,NA,4.27954690935468e-06,"GLM","NYC","DTF_Sask_2017",9.05434593943547,5.3686022088334,"Significant",1.68721351865932
"Lcu.1GRN.Chr3p24382069",3,24382069,8.84873283971498e-10,0.095679012345679,NA,7.59291254871532e-07,"GLM","NYC","DTF_Nepal_2017",9.0531189168865,6.11959160207508,"Significant",8.46880000481985
"Lcu.1GRN.Chr2p322071855",2,322071855,8.89759213524131e-10,0.0555555555555556,NA,7.60447836705428e-07,"GLM","NYC","DTF_Nepal_2017",9.05072750614854,6.11893057123355,"Significant",10.1354169866588
"Lcu.1GRN.Chr2p51056034",2,51056034,8.90599504870655e-10,0.280864197530864,NA,4.27954690935468e-06,"GLM","NYC","DTF_Sask_2017",9.05031755065101,5.3686022088334,"Significant",1.71941544867707
"Lcu.1GRN.Chr1p449461868",1,449461868,8.90742693730178e-10,0.371913580246914,NA,7.60447836705428e-07,"GLM","NYC","DTF_Nepal_2017",9.05024773123985,6.11893057123355,"Significant",5.48465701024963
"Lcu.1GRN.Chr7p33922006",7,33922006,9.0452482966251e-10,0.433641975308642,NA,3.80315379223862e-05,"FarmCPU","NYC","DTF_Nepal_2017",9.0435795070381,4.41985611219817,"Significant",2.26286573791162
"Lcu.1GRN.Chr6p431595092",6,431595092,9.0689498588195e-10,0.0916149068322981,NA,2.34653496704734e-05,"FarmCPU","NYC","DTF_Sask_2017_b",9.04244299926011,4.62957296973507,"Significant",-1.3599617782636
"Lcu.1GRN.Chr2p52953807",2,52953807,9.12396677893092e-10,0.245341614906832,NA,1.80529490207568e-05,"BLINK","NYC","DTF_Sask_2017_b",9.03981630469233,4.74345184423873,"Significant",-1.01883830784718
"Lcu.1GRN.Chr7p645843894",7,645843894,9.22095095294559e-10,0.0509259259259259,NA,7.85221166883405e-07,"GLM","NYC","DTF_Nepal_2017",9.03522428802228,6.10500800181686,"Significant",10.031047171836
"Lcu.1GRN.Chr2p14111019",2,14111019,9.25437037612469e-10,0.0617283950617284,NA,7.86076969774225e-07,"GLM","NYC","DTF_Nepal_2017",9.03365312326185,6.10453492735548,"Significant",8.99437340909526
"Lcu.1GRN.Chr1p364578767",1,364578767,9.26323806680392e-10,0.47258064516129,NA,8.72786442245556e-07,"MLM","NYC","Cotyledon_RedvsYellow",9.03323717436267,6.05909200864299,"Significant",-0.260352731616669
"Lcu.1GRN.Chr2p561723045",2,561723045,9.31818784425001e-10,0.189814814814815,NA,7.883559313757e-07,"GLM","NYC","DTF_Nepal_2017",9.0306685389083,6.10327766051546,"Significant",6.81983798435169
"Lcu.1GRN.Chr5p131521835",5,131521835,9.32807500996021e-10,0.492283950617284,NA,7.883559313757e-07,"GLM","NYC","DTF_Nepal_2017",9.03020797027365,6.10327766051546,"Significant",-5.07819835565033
"Lcu.1GRN.Chr2p44214117",2,44214117,9.3986912234197e-10,0.179012345679012,NA,7.92333225751382e-07,"GLM","NYC","DTF_Nepal_2017",9.02693261810453,6.10109213195941,"Significant",6.99396908116637
"Lcu.1GRN.Chr3p402621903",3,402621903,9.46413317747978e-10,0.112654320987654,NA,7.93870844017292e-07,"GLM","NYC","DTF_Nepal_2017",9.02391915702788,6.10025014781619,"Significant",6.4841615699728
"Lcu.1GRN.Chr3p402621908",3,402621908,9.46413317747978e-10,0.112654320987654,NA,7.93870844017292e-07,"GLM","NYC","DTF_Nepal_2017",9.02391915702788,6.10025014781619,"Significant",6.4841615699728
"Lcu.1GRN.Chr3p344504402",3,344504402,9.52610870102817e-10,0.195987654320988,NA,7.97081742646453e-07,"GLM","NYC","DTF_Nepal_2017",9.02108446712556,6.09849713837816,"Significant",6.50289950216575
"Lcu.1GRN.Chr1p371694995",1,371694995,9.57915157443727e-10,0.195161290322581,NA,9.00030859675626e-07,"MLM","NYC","Cotyledon_RedvsYellow",9.01867295468526,6.04574259949726,"Significant",-0.230241138565979
"Lcu.1GRN.Chr1p498741727",1,498741727,9.62208930367546e-10,0.0951612903225807,NA,9.0154688379092e-07,"MLM","NYC","Cotyledon_RedvsYellow",9.01673061667961,6.04501168342606,"Significant",-0.425490493483262
"Lcu.1GRN.Chr4p500399212",4,500399212,9.89838172473982e-10,0.483024691358025,NA,8.26148778352704e-07,"GLM","NYC","DTF_Nepal_2017",9.00443580191389,6.082941735005,"Significant",-4.94552412069137
"Lcu.1GRN.Chr3p404058005",3,404058005,9.93981738760599e-10,0.0540123456790124,NA,8.26148778352704e-07,"GLM","NYC","DTF_Nepal_2017",9.00262159430325,6.082941735005,"Significant",10.2547346737495
"Lcu.1GRN.Chr1p447375583",1,447375583,9.94717838648991e-10,0.325617283950617,NA,8.26148778352704e-07,"GLM","NYC","DTF_Nepal_2017",9.00230009362221,6.082941735005,"Significant",6.06276342402685
"Lcu.1GRN.Chr2p47984501",2,47984501,9.99582499023427e-10,0.328703703703704,NA,4.73558544294385e-06,"GLM","NYC","DTF_Sask_2017",9.00018135623115,5.32462632311835,"Significant",1.86678906897768
"Lcu.1GRN.Chr5p145348497",5,145348497,1.00632433288878e-09,0.297839506172839,NA,8.33729795272903e-07,"GLM","NYC","DTF_Nepal_2017",8.99726202595713,6.07897467770245,"Significant",5.37582276826345
"Lcu.1GRN.Chr2p322517192",2,322517192,1.01075827790686e-09,0.0570987654320988,NA,8.3384114971604e-07,"GLM","NYC","DTF_Nepal_2017",8.99535269319533,6.07891667642772,"Significant",10.0011780488621
"Lcu.1GRN.Chr3p343756428",3,343756428,1.01141666419162e-09,0.205246913580247,NA,8.3384114971604e-07,"GLM","NYC","DTF_Nepal_2017",8.99506989516971,6.07891667642772,"Significant",7.19071623505124
"Lcu.1GRN.Chr1p367807789",1,367807789,1.01409242687158e-09,0.391935483870968,NA,9.47520075970867e-07,"MLM","NYC","Cotyledon_RedvsYellow",8.99392246053424,6.02341157946965,"Significant",-0.235236733230227
"Lcu.1GRN.Chr2p44894251",2,44894251,1.01428534461852e-09,0.0601851851851852,NA,8.34161658956718e-07,"GLM","NYC","DTF_Nepal_2017",8.99383984957844,6.07874977575391,"Significant",9.36861783914333
"Lcu.1GRN.Chr6p416393814",6,416393814,1.02094713863575e-09,0.114197530864197,NA,8.35809487734894e-07,"GLM","NYC","DTF_Nepal_2017",8.99099674370459,6.077892703248,"Significant",8.59269193593241
"Lcu.1GRN.Chr2p43391667",2,43391667,1.02125862364335e-09,0.182098765432099,NA,8.35809487734894e-07,"GLM","NYC","DTF_Nepal_2017",8.9908642632038,6.077892703248,"Significant",6.4723626132552
"Lcu.1GRN.Chr2p86496161",2,86496161,1.02209765306532e-09,0.486111111111111,NA,4.76071808589896e-06,"GLM","NYC","DTF_Sask_2017",8.99050760893578,5.32232753525799,"Significant",-1.50560933759755
"Lcu.1GRN.Chr2p86594355",2,86594355,1.04734750542272e-09,0.407407407407407,NA,4.76071808589896e-06,"GLM","NYC","DTF_Sask_2017",8.97990919735889,5.32232753525799,"Significant",1.47948791509189
"Lcu.1GRN.Chr2p86836140",2,86836140,1.04734750542272e-09,0.407407407407407,NA,4.76071808589896e-06,"GLM","NYC","DTF_Sask_2017",8.97990919735889,5.32232753525799,"Significant",1.47948791509189
"Lcu.1GRN.Chr3p27430606",3,27430606,1.06441435923892e-09,0.103395061728395,NA,8.69014234888635e-07,"GLM","NYC","DTF_Nepal_2017",8.97288927533057,6.06097310953183,"Significant",7.39947496945138
"Lcu.1GRN.Chr4p501049232",4,501049232,1.07991077743808e-09,0.300925925925926,NA,8.79531110107781e-07,"GLM","NYC","DTF_Nepal_2017",8.96661212457507,6.0557487943996,"Significant",-5.64440375970389
"Lcu.1GRN.Chr2p45338401",2,45338401,1.0829747007013e-09,0.263888888888889,NA,4.85702601534392e-06,"GLM","NYC","DTF_Sask_2017",8.96538168878018,5.31362957034001,"Significant",1.663618681359
"Lcu.1GRN.Chr3p417642561",3,417642561,1.08511009428564e-09,0.339506172839506,NA,8.81630983296086e-07,"GLM","NYC","DTF_Nepal_2017",8.9645261964559,6.05471315574492,"Significant",4.90226442742062
"Lcu.1GRN.Chr3p402533385",3,402533385,1.08805426382181e-09,0.112654320987654,NA,8.81892888093855e-07,"GLM","NYC","DTF_Nepal_2017",8.96334944481182,6.05458415969204,"Significant",6.46236444145677
"Lcu.1GRN.Chr2p50173631",2,50173631,1.0986093670614e-09,0.270061728395062,NA,4.86231496013609e-06,"GLM","NYC","DTF_Sask_2017",8.95915670237844,5.31315691282735,"Significant",1.74628410399563
"Lcu.1GRN.Chr2p44894573",2,44894573,1.10298633380434e-09,0.0540123456790124,NA,8.90293340829366e-07,"GLM","NYC","DTF_Nepal_2017",8.95742986851188,6.05046687502538,"Significant",9.45344660422779
"Lcu.1GRN.Chr5p131724286",5,131724286,1.10371208568571e-09,0.466049382716049,NA,8.90293340829366e-07,"GLM","NYC","DTF_Nepal_2017",8.9571442018835,6.05046687502538,"Significant",-5.00496026566265
"Lcu.1GRN.Chr1p367891938",1,367891938,1.11199997754451e-09,0.406451612903226,NA,1.03612215082192e-06,"MLM","NYC","Cotyledon_RedvsYellow",8.95389522152401,5.9845890415978,"Significant",-0.179043686210291
"Lcu.1GRN.Chr1p363516742",1,363516742,1.12037982090999e-09,0.111290322580645,NA,1.04104640668517e-06,"MLM","NYC","Cotyledon_RedvsYellow",8.95063472182844,5.98252991052973,"Significant",-0.337166007710361
"Lcu.1GRN.Chr3p387938510",3,387938510,1.12083740158445e-09,0.0555555555555556,NA,9.01944292485061e-07,"GLM","NYC","DTF_Nepal_2017",8.95045738536796,6.04482028531112,"Significant",8.82116957205767
"Lcu.1GRN.Chr2p51760724",2,51760724,1.14360523306387e-09,0.259259259259259,NA,4.99572807051943e-06,"GLM","NYC","DTF_Sask_2017",8.94172386600593,5.30140120934654,"Significant",1.74843896988185
"Lcu.1GRN.Chr2p44148868",2,44148868,1.14852441155834e-09,0.141975308641975,NA,9.22018402727072e-07,"GLM","NYC","DTF_Nepal_2017",8.93985976956568,6.0352604107001,"Significant",6.23397373172304
"Lcu.1GRN.Chr6p394293308",6,394293308,1.16256282560723e-09,0.104938271604938,NA,9.31066118954824e-07,"GLM","NYC","DTF_Nepal_2017",8.934583568264,6.03101947683003,"Significant",9.56506445243076
"Lcu.1GRN.Chr2p86594632",2,86594632,1.17903166557524e-09,0.412037037037037,NA,5.0310688170117e-06,"GLM","NYC","DTF_Sask_2017",8.92847453078284,5.29833974217653,"Significant",1.47793166873362
"Lcu.1GRN.Chr6p435432667",6,435432667,1.18232217588464e-09,0.145061728395062,NA,9.44641718137265e-07,"GLM","NYC","DTF_Nepal_2017",8.92726416461924,6.02473287862304,"Significant",8.77047306593431
"Lcu.1GRN.Chr2p50746725",2,50746725,1.18761266244871e-09,0.290123456790123,NA,5.0310688170117e-06,"GLM","NYC","DTF_Sask_2017",8.92532518055874,5.29833974217653,"Significant",1.67848738239414
"Lcu.1GRN.Chr2p248928606",2,248928606,1.19374116036968e-09,0.25462962962963,NA,9.48610244681556e-07,"GLM","NYC","DTF_Nepal_2017",8.92308983133857,6.02291218941992,"Significant",6.9461014796035
"Lcu.1GRN.Chr3p344509496",3,344509496,1.19534661416348e-09,0.179012345679012,NA,9.48610244681556e-07,"GLM","NYC","DTF_Nepal_2017",8.92250614426271,6.02291218941992,"Significant",6.40648824097718
"Lcu.1GRN.Chr2p86592972",2,86592972,1.19656656378579e-09,0.408950617283951,NA,5.0310688170117e-06,"GLM","NYC","DTF_Sask_2017",8.92206313701646,5.29833974217653,"Significant",1.47491999000957
"Lcu.1GRN.Chr5p432973415",5,432973415,1.20000643071758e-09,0.0509259259259259,NA,9.48610244681556e-07,"GLM","NYC","DTF_Nepal_2017",8.92081642660431,6.02291218941992,"Significant",9.6758605632549
"Lcu.1GRN.Chr5p432973837",5,432973837,1.20000643071758e-09,0.0509259259259259,NA,9.48610244681556e-07,"GLM","NYC","DTF_Nepal_2017",8.92081642660431,6.02291218941992,"Significant",9.6758605632549
"Lcu.1GRN.Chr2p630436544",2,630436544,1.20197318980968e-09,0.0941358024691358,NA,9.48610244681556e-07,"GLM","NYC","DTF_Nepal_2017",8.92010521922809,6.02291218941992,"Significant",7.77797165315201
"Lcu.1GRN.Chr5p2233348",5,2233348,1.20985053518445e-09,0.208333333333333,NA,9.48610244681556e-07,"GLM","NYC","DTF_Nepal_2017",8.91726827906707,6.02291218941992,"Significant",7.73268000152132
"Lcu.1GRN.Chr5p2233525",5,2233525,1.20985053518445e-09,0.208333333333333,NA,9.48610244681556e-07,"GLM","NYC","DTF_Nepal_2017",8.91726827906707,6.02291218941992,"Significant",7.73268000152132
"Lcu.1GRN.Chr5p2235030",5,2235030,1.20985053518445e-09,0.208333333333333,NA,9.48610244681556e-07,"GLM","NYC","DTF_Nepal_2017",8.91726827906707,6.02291218941992,"Significant",7.73268000152132
"Lcu.1GRN.Chr5p136001230",5,136001230,1.21405153393506e-09,0.339506172839506,NA,9.49690400732867e-07,"GLM","NYC","DTF_Nepal_2017",8.91576287798184,6.02241795172955,"Significant",4.88265934056426
"Lcu.1GRN.Chr7p633922459",7,633922459,1.22247937908731e-09,0.342592592592593,NA,9.51912600195557e-07,"GLM","NYC","DTF_Nepal_2017",8.91275845786825,6.0214029245097,"Significant",-7.42531974579242
"Lcu.1GRN.Chr3p26210720",3,26210720,1.22255228153915e-09,0.121913580246914,NA,9.51912600195557e-07,"GLM","NYC","DTF_Nepal_2017",8.91273255952667,6.0214029245097,"Significant",7.04532687722167
"Lcu.1GRN.Chr2p86074722",2,86074722,1.22890561236104e-09,0.345679012345679,NA,5.10325054460552e-06,"GLM","NYC","DTF_Sask_2017",8.91048147236574,5.29215310941251,"Significant",1.59918319103524
"Lcu.1GRN.Chr4p496227314",4,496227314,1.23169271098837e-09,0.364197530864197,NA,9.56814739300289e-07,"GLM","NYC","DTF_Nepal_2017",8.90949762867167,6.01917214319317,"Significant",-4.81293594224408
"Lcu.1GRN.Chr2p320598012",2,320598012,1.250321301675e-09,0.0555555555555556,NA,9.69047984517315e-07,"GLM","NYC","DTF_Nepal_2017",8.90297836970088,6.01365471738151,"Significant",9.97202024553667
"Lcu.1GRN.Chr1p368743868",1,368743868,1.25873634965373e-09,0.385483870967742,NA,1.16333202791988e-06,"MLM","NYC","Cotyledon_RedvsYellow",8.90006522611237,5.93429631509645,"Significant",-0.186084945011034
"Lcu.1GRN.Chr1p368966032",1,368966032,1.25890131363314e-09,0.390322580645161,NA,1.16333202791988e-06,"MLM","NYC","Cotyledon_RedvsYellow",8.90000831327927,5.93429631509645,"Significant",-0.187681195512014
"Lcu.1GRN.Chr2p10522008",2,10522008,1.26264314173954e-09,0.0725308641975309,NA,9.76348242890816e-07,"GLM","NYC","DTF_Nepal_2017",8.89871937586774,6.0103952509905,"Significant",8.81271598790659
"Lcu.1GRN.Chr5p459568083",5,459568083,1.27983700618646e-09,0.111111111111111,NA,9.87373702431008e-07,"GLM","NYC","DTF_Nepal_2017",8.89284533646243,6.00551844389914,"Significant",-6.93418256622874
"Lcu.1GRN.Chr6p394397622",6,394397622,1.29281485894849e-09,0.273148148148148,NA,9.93790240244908e-07,"GLM","NYC","DTF_Nepal_2017",8.88846366498359,6.00270527266253,"Significant",5.9789372292451
"Lcu.1GRN.Chr2p14539274",2,14539274,1.29629498484463e-09,0.0570987654320988,NA,9.93790240244908e-07,"GLM","NYC","DTF_Nepal_2017",8.88729615918088,6.00270527266253,"Significant",9.24319998076362
"Lcu.1GRN.Chr2p33029011",2,33029011,1.29701758932212e-09,0.0679012345679012,NA,9.93790240244908e-07,"GLM","NYC","DTF_Nepal_2017",8.88705413425228,6.00270527266253,"Significant",9.11610506163129
"Lcu.1GRN.Chr2p49705499",2,49705499,1.31332986399887e-09,0.319444444444444,NA,5.38732715077692e-06,"GLM","NYC","DTF_Sask_2017",8.88162618013886,5.26862665069071,"Significant",1.7053744330687
"Lcu.1GRN.Chr5p146521141",5,146521141,1.3214824468953e-09,0.300925925925926,NA,1.01004450214951e-06,"GLM","NYC","DTF_Nepal_2017",8.87893860117937,5.99565949095776,"Significant",5.33546064069139
"Lcu.1GRN.Chr2p183250275",2,183250275,1.32423699544823e-09,0.214506172839506,NA,1.01004450214951e-06,"GLM","NYC","DTF_Nepal_2017",8.8780342833218,5.99565949095776,"Significant",7.00058494384996
"Lcu.1GRN.Chr2p572786242",2,572786242,1.33262402094066e-09,0.16358024691358,NA,1.01414195486821e-06,"GLM","NYC","DTF_Nepal_2017",8.87529236271132,5.99390125022853,"Significant",7.5752502437424
"Lcu.1GRN.Chr1p572633339",1,572633339,1.36378480873468e-09,0.498456790123457,NA,1.0355128775613e-06,"GLM","NYC","DTF_Nepal_2017",8.8652541514918,5.984844495883,"Significant",-4.39531525987422
"Lcu.1GRN.Chr6p300014960",6,300014960,1.37086819070423e-09,0.158950617283951,NA,1.03854689347435e-06,"GLM","NYC","DTF_Nepal_2017",8.86300430071869,5.98357388900143,"Significant",7.91704576462109
"Lcu.1GRN.Chr3p344049630",3,344049630,1.38587442286347e-09,0.466049382716049,NA,1.04755600448386e-06,"GLM","NYC","DTF_Nepal_2017",8.8582761203218,5.97982274947085,"Significant",-6.22355509888274
"Lcu.1GRN.Chr2p11153005",2,11153005,1.39524231242854e-09,0.0725308641975309,NA,1.05227235628846e-06,"GLM","NYC","DTF_Nepal_2017",8.85535036170079,5.97787183858106,"Significant",8.1340396796852
"Lcu.1GRN.Chr3p389315999",3,389315999,1.40834892453075e-09,0.095679012345679,NA,5.70749521322452e-06,"GLM","NYC","DTF_Sask_2017",8.85128973352849,5.24355444407269,"Significant",2.29857881167453
"Lcu.1GRN.Chr2p33028974",2,33028974,1.41510029687622e-09,0.0679012345679012,NA,1.06486139051312e-06,"GLM","NYC","DTF_Nepal_2017",8.84921277792327,5.97270691922333,"Significant",8.99700910862362
"Lcu.1GRN.Chr1p373216396",1,373216396,1.43858760373004e-09,0.382258064516129,NA,1.3257353328873e-06,"MLM","NYC","Cotyledon_RedvsYellow",8.84206368632276,5.87754316894736,"Significant",-0.213869273752303
"Lcu.1GRN.Chr1p363890991",1,363890991,1.46089250854931e-09,0.146774193548387,NA,1.34261210498144e-06,"MLM","NYC","Cotyledon_RedvsYellow",8.83538173797487,5.87204944153741,"Significant",-0.236886050256226
"Lcu.1GRN.Chr5p146057017",5,146057017,1.47654629229698e-09,0.297839506172839,NA,1.108619300672e-06,"GLM","NYC","DTF_Nepal_2017",8.83075293259733,5.9552175647636,"Significant",5.34659421742066
"Lcu.1GRN.Chr4p496387229",4,496387229,1.4931536169776e-09,0.381172839506173,NA,1.11859154272139e-06,"GLM","NYC","DTF_Nepal_2017",8.82589550937228,5.95132846854372,"Significant",-4.77415489238376
"Lcu.1GRN.Chr2p47377002",2,47377002,1.499977136091e-09,0.186728395061728,NA,5.97395082443639e-06,"GLM","NYC","DTF_Sask_2017",8.82391536077445,5.22373835668399,"Significant",1.78786687524916
"Lcu.1GRN.Chr2p561723045",2,561723045,1.50961842296388e-09,0.189814814814815,NA,5.97395082443639e-06,"GLM","NYC","DTF_Sask_2017",8.82113281280157,5.22373835668399,"Significant",2.15119198916315
"Lcu.1GRN.Chr5p2543117",5,2543117,1.52373981336685e-09,0.291666666666667,NA,1.13896842178393e-06,"GLM","NYC","DTF_Nepal_2017",8.81708918474574,5.94348831668921,"Significant",5.67442607539368
"Lcu.1GRN.Chr2p43391673",2,43391673,1.54351959922177e-09,0.177469135802469,NA,1.15119524840671e-06,"GLM","NYC","DTF_Nepal_2017",8.81148785158531,5.93885101163139,"Significant",6.45816896657504
"Lcu.1GRN.Chr2p86496075",2,86496075,1.56645045788985e-09,0.462962962962963,NA,6.04994153009229e-06,"GLM","NYC","DTF_Sask_2017",8.80508333599153,5.21824882258406,"Significant",-1.44928068154182
"Lcu.1GRN.Chr2p45095411",2,45095411,1.58085907546228e-09,0.239197530864197,NA,6.04994153009229e-06,"GLM","NYC","DTF_Sask_2017",8.80110684320944,5.21824882258406,"Significant",1.68685497425932
"Lcu.1GRN.Chr5p145755486",5,145755486,1.58223585297558e-09,0.300925925925926,NA,1.17746001583592e-06,"GLM","NYC","DTF_Nepal_2017",8.80072877873264,5.92905383171215,"Significant",5.2813198382907
"Lcu.1GRN.Chr1p559405083",1,559405083,1.59633171896763e-09,0.271604938271605,NA,6.04994153009229e-06,"GLM","NYC","DTF_Sask_2017",8.7968768568776,5.21824882258406,"Significant",1.57786731579978
"Lcu.1GRN.Chr3p389283787",3,389283787,1.60617430509683e-09,0.186728395061728,NA,1.19263583329471e-06,"GLM","NYC","DTF_Nepal_2017",8.7942073260349,5.92349214621586,"Significant",6.43872002124658
"Lcu.1GRN.Chr4p262477866",4,262477866,1.61570843144568e-09,0.328703703703704,NA,1.19707268273147e-06,"GLM","NYC","DTF_Nepal_2017",8.79163700868457,5.9218794797098,"Significant",5.07761938687213
"Lcu.1GRN.Chr3p414937923",3,414937923,1.63622274346699e-09,0.149691358024691,NA,1.2074687988564e-06,"GLM","NYC","DTF_Nepal_2017",8.78615757494721,5.91812408265477,"Significant",6.74969941662721
"Lcu.1GRN.Chr3p389298069",3,389298069,1.63673808440899e-09,0.0833333333333334,NA,6.04994153009229e-06,"GLM","NYC","DTF_Sask_2017",8.78602081209484,5.21824882258406,"Significant",2.33134321671781
"Lcu.1GRN.Chr3p389318049",3,389318049,1.63673808440899e-09,0.0833333333333334,NA,6.04994153009229e-06,"GLM","NYC","DTF_Sask_2017",8.78602081209484,5.21824882258406,"Significant",2.33134321671781
"Lcu.1GRN.Chr3p389319560",3,389319560,1.63673808440899e-09,0.0833333333333334,NA,6.04994153009229e-06,"GLM","NYC","DTF_Sask_2017",8.78602081209484,5.21824882258406,"Significant",2.33134321671781
"Lcu.1GRN.Chr6p328167434",6,328167434,1.63691971054984e-09,0.138888888888889,NA,1.2074687988564e-06,"GLM","NYC","DTF_Nepal_2017",8.78597262182221,5.91812408265477,"Significant",6.75653597416931
"Lcu.1GRN.Chr2p14507443",2,14507443,1.668199084984e-09,0.0555555555555556,NA,1.2278492814416e-06,"GLM","NYC","DTF_Nepal_2017",8.77775212135382,5.9108549395918,"Significant",9.2672015494777
"Lcu.1GRN.Chr3p389318847",3,389318847,1.69634553001359e-09,0.0879629629629629,NA,6.20211583580522e-06,"GLM","NYC","DTF_Sask_2017",8.77048568126911,5.20746012678279,"Significant",2.29610082973676
"Lcu.1GRN.Chr7p647947892",7,647947892,1.71001503484605e-09,0.058641975308642,NA,1.25587909874686e-06,"GLM","NYC","DTF_Nepal_2017",8.76700007117394,5.90105216734594,"Significant",9.28524106179566
"Lcu.1GRN.Chr5p2416770",5,2416770,1.72192592337634e-09,0.266975308641975,NA,1.26187158402686e-06,"GLM","NYC","DTF_Nepal_2017",8.76398553567033,5.89898483937572,"Significant",5.61977400741335
"Lcu.1GRN.Chr2p579805920",2,579805920,1.74332337559085e-09,0.0509259259259259,NA,1.2671099132291e-06,"GLM","NYC","DTF_Nepal_2017",8.75862204650533,5.89718571136873,"Significant",9.94454071152359
"Lcu.1GRN.Chr2p579806040",2,579806040,1.74332337559085e-09,0.0509259259259259,NA,1.2671099132291e-06,"GLM","NYC","DTF_Nepal_2017",8.75862204650533,5.89718571136873,"Significant",9.94454071152359
"Lcu.1GRN.Chr2p579806628",2,579806628,1.74332337559085e-09,0.0509259259259259,NA,1.2671099132291e-06,"GLM","NYC","DTF_Nepal_2017",8.75862204650533,5.89718571136873,"Significant",9.94454071152359
"Lcu.1GRN.Chr4p262355430",4,262355430,1.74414223103062e-09,0.0632716049382716,NA,1.2671099132291e-06,"GLM","NYC","DTF_Nepal_2017",8.75841810218265,5.89718571136873,"Significant",8.70340164149184
"Lcu.1GRN.Chr1p353675504",1,353675504,1.7451113175456e-09,0.216129032258065,NA,1.5994492058552e-06,"MLM","NYC","Cotyledon_RedvsYellow",8.75817686494901,5.79602954736923,"Significant",-0.274348806625203
"Lcu.1GRN.Chr2p44193039",2,44193039,1.75836415836084e-09,0.12962962962963,NA,1.27468895874e-06,"GLM","NYC","DTF_Nepal_2017",8.7548911772777,5.89459577600071,"Significant",7.49636289183229
"Lcu.1GRN.Chr2p50173498",2,50173498,1.76051146343266e-09,0.256172839506173,NA,6.36750494000488e-06,"GLM","NYC","DTF_Sask_2017",8.75436114271005,5.19603070943211,"Significant",1.76999927021998
"Lcu.1GRN.Chr3p26210523",3,26210523,1.76782911694165e-09,0.118827160493827,NA,1.27605016433114e-06,"GLM","NYC","DTF_Nepal_2017",8.75255971735237,5.89413225221049,"Significant",7.03934722969814
"Lcu.1GRN.Chr3p26211111",3,26211111,1.76782911694165e-09,0.118827160493827,NA,1.27605016433114e-06,"GLM","NYC","DTF_Nepal_2017",8.75255971735237,5.89413225221049,"Significant",7.03934722969814
"Lcu.1GRN.Chr1p355871275",1,355871275,1.78632229413893e-09,0.209677419354839,NA,1.63277138889301e-06,"MLM","NYC","Cotyledon_RedvsYellow",8.74804018154022,5.78707461838186,"Significant",-0.267072055933119
"Lcu.1GRN.Chr7p53940937",7,53940937,1.81261108656129e-09,0.0555555555555556,NA,1.30557291938621e-06,"GLM","NYC","DTF_Nepal_2017",8.7416953680385,5.88419886677274,"Significant",8.67040401963959
"Lcu.1GRN.Chr2p45079647",2,45079647,1.83599611411558e-09,0.155864197530864,NA,6.56987771187993e-06,"GLM","NYC","DTF_Sask_2017",8.73612824231775,5.18244271408558,"Significant",1.89750153613599
"Lcu.1GRN.Chr2p249135386",2,249135386,1.85081790400585e-09,0.279320987654321,NA,1.33024373059132e-06,"GLM","NYC","DTF_Nepal_2017",8.73263630797626,5.87606877921851,"Significant",6.19341431658734
"Lcu.1GRN.Chr3p389318666",3,389318666,1.86510482312791e-09,0.0848765432098766,NA,6.57156242839784e-06,"GLM","NYC","DTF_Sask_2017",8.72929675483292,5.18233136204448,"Significant",2.3118529428051
"Lcu.1GRN.Chr2p45082293",2,45082293,1.87554068361698e-09,0.174382716049383,NA,6.57156242839784e-06,"GLM","NYC","DTF_Sask_2017",8.72687351083679,5.18233136204448,"Significant",1.96142970713311
"Lcu.1GRN.Chr4p500401363",4,500401363,1.8790059721267e-09,0.49537037037037,NA,1.34762388449113e-06,"GLM","NYC","DTF_Nepal_2017",8.72607183956017,5.87043130044338,"Significant",-4.70606624354576
"Lcu.1GRN.Chr5p148012826",5,148012826,1.89059581343943e-09,0.302469135802469,NA,1.3530511531472e-06,"GLM","NYC","DTF_Nepal_2017",8.72340130814878,5.86868578425262,"Significant",5.25230324501177
"Lcu.1GRN.Chr2p85258138",2,85258138,1.90745140171653e-09,0.458333333333333,NA,6.61447119217714e-06,"GLM","NYC","DTF_Sask_2017",8.71954651824082,5.17950487067519,"Significant",-1.42495080540576
"Lcu.1GRN.Chr2p248631524",2,248631524,1.91231475367369e-09,0.304012345679012,NA,1.36528897700325e-06,"GLM","NYC","DTF_Nepal_2017",8.71844062433322,5.86477541614323,"Significant",6.07115712134379
"Lcu.1GRN.Chr5p459349175",5,459349175,1.9180540491534e-09,0.149691358024691,NA,1.36528897700325e-06,"GLM","NYC","DTF_Nepal_2017",8.7171391589389,5.86477541614323,"Significant",-6.10728534662849
"Lcu.1GRN.Chr3p344051005",3,344051005,1.92393122719987e-09,0.464506172839506,NA,1.36528897700325e-06,"GLM","NYC","DTF_Nepal_2017",8.71581045630102,5.86477541614323,"Significant",-6.14192976301587
"Lcu.1GRN.Chr3p344137927",3,344137927,1.92393122719987e-09,0.464506172839506,NA,1.36528897700325e-06,"GLM","NYC","DTF_Nepal_2017",8.71581045630102,5.86477541614323,"Significant",-6.14192976301587
"Lcu.1GRN.Chr1p361420610",1,361420610,1.9281015265221e-09,0.167741935483871,NA,1.75758733379854e-06,"MLM","NYC","Cotyledon_RedvsYellow",8.71487010152892,5.75508308585611,"Significant",-0.224498924647492
"Lcu.1GRN.Chr3p402976102",3,402976102,1.94077414008919e-09,0.0570987654320988,NA,1.3743418424829e-06,"GLM","NYC","DTF_Nepal_2017",8.71202500321049,5.86190523100349,"Significant",9.91664600715421
"Lcu.1GRN.Chr6p172232372",6,172232372,1.94401873353472e-09,0.28416149068323,NA,4.67074106673481e-05,"FarmCPU","NYC","DTF_Sask_2017_b",8.71129955431121,4.33061420815757,"Significant",-0.782874999469782
"Lcu.1GRN.Chr3p273421348",3,273421348,1.94620404891305e-09,0.0564516129032258,NA,7.27376463689706e-05,"FarmCPU","NYC","Cotyledon_RedvsYellow",8.71081162826536,4.13824075587281,"Significant",-0.463893366312789
"Lcu.1GRN.Chr2p45339483",2,45339483,1.95132653723742e-09,0.231481481481482,NA,6.69756993215243e-06,"GLM","NYC","DTF_Sask_2017",8.7096700491836,5.17408274304423,"Significant",1.82520020341323
"Lcu.1GRN.Chr2p14058220",2,14058220,1.95409115356348e-09,0.0632716049382716,NA,1.38086508203926e-06,"GLM","NYC","DTF_Nepal_2017",8.70905518137145,5.85984875226007,"Significant",8.68054976420626
"Lcu.1GRN.Chr1p355044557",1,355044557,1.96589691993165e-09,0.4,NA,1.78719688990986e-06,"MLM","NYC","Cotyledon_RedvsYellow",8.7064392577544,5.74782759998952,"Significant",0.22945892019737
"Lcu.1GRN.Chr2p247766379",2,247766379,1.96913775410617e-09,0.299382716049383,NA,1.38858062669901e-06,"GLM","NYC","DTF_Nepal_2017",8.70572390105055,5.85742889825879,"Significant",6.10801187369725
"Lcu.1GRN.Chr2p43312218",2,43312218,1.97980316047962e-09,0.171296296296296,NA,1.39318085707333e-06,"GLM","NYC","DTF_Nepal_2017",8.70337798679254,5.85599250157279,"Significant",5.89804684452378
"Lcu.1GRN.Chr1p488887945",1,488887945,1.98747279417359e-09,0.0725308641975309,NA,1.39565816567388e-06,"GLM","NYC","DTF_Nepal_2017",8.70169880753748,5.85522093912017,"Significant",8.8806735606488
"Lcu.1GRN.Chr6p40079300",6,40079300,1.99680601442403e-09,0.246913580246914,NA,9.59513783791095e-05,"BLINK","NYC","DTF_Sask_2017",8.69966412389108,4.01794878207347,"Significant",-1.11215124778583
"Lcu.1GRN.Chr2p16982263",2,16982263,2.00802663888019e-09,0.0617283950617284,NA,1.40715395091711e-06,"GLM","NYC","DTF_Nepal_2017",8.69723053005195,5.85165838559567,"Significant",8.85324658457944
"Lcu.1GRN.Chr4p262472283",4,262472283,2.01503972216823e-09,0.356481481481482,NA,1.40857486333711e-06,"GLM","NYC","DTF_Nepal_2017",8.69571638825814,5.85122006605826,"Significant",4.9542796683632
"Lcu.1GRN.Chr1p363539008",1,363539008,2.01729483160262e-09,0.0580645161290323,NA,1.82897954345466e-06,"MLM","NYC","Cotyledon_RedvsYellow",8.69523062415673,5.7377911519399,"Significant",-0.333461363190219
"Lcu.1GRN.Chr4p496352655",4,496352655,2.01842952527593e-09,0.424382716049383,NA,1.40857486333711e-06,"GLM","NYC","DTF_Nepal_2017",8.69498640965129,5.85122006605826,"Significant",-4.86435031539435
"Lcu.1GRN.Chr7p172623573",7,172623573,2.03501633280337e-09,0.0632716049382716,NA,1.4172098112134e-06,"GLM","NYC","DTF_Nepal_2017",8.69143210082799,5.84856584974763,"Significant",8.57592083279587
"Lcu.1GRN.Chr7p633798826",7,633798826,2.06208672363878e-09,0.341049382716049,NA,1.42986333431205e-06,"GLM","NYC","DTF_Nepal_2017",8.68569307387027,5.84470547022062,"Significant",-7.49858153867262
"Lcu.1GRN.Chr7p53113612",7,53113612,2.06468340731855e-09,0.0570987654320988,NA,1.42986333431205e-06,"GLM","NYC","DTF_Nepal_2017",8.68514653238314,5.84470547022062,"Significant",8.70608159608992
"Lcu.1GRN.Chr5p131766980",5,131766980,2.06593863391967e-09,0.172839506172839,NA,1.42986333431205e-06,"GLM","NYC","DTF_Nepal_2017",8.6848825827902,5.84470547022062,"Significant",-8.76770625216841
"Lcu.1GRN.Chr3p26210624",3,26210624,2.08499803972691e-09,0.125,NA,1.44009144892982e-06,"GLM","NYC","DTF_Nepal_2017",8.68089434900494,5.8416099283877,"Significant",6.857987223686
"Lcu.1GRN.Chr1p361792419",1,361792419,2.09281239321852e-09,0.209677419354839,NA,1.89234684481111e-06,"MLM","NYC","Cotyledon_RedvsYellow",8.67926970154272,5.72299925959274,"Significant",-0.213182978976183
"Lcu.1GRN.Chr6p440118762",6,440118762,2.12247725919779e-09,0.135802469135803,NA,1.45998222544904e-06,"GLM","NYC","DTF_Nepal_2017",8.67315695420901,5.83565243150076,"Significant",11.4283779112131
"Lcu.1GRN.Chr6p440118763",6,440118763,2.12247725919779e-09,0.135802469135803,NA,1.45998222544904e-06,"GLM","NYC","DTF_Nepal_2017",8.67315695420901,5.83565243150076,"Significant",11.4283779112131
"Lcu.1GRN.Chr1p558449588",1,558449588,2.12532758244103e-09,0.234567901234568,NA,7.22092833961601e-06,"GLM","NYC","DTF_Sask_2017",8.672574121481,5.14140696491581,"Significant",1.71509357617452
"Lcu.1GRN.Chr6p420069402",6,420069402,2.12984456042531e-09,0.205246913580247,NA,1.46206005154404e-06,"GLM","NYC","DTF_Nepal_2017",8.6716520909335,5.83503478913014,"Significant",6.53395937328435
"Lcu.1GRN.Chr2p561525709",2,561525709,2.14927174757119e-09,0.188271604938272,NA,7.22092833961601e-06,"GLM","NYC","DTF_Sask_2017",8.66770867012542,5.14140696491581,"Significant",2.1141248229365
"Lcu.1GRN.Chr2p86839306",2,86839306,2.16820842205453e-09,0.353395061728395,NA,7.22092833961601e-06,"GLM","NYC","DTF_Sask_2017",8.66389897296505,5.14140696491581,"Significant",1.56788900330869
"Lcu.1GRN.Chr1p367435967",1,367435967,2.16916740333332e-09,0.359677419354839,NA,1.95612957629228e-06,"MLM","NYC","Cotyledon_RedvsYellow",8.66370693044847,5.70860238042529,"Significant",-0.184055156248682
"Lcu.1GRN.Chr2p43564884",2,43564884,2.1825751660317e-09,0.158950617283951,NA,1.49520623395639e-06,"GLM","NYC","DTF_Nepal_2017",8.6610307906324,5.82529890092349,"Significant",8.47983247007232
"Lcu.1GRN.Chr4p390213401",4,390213401,2.20323842699743e-09,0.279320987654321,NA,7.26565392131221e-06,"GLM","NYC","DTF_Sask_2017",8.65693850242874,5.13872529235879,"Significant",1.84246947275085
"Lcu.1GRN.Chr4p7084243",4,7084243,2.21252035539269e-09,0.0972222222222222,NA,1.51263990728124e-06,"GLM","NYC","DTF_Nepal_2017",8.6551127250622,5.82026444599769,"Significant",8.10020422534103
"Lcu.1GRN.Chr1p367561751",1,367561751,2.22303626862458e-09,0.248387096774194,NA,1.99934770205467e-06,"MLM","NYC","Cotyledon_RedvsYellow",8.65305345177018,5.69911167213879,"Significant",-0.23350275242915
"Lcu.1GRN.Chr4p501024238",4,501024238,2.22615764796766e-09,0.157407407407407,NA,1.51887620603232e-06,"GLM","NYC","DTF_Nepal_2017",8.65244408383862,5.81847762128398,"Significant",-8.42418881275387
"Lcu.1GRN.Chr2p610527821",2,610527821,2.23714033789626e-09,0.282407407407407,NA,1.52327972477156e-06,"GLM","NYC","DTF_Nepal_2017",8.65030677135163,5.8172203384434,"Significant",-5.2624843922037
"Lcu.1GRN.Chr7p1431173",7,1431173,2.24292475733617e-09,0.135802469135803,NA,1.52413307444625e-06,"GLM","NYC","DTF_Nepal_2017",8.64918529530772,5.81697711240941,"Significant",-5.82145009702128
"Lcu.1GRN.Chr2p43614088",2,43614088,2.25484082964076e-09,0.253086419753086,NA,1.52914122045116e-06,"GLM","NYC","DTF_Nepal_2017",8.64688410977205,5.81555240443037,"Significant",5.10811840121642
"Lcu.1GRN.Chr3p345164894",3,345164894,2.26210746593621e-09,0.208333333333333,NA,1.53098249898303e-06,"GLM","NYC","DTF_Nepal_2017",8.64548676689312,5.81502977379458,"Significant",6.2410149252766
"Lcu.1GRN.Chr4p166674674",4,166674674,2.32952820231131e-09,0.0509259259259259,NA,1.54856998582381e-06,"GLM","NYC","DTF_Nepal_2017",8.63273202742051,5.81006916242843,"Significant",9.90591871561514
"Lcu.1GRN.Chr4p171013187",4,171013187,2.32952820231131e-09,0.0509259259259259,NA,1.54856998582381e-06,"GLM","NYC","DTF_Nepal_2017",8.63273202742051,5.81006916242843,"Significant",9.90591871561514
"Lcu.1GRN.Chr4p171016686",4,171016686,2.32952820231131e-09,0.0509259259259259,NA,1.54856998582381e-06,"GLM","NYC","DTF_Nepal_2017",8.63273202742051,5.81006916242843,"Significant",9.90591871561514
"Lcu.1GRN.Chr4p176594575",4,176594575,2.32952820231131e-09,0.0509259259259259,NA,1.54856998582381e-06,"GLM","NYC","DTF_Nepal_2017",8.63273202742051,5.81006916242843,"Significant",9.90591871561514
"Lcu.1GRN.Chr4p177335567",4,177335567,2.32952820231131e-09,0.0509259259259259,NA,1.54856998582381e-06,"GLM","NYC","DTF_Nepal_2017",8.63273202742051,5.81006916242843,"Significant",9.90591871561514
"Lcu.1GRN.Chr4p179198199",4,179198199,2.32952820231131e-09,0.0509259259259259,NA,1.54856998582381e-06,"GLM","NYC","DTF_Nepal_2017",8.63273202742051,5.81006916242843,"Significant",9.90591871561514
"Lcu.1GRN.Chr4p180297692",4,180297692,2.32952820231131e-09,0.0509259259259259,NA,1.54856998582381e-06,"GLM","NYC","DTF_Nepal_2017",8.63273202742051,5.81006916242843,"Significant",9.90591871561514
"Lcu.1GRN.Chr4p180306644",4,180306644,2.32952820231131e-09,0.0509259259259259,NA,1.54856998582381e-06,"GLM","NYC","DTF_Nepal_2017",8.63273202742051,5.81006916242843,"Significant",9.90591871561514
"Lcu.1GRN.Chr4p180959049",4,180959049,2.32952820231131e-09,0.0509259259259259,NA,1.54856998582381e-06,"GLM","NYC","DTF_Nepal_2017",8.63273202742051,5.81006916242843,"Significant",9.90591871561514
"Lcu.1GRN.Chr2p247038555",2,247038555,2.33980926224347e-09,0.308641975308642,NA,1.55233653276735e-06,"GLM","NYC","DTF_Nepal_2017",8.63081954418448,5.80901412168594,"Significant",6.25023127431541
"Lcu.1GRN.Chr1p570311238",1,570311238,2.3604629581521e-09,0.266975308641975,NA,1.56295638552116e-06,"GLM","NYC","DTF_Nepal_2017",8.62700281039747,5.80605314084951,"Significant",5.84333596693642
"Lcu.1GRN.Chr3p402979204",3,402979204,2.37709619152599e-09,0.0555555555555556,NA,1.56779747971573e-06,"GLM","NYC","DTF_Nepal_2017",8.62395324376459,5.80471003803065,"Significant",9.97752493425651
"Lcu.1GRN.Chr3p403248996",3,403248996,2.37709619152599e-09,0.0555555555555556,NA,1.56779747971573e-06,"GLM","NYC","DTF_Nepal_2017",8.62395324376459,5.80471003803065,"Significant",9.97752493425651
"Lcu.1GRN.Chr6p302708933",6,302708933,2.38595781306308e-09,0.219135802469136,NA,1.57056256694049e-06,"GLM","NYC","DTF_Nepal_2017",8.62233723950721,5.80394475781004,"Significant",7.07447449727795
"Lcu.1GRN.Chr3p345869604",3,345869604,2.40439091945404e-09,0.205246913580247,NA,1.57960500078905e-06,"GLM","NYC","DTF_Nepal_2017",8.61899492087912,5.80145150002308,"Significant",6.33914813857848
"Lcu.1GRN.Chr2p322517268",2,322517268,2.41500821446084e-09,0.058641975308642,NA,1.58047277470073e-06,"GLM","NYC","DTF_Nepal_2017",8.61708138769137,5.80121298093739,"Significant",9.63432360647812
"Lcu.1GRN.Chr2p246701536",2,246701536,2.4151091105732e-09,0.305555555555556,NA,1.58047277470073e-06,"GLM","NYC","DTF_Nepal_2017",8.61706324377399,5.80121298093739,"Significant",6.03082602523295
"Lcu.1GRN.Chr1p367805757",1,367805757,2.44587404261498e-09,0.125806451612903,NA,2.19389683757939e-06,"MLM","NYC","Cotyledon_RedvsYellow",8.61156591197912,5.65878379787496,"Significant",-0.255988781926856
"Lcu.1GRN.Chr2p183250104",2,183250104,2.47947058463562e-09,0.123456790123457,NA,1.61944093619831e-06,"GLM","NYC","DTF_Nepal_2017",8.60564103962381,5.79063488683313,"Significant",11.9276732811172
"Lcu.1GRN.Chr2p86600607",2,86600607,2.49590320859185e-09,0.405864197530864,NA,8.13606261953525e-06,"GLM","NYC","DTF_Sask_2017",8.60277226065208,5.08958571750739,"Significant",1.43875618757374
"Lcu.1GRN.Chr2p561528064",2,561528064,2.50096790742006e-09,0.0709876543209876,NA,1.62382908383883e-06,"GLM","NYC","DTF_Nepal_2017",8.60189188112827,5.78945968436329,"Significant",8.35304079847697
"Lcu.1GRN.Chr2p561717594",2,561717594,2.50096790742006e-09,0.0709876543209876,NA,1.62382908383883e-06,"GLM","NYC","DTF_Nepal_2017",8.60189188112827,5.78945968436329,"Significant",8.35304079847697
"Lcu.1GRN.Chr2p561727775",2,561727775,2.50096790742006e-09,0.0709876543209876,NA,1.62382908383883e-06,"GLM","NYC","DTF_Nepal_2017",8.60189188112827,5.78945968436329,"Significant",8.35304079847697
"Lcu.1GRN.Chr2p248785709",2,248785709,2.50549933409744e-09,0.305555555555556,NA,1.62382908383883e-06,"GLM","NYC","DTF_Nepal_2017",8.60110570834671,5.78945968436329,"Significant",6.02800507359115
"Lcu.1GRN.Chr3p389318737",3,389318737,2.51982524992426e-09,0.0879629629629629,NA,8.13606261953525e-06,"GLM","NYC","DTF_Sask_2017",8.59862957653002,5.08958571750739,"Significant",2.27826270812966
"Lcu.1GRN.Chr2p50159657",2,50159657,2.53974550134586e-09,0.361111111111111,NA,8.13606261953525e-06,"GLM","NYC","DTF_Sask_2017",8.59520980026933,5.08958571750739,"Significant",1.62698921750308
"Lcu.1GRN.Chr3p333952775",3,333952775,2.55862121244105e-09,0.174382716049383,NA,1.62479121648788e-06,"GLM","NYC","DTF_Nepal_2017",8.59199400388345,5.78920243736369,"Significant",-7.56654606652648
"Lcu.1GRN.Chr2p321537149",2,321537149,2.5588329155534e-09,0.058641975308642,NA,1.62479121648788e-06,"GLM","NYC","DTF_Nepal_2017",8.59195807137042,5.78920243736369,"Significant",9.78119108735223
"Lcu.1GRN.Chr2p246726604",2,246726604,2.56727343175542e-09,0.307098765432099,NA,1.62479121648788e-06,"GLM","NYC","DTF_Nepal_2017",8.59052787360417,5.78920243736369,"Significant",6.0231621305731
"Lcu.1GRN.Chr2p247282866",2,247282866,2.56727343175542e-09,0.307098765432099,NA,1.62479121648788e-06,"GLM","NYC","DTF_Nepal_2017",8.59052787360417,5.78920243736369,"Significant",6.0231621305731
"Lcu.1GRN.Chr2p247546154",2,247546154,2.56727343175542e-09,0.307098765432099,NA,1.62479121648788e-06,"GLM","NYC","DTF_Nepal_2017",8.59052787360417,5.78920243736369,"Significant",6.0231621305731
"Lcu.1GRN.Chr2p247549476",2,247549476,2.56727343175542e-09,0.307098765432099,NA,1.62479121648788e-06,"GLM","NYC","DTF_Nepal_2017",8.59052787360417,5.78920243736369,"Significant",6.0231621305731
"Lcu.1GRN.Chr2p247550792",2,247550792,2.56727343175542e-09,0.307098765432099,NA,1.62479121648788e-06,"GLM","NYC","DTF_Nepal_2017",8.59052787360417,5.78920243736369,"Significant",6.0231621305731
"Lcu.1GRN.Chr2p247765777",2,247765777,2.56727343175542e-09,0.307098765432099,NA,1.62479121648788e-06,"GLM","NYC","DTF_Nepal_2017",8.59052787360417,5.78920243736369,"Significant",6.0231621305731
"Lcu.1GRN.Chr2p248168923",2,248168923,2.56727343175542e-09,0.307098765432099,NA,1.62479121648788e-06,"GLM","NYC","DTF_Nepal_2017",8.59052787360417,5.78920243736369,"Significant",6.0231621305731
"Lcu.1GRN.Chr2p248169146",2,248169146,2.56727343175542e-09,0.307098765432099,NA,1.62479121648788e-06,"GLM","NYC","DTF_Nepal_2017",8.59052787360417,5.78920243736369,"Significant",6.0231621305731
"Lcu.1GRN.Chr2p248785832",2,248785832,2.56727343175542e-09,0.307098765432099,NA,1.62479121648788e-06,"GLM","NYC","DTF_Nepal_2017",8.59052787360417,5.78920243736369,"Significant",6.0231621305731
"Lcu.1GRN.Chr2p249133636",2,249133636,2.56727343175542e-09,0.307098765432099,NA,1.62479121648788e-06,"GLM","NYC","DTF_Nepal_2017",8.59052787360417,5.78920243736369,"Significant",6.0231621305731
"Lcu.1GRN.Chr2p10263883",2,10263883,2.56977922082591e-09,0.0740740740740741,NA,1.62479121648788e-06,"GLM","NYC","DTF_Nepal_2017",8.59010418690051,5.78920243736369,"Significant",8.28734458873237
"Lcu.1GRN.Chr1p558449671",1,558449671,2.5774974004832e-09,0.243827160493827,NA,8.17910441611633e-06,"GLM","NYC","DTF_Sask_2017",8.58880176404886,5.08729424748175,"Significant",1.67273950842426
"Lcu.1GRN.Chr2p10546685",2,10546685,2.57867078175063e-09,0.322530864197531,NA,1.62735413667001e-06,"GLM","NYC","DTF_Nepal_2017",8.5886041005901,5.7885179277848,"Significant",4.74396310047007
"Lcu.1GRN.Chr2p249100768",2,249100768,2.60503295295003e-09,0.219135802469136,NA,1.64091220839877e-06,"GLM","NYC","DTF_Nepal_2017",8.58418677862402,5.7849146538207,"Significant",7.08442114412503
"Lcu.1GRN.Chr1p355049808",1,355049808,2.60952422923247e-09,0.488709677419355,NA,2.33446233088894e-06,"MLM","NYC","Cotyledon_RedvsYellow",8.58343866639882,5.63181312949461,"Significant",0.175106587037294
"Lcu.1GRN.Chr3p26211357",3,26211357,2.61810624399885e-09,0.12037037037037,NA,1.64154264089406e-06,"GLM","NYC","DTF_Nepal_2017",8.58201273355065,5.78474783150639,"Significant",6.87583345645294
"Lcu.1GRN.Chr2p43812707",2,43812707,2.62067443643434e-09,0.251543209876543,NA,1.64154264089406e-06,"GLM","NYC","DTF_Nepal_2017",8.58158692763871,5.78474783150639,"Significant",5.10143099426602
"Lcu.1GRN.Chr2p43812709",2,43812709,2.62067443643434e-09,0.251543209876543,NA,1.64154264089406e-06,"GLM","NYC","DTF_Nepal_2017",8.58158692763871,5.78474783150639,"Significant",5.10143099426602
"Lcu.1GRN.Chr2p248166936",2,248166936,2.64904892539109e-09,0.313271604938272,NA,1.65623167265246e-06,"GLM","NYC","DTF_Nepal_2017",8.57691002062645,5.78087891446097,"Significant",6.07152380835709
"Lcu.1GRN.Chr2p610454807",2,610454807,2.68166913448463e-09,0.308641975308642,NA,1.67351577320815e-06,"GLM","NYC","DTF_Nepal_2017",8.571594806623,5.77637018997786,"Significant",-5.3298062333098
"Lcu.1GRN.Chr6p172206784",6,172206784,2.6899829129877e-09,0.399068322981366,NA,6.03214321661956e-05,"FarmCPU","NYC","DTF_Sask_2017_b",8.57025047866626,4.21952835589007,"Significant",0.0688894210727824
"Lcu.1GRN.Chr4p39749401",4,39749401,2.69100305394414e-09,0.219135802469136,NA,1.6762307856408e-06,"GLM","NYC","DTF_Nepal_2017",8.5700858093673,5.77566618735839,"Significant",4.95278481606204
"Lcu.1GRN.Chr4p35643871",4,35643871,2.70708373060353e-09,0.0756172839506173,NA,1.68313056046565e-06,"GLM","NYC","DTF_Nepal_2017",8.56749831121261,5.7738821944873,"Significant",7.50593380696546
"Lcu.1GRN.Chr2p249316204",2,249316204,2.74935956194627e-09,0.308641975308642,NA,1.70626167485827e-06,"GLM","NYC","DTF_Nepal_2017",8.56076845929888,5.76795436400539,"Significant",6.00532551202406
"Lcu.1GRN.Chr2p320596800",2,320596800,2.80431263291672e-09,0.0570987654320988,NA,1.73515464394467e-06,"GLM","NYC","DTF_Nepal_2017",8.55217357159624,5.76066181308123,"Significant",9.62860201593435
"Lcu.1GRN.Chr2p247551131",2,247551131,2.81122246000839e-09,0.308641975308642,NA,1.73515464394467e-06,"GLM","NYC","DTF_Nepal_2017",8.55110478607831,5.76066181308123,"Significant",6.00211977578857
"Lcu.1GRN.Chr2p244645353",2,244645353,2.81139136999125e-09,0.396604938271605,NA,1.73515464394467e-06,"GLM","NYC","DTF_Nepal_2017",8.55107869263646,5.76066181308123,"Significant",5.15466278566095
"Lcu.1GRN.Chr6p40076480",6,40076480,2.82692829803528e-09,0.378086419753086,NA,8.84843958109079e-06,"GLM","NYC","DTF_Sask_2017",8.54868520677844,5.05313331021434,"Significant",-1.44501995319662
"Lcu.1GRN.Chr3p444676637",3,444676637,2.82904502700455e-09,0.416666666666667,NA,0.000317199129532813,"FarmCPU","NYC","DTF_Sask_2017",8.54836014026871,3.4986680131565,"Significant",0.746181914901408
"Lcu.1GRN.Chr2p45380256",2,45380256,2.8410381361959e-09,0.222222222222222,NA,8.84843958109079e-06,"GLM","NYC","DTF_Sask_2017",8.54652293655926,5.05313331021434,"Significant",1.65585750366967
"Lcu.1GRN.Chr3p387937113",3,387937113,2.84631592779683e-09,0.066358024691358,NA,1.75349221554073e-06,"GLM","NYC","DTF_Nepal_2017",8.54571689691373,5.75609615778659,"Significant",8.25580006347445
"Lcu.1GRN.Chr5p457681115",5,457681115,2.87487162637219e-09,0.350308641975309,NA,1.76784633336002e-06,"GLM","NYC","DTF_Nepal_2017",8.54138154339276,5.75255548789432,"Significant",6.04012824940025
"Lcu.1GRN.Chr1p354861007",1,354861007,2.91071227953615e-09,0.383870967741936,NA,2.59699617329108e-06,"MLM","NYC","Cotyledon_RedvsYellow",8.53600072193509,5.58552869030901,"Significant",0.234002793876763
"Lcu.1GRN.Chr7p440952524",7,440952524,2.9575077453997e-09,0.0771604938271605,NA,1.81534307992128e-06,"GLM","NYC","DTF_Nepal_2017",8.52907410932727,5.74104128597976,"Significant",7.99034551542752
"Lcu.1GRN.Chr2p10411272",2,10411272,2.99760183607693e-09,0.0632716049382716,NA,1.83660170636737e-06,"GLM","NYC","DTF_Nepal_2017",8.52322605390217,5.73598501652039,"Significant",8.54897276691395
"Lcu.1GRN.Chr2p85175233",2,85175233,2.99924556397905e-09,0.453703703703704,NA,9.1921008854745e-06,"GLM","NYC","DTF_Sask_2017",8.52298797481565,5.03658521780928,"Significant",-1.41113887393158
"Lcu.1GRN.Chr1p446647170",1,446647170,3.00603536435559e-09,0.273148148148148,NA,9.1921008854745e-06,"GLM","NYC","DTF_Sask_2017",8.52200591448293,5.03658521780928,"Significant",1.67474307425934
"Lcu.1GRN.Chr2p247765637",2,247765637,3.04428449596919e-09,0.310185185185185,NA,1.8618124419194e-06,"GLM","NYC","DTF_Nepal_2017",8.5165147641038,5.73006407176617,"Significant",5.96727949772242
"Lcu.1GRN.Chr2p10547202",2,10547202,3.09605814027198e-09,0.322530864197531,NA,1.89003954350066e-06,"GLM","NYC","DTF_Nepal_2017",8.50919089238119,5.72352910940111,"Significant",4.71460017068949
"Lcu.1GRN.Chr1p362336814",1,362336814,3.10008641058367e-09,0.104838709677419,NA,8.11962651304009e-05,"BLINK","NYC","Cotyledon_RedvsYellow",8.50862620064423,4.09046394699727,"Significant",0.104489793552219
"Lcu.1GRN.Chr3p403063907",3,403063907,3.10666630789785e-09,0.0709876543209876,NA,1.89307975722586e-06,"GLM","NYC","DTF_Nepal_2017",8.50770539251954,5.72283108841687,"Significant",9.2258885925562
"Lcu.1GRN.Chr4p496386660",4,496386660,3.13457348286456e-09,0.475308641975309,NA,1.90424215917465e-06,"GLM","NYC","DTF_Nepal_2017",8.5038215446706,5.72027782396312,"Significant",-5.01409729013568
"Lcu.1GRN.Chr5p4286790",5,4286790,3.13630693909555e-09,0.128086419753086,NA,1.90424215917465e-06,"GLM","NYC","DTF_Nepal_2017",8.50358144106656,5.72027782396312,"Significant",12.0173455442764
"Lcu.1GRN.Chr7p631587796",7,631587796,3.13809454166197e-09,0.379032258064516,NA,8.11962651304009e-05,"BLINK","NYC","Cotyledon_RedvsYellow",8.50333397652231,4.09046394699727,"Significant",-0.0329735625986846
"Lcu.1GRN.Chr2p50743755",2,50743755,3.14568534501179e-09,0.276234567901235,NA,9.53247515716739e-06,"GLM","NYC","DTF_Sask_2017",8.50228472092423,5.02079431787902,"Significant",1.72047121420186
"Lcu.1GRN.Chr5p459570418",5,459570418,3.15950807272725e-09,0.108024691358025,NA,1.91447746224506e-06,"GLM","NYC","DTF_Nepal_2017",8.50038053065087,5.71794974192022,"Significant",-6.94977317045345
"Lcu.1GRN.Chr4p496386657",4,496386657,3.16454785697839e-09,0.458333333333333,NA,1.91447746224506e-06,"GLM","NYC","DTF_Nepal_2017",8.49968833217004,5.71794974192022,"Significant",-5.0252279589206
"Lcu.1GRN.Chr2p638802920",2,638802920,3.18710516141067e-09,0.325617283950617,NA,1.92144128181824e-06,"GLM","NYC","DTF_Nepal_2017",8.49660360635153,5.71637288279577,"Significant",-4.93666007412867
"Lcu.1GRN.Chr5p27837825",5,27837825,3.18748341916591e-09,0.253086419753086,NA,1.92144128181824e-06,"GLM","NYC","DTF_Nepal_2017",8.49655206569006,5.71637288279577,"Significant",6.18635607448692
"Lcu.1GRN.Chr7p643152584",7,643152584,3.19538449318165e-09,0.166666666666667,NA,1.9227583109446e-06,"GLM","NYC","DTF_Nepal_2017",8.49547687671673,5.71607530277128,"Significant",8.29751014228702
"Lcu.1GRN.Chr2p44546658",2,44546658,3.22284947038898e-09,0.0679012345679012,NA,9.67910899827079e-06,"GLM","NYC","DTF_Sask_2017",8.49175997860374,5.01416461944205,"Significant",2.63313633696043
"Lcu.1GRN.Chr4p496371615",4,496371615,3.23462081755264e-09,0.388888888888889,NA,1.9428923223888e-06,"GLM","NYC","DTF_Nepal_2017",8.49017662272213,5.71155126789646,"Significant",-4.57244223793347
"Lcu.1GRN.Chr2p610714333",2,610714333,3.24529993257533e-09,0.148148148148148,NA,1.94583208987623e-06,"GLM","NYC","DTF_Nepal_2017",8.488745159251,5.71089463867529,"Significant",7.46519539089547
"Lcu.1GRN.Chr1p355102028",1,355102028,3.25370937471811e-09,0.354838709677419,NA,2.89534513557092e-06,"MLM","NYC","Cotyledon_RedvsYellow",8.48762124137857,5.53829965938392,"Significant",0.207324607398536
"Lcu.1GRN.Chr3p399676864",3,399676864,3.27611247715025e-09,0.339506172839506,NA,0.00022039522512032,"BLINK","NYC","DTF_Nepal_2017",8.48464119623789,3.65679781874203,"Significant",-2.05029493895017
"Lcu.1GRN.Chr2p14111309",2,14111309,3.28515536536742e-09,0.0617283950617284,NA,1.95232836534018e-06,"GLM","NYC","DTF_Nepal_2017",8.48344408646152,5.70944713581792,"Significant",8.542101123875
"Lcu.1GRN.Chr2p14111852",2,14111852,3.28515536536742e-09,0.0617283950617284,NA,1.95232836534018e-06,"GLM","NYC","DTF_Nepal_2017",8.48344408646152,5.70944713581792,"Significant",8.542101123875
"Lcu.1GRN.Chr2p14162561",2,14162561,3.28515536536742e-09,0.0617283950617284,NA,1.95232836534018e-06,"GLM","NYC","DTF_Nepal_2017",8.48344408646152,5.70944713581792,"Significant",8.542101123875
"Lcu.1GRN.Chr2p14165859",2,14165859,3.28515536536742e-09,0.0617283950617284,NA,1.95232836534018e-06,"GLM","NYC","DTF_Nepal_2017",8.48344408646152,5.70944713581792,"Significant",8.542101123875
"Lcu.1GRN.Chr2p14200760",2,14200760,3.28515536536742e-09,0.0617283950617284,NA,1.95232836534018e-06,"GLM","NYC","DTF_Nepal_2017",8.48344408646152,5.70944713581792,"Significant",8.542101123875
"Lcu.1GRN.Chr2p11280279",2,11280279,3.30306777623913e-09,0.333333333333333,NA,1.95951146153479e-06,"GLM","NYC","DTF_Nepal_2017",8.48108251485092,5.70785219191195,"Significant",4.88502803373245
"Lcu.1GRN.Chr6p394487613",6,394487613,3.31636126965027e-09,0.106481481481482,NA,1.96393396335995e-06,"GLM","NYC","DTF_Nepal_2017",8.47933816543496,5.70687311931411,"Significant",8.59474511219446
"Lcu.1GRN.Chr1p352050600",1,352050600,3.32575842324806e-09,0.256451612903226,NA,2.9516500885295e-06,"MLM","NYC","Cotyledon_RedvsYellow",8.47810930029409,5.52993512843029,"Significant",-0.233418167714204
"Lcu.1GRN.Chr1p367801061",1,367801061,3.33749966128904e-09,0.27741935483871,NA,2.95423517333691e-06,"MLM","NYC","Cotyledon_RedvsYellow",8.47657876970237,5.52955493542313,"Significant",-0.202821175782317
"Lcu.1GRN.Chr3p180388915",3,180388915,3.33775811343983e-09,0.12962962962963,NA,9.87069808325794e-06,"GLM","NYC","DTF_Sask_2017",8.47654513973727,5.00565213172895,"Significant",2.22515901275221
"Lcu.1GRN.Chr2p322705876",2,322705876,3.34308058203256e-09,0.0570987654320988,NA,1.97287245953633e-06,"GLM","NYC","DTF_Nepal_2017",8.47585315499274,5.70490098971484,"Significant",9.66893545396965
"Lcu.1GRN.Chr5p148267652",5,148267652,3.34318557389907e-09,0.296296296296296,NA,1.97287245953633e-06,"GLM","NYC","DTF_Nepal_2017",8.47583951587423,5.70490098971484,"Significant",5.22349899188441
"Lcu.1GRN.Chr2p49239423",2,49239423,3.34533287002413e-09,0.270061728395062,NA,9.87069808325794e-06,"GLM","NYC","DTF_Sask_2017",8.47556066222435,5.00565213172895,"Significant",1.78464128584145
"Lcu.1GRN.Chr1p368421758",1,368421758,3.34623670289108e-09,0.287096774193548,NA,2.95423517333691e-06,"MLM","NYC","Cotyledon_RedvsYellow",8.47544334157939,5.52955493542313,"Significant",-0.190189897724359
"Lcu.1GRN.Chr4p500974445",4,500974445,3.35654080649979e-09,0.239197530864197,NA,1.97728469607691e-06,"GLM","NYC","DTF_Nepal_2017",8.47410806859527,5.70393079500924,"Significant",-5.45308039417409
"Lcu.1GRN.Chr2p49712998",2,49712998,3.39997193627926e-09,0.416666666666667,NA,9.94468139382997e-06,"GLM","NYC","DTF_Sask_2017",8.46852466765461,5.00240912617635,"Significant",1.84325949901128
"Lcu.1GRN.Chr2p322517039",2,322517039,3.44133938997606e-09,0.0601851851851852,NA,2.02350486544679e-06,"GLM","NYC","DTF_Nepal_2017",8.46327249450333,5.69389574702524,"Significant",9.40510163562976
"Lcu.1GRN.Chr7p1548264",7,1548264,3.44703341261482e-09,0.106481481481482,NA,2.02350486544679e-06,"GLM","NYC","DTF_Nepal_2017",8.46255450688973,5.69389574702524,"Significant",7.0459576198524
"Lcu.1GRN.Chr4p412171300",4,412171300,3.47373316382082e-09,0.0833333333333334,NA,1.00728379578872e-05,"GLM","NYC","DTF_Sask_2017",8.45920354510912,4.99684815250416,"Significant",2.35917898292507
"Lcu.1GRN.Chr2p579775614",2,579775614,3.47385499701636e-09,0.228395061728395,NA,2.03569718428816e-06,"GLM","NYC","DTF_Nepal_2017",8.45918831349685,5.69128682406295,"Significant",7.5013276348194
"Lcu.1GRN.Chr1p355856946",1,355856946,3.59293886127521e-09,0.380645161290323,NA,3.16373315693864e-06,"MLM","NYC","Cotyledon_RedvsYellow",8.44455017284175,5.49980015392158,"Significant",0.205066987279198
"Lcu.1GRN.Chr6p40077071",6,40077071,3.59858985828316e-09,0.371913580246914,NA,1.02539254779211e-05,"GLM","NYC","DTF_Sask_2017",8.44386764832753,4.98910984319026,"Significant",-1.4397395119436
"Lcu.1GRN.Chr2p86428148",2,86428148,3.61094708992063e-09,0.459876543209877,NA,1.02539254779211e-05,"GLM","NYC","DTF_Sask_2017",8.44237887510789,4.98910984319026,"Significant",-1.40068005006871
"Lcu.1GRN.Chr2p85175138",2,85175138,3.62763627785309e-09,0.45679012345679,NA,1.02539254779211e-05,"GLM","NYC","DTF_Sask_2017",8.4403762636296,4.98910984319026,"Significant",-1.39892373144318
"Lcu.1GRN.Chr2p561724675",2,561724675,3.64654995762841e-09,0.0725308641975309,NA,2.13318099060452e-06,"GLM","NYC","DTF_Nepal_2017",8.43811783223845,5.6709722950962,"Significant",8.1959527941965
"Lcu.1GRN.Chr5p136000031",5,136000031,3.66931983607308e-09,0.334876543209877,NA,2.14277448836874e-06,"GLM","NYC","DTF_Nepal_2017",8.43541443133815,5.66902353292949,"Significant",4.68550477980082
"Lcu.1GRN.Chr5p456051155",5,456051155,3.67749896684552e-09,0.317901234567901,NA,1.0308244124841e-05,"GLM","NYC","DTF_Sask_2017",8.43444744061086,4.98681530482661,"Significant",-1.6414487751822
"Lcu.1GRN.Chr2p45095412",2,45095412,3.71391889096137e-09,0.236111111111111,NA,1.03242955007934e-05,"GLM","NYC","DTF_Sask_2017",8.4301675851392,4.98613957362377,"Significant",1.65713161961926
"Lcu.1GRN.Chr2p44640548",2,44640548,3.73923662659016e-09,0.191358024691358,NA,2.17981942179593e-06,"GLM","NYC","DTF_Nepal_2017",8.42721705092743,5.66157948225129,"Significant",5.88322278769698
"Lcu.1GRN.Chr5p505203141",5,505203141,3.75531039393084e-09,0.0509259259259259,NA,2.18540223404037e-06,"GLM","NYC","DTF_Nepal_2017",8.42535416071036,5.66046861729901,"Significant",9.68556317768912
"Lcu.1GRN.Chr2p14583534",2,14583534,3.77283717807814e-09,0.0570987654320988,NA,2.19180988441901e-06,"GLM","NYC","DTF_Nepal_2017",8.42333193696387,5.65919711885943,"Significant",8.98000827617102
"Lcu.1GRN.Chr1p359131844",1,359131844,3.83646469498225e-09,0.246774193548387,NA,3.36934757195064e-06,"MLM","NYC","Cotyledon_RedvsYellow",8.41606879403433,5.47245418617107,"Significant",-0.243485356001664
"Lcu.1GRN.Chr5p146055124",5,146055124,3.85112048519548e-09,0.310185185185185,NA,2.2334307659375e-06,"GLM","NYC","DTF_Nepal_2017",8.41441289393582,5.65102750566689,"Significant",5.1504730890349
"Lcu.1GRN.Chr1p360343177",1,360343177,3.88072696386849e-09,0.137096774193548,NA,3.39934501733217e-06,"MLM","NYC","Cotyledon_RedvsYellow",8.41108691182236,5.46860475435802,"Significant",-0.292306407979464
"Lcu.1GRN.Chr6p420963307",6,420963307,3.91681536060859e-09,0.203703703703704,NA,1.07990773147691e-05,"GLM","NYC","DTF_Sask_2017",8.4070669006908,4.96661334953367,"Significant",-1.79546701233838
"Lcu.1GRN.Chr4p167202988",4,167202988,3.95823632284039e-09,0.0524691358024691,NA,2.29160082135087e-06,"GLM","NYC","DTF_Nepal_2017",8.402498280205,5.63986103076346,"Significant",9.63828971675298
"Lcu.1GRN.Chr2p246696248",2,246696248,3.98253306758524e-09,0.294753086419753,NA,2.30170567069492e-06,"GLM","NYC","DTF_Nepal_2017",8.39984060949791,5.63795021231592,"Significant",5.92084406312739
"Lcu.1GRN.Chr4p451382688",4,451382688,3.9931315479507e-09,0.404320987654321,NA,2.30187599551575e-06,"GLM","NYC","DTF_Nepal_2017",8.39868638236563,5.63791807597721,"Significant",-5.30890907971417
"Lcu.1GRN.Chr7p52453505",7,52453505,3.99651446598863e-09,0.148148148148148,NA,2.30187599551575e-06,"GLM","NYC","DTF_Nepal_2017",8.39831861069669,5.63791807597721,"Significant",6.55065040106615
"Lcu.1GRN.Chr6p300129274",6,300129274,4.01214983213979e-09,0.174382716049383,NA,2.30693128647413e-06,"GLM","NYC","DTF_Nepal_2017",8.39662285679407,5.63696534104438,"Significant",7.36961238286915
"Lcu.1GRN.Chr1p539580141",1,539580141,4.06366186232014e-09,0.307098765432099,NA,1.11128597531954e-05,"GLM","NYC","DTF_Sask_2017",8.39108243690477,4.95417416651229,"Significant",-1.82112275614804
"Lcu.1GRN.Chr2p247283633",2,247283633,4.10921702119388e-09,0.310185185185185,NA,2.35871160711249e-06,"GLM","NYC","DTF_Nepal_2017",8.38624092162008,5.6273251558063,"Significant",5.91354315647158
"Lcu.1GRN.Chr1p362779326",1,362779326,4.12914948606895e-09,0.262903225806452,NA,3.60755746800144e-06,"MLM","NYC","Cotyledon_RedvsYellow",8.38413939423847,5.4427867419151,"Significant",-0.189388416042485
"Lcu.1GRN.Chr4p500864668",4,500864668,4.1715193042797e-09,0.237654320987654,NA,2.38273213063489e-06,"GLM","NYC","DTF_Nepal_2017",8.37970574231802,5.62292477877234,"Significant",-5.42485645679966
"Lcu.1GRN.Chr2p85192595",2,85192595,4.17625701014205e-09,0.458333333333333,NA,1.13286696913746e-05,"GLM","NYC","DTF_Sask_2017",8.37921278235927,4.94582108568963,"Significant",-1.40363509066573
"Lcu.1GRN.Chr3p344546149",3,344546149,4.17651816284369e-09,0.361111111111111,NA,2.38273213063489e-06,"GLM","NYC","DTF_Nepal_2017",8.37918562559402,5.62292477877234,"Significant",5.19798672398053
"Lcu.1GRN.Chr5p459452302",5,459452302,4.17778613096786e-09,0.123456790123457,NA,2.38273213063489e-06,"GLM","NYC","DTF_Nepal_2017",8.37905379616947,5.62292477877234,"Significant",-6.9295440266817
"Lcu.1GRN.Chr5p448143626",5,448143626,4.17939915947339e-09,0.0570987654320988,NA,2.38273213063489e-06,"GLM","NYC","DTF_Nepal_2017",8.37888614896207,5.62292477877234,"Significant",9.11993802931488
"Lcu.1GRN.Chr3p402707425",3,402707425,4.20023544970262e-09,0.115740740740741,NA,2.39055938664995e-06,"GLM","NYC","DTF_Nepal_2017",8.3767263639734,5.62150046302278,"Significant",6.28015866859414
"Lcu.1GRN.Chr2p247765633",2,247765633,4.22024945326366e-09,0.311728395061728,NA,2.39789298622625e-06,"GLM","NYC","DTF_Nepal_2017",8.37466187771746,5.62017020260851,"Significant",5.87862195566942
"Lcu.1GRN.Chr2p49846969",2,49846969,4.24336646967489e-09,0.182098765432099,NA,1.13330874312748e-05,"GLM","NYC","DTF_Sask_2017",8.37228945965813,4.94565176077144,"Significant",1.81837579237313
"Lcu.1GRN.Chr2p50068898",2,50068898,4.24527083911509e-09,0.327160493827161,NA,1.13330874312748e-05,"GLM","NYC","DTF_Sask_2017",8.37209459748575,4.94565176077144,"Significant",1.61037821021368
"Lcu.1GRN.Chr1p361856257",1,361856257,4.27723262387012e-09,0.0451612903225806,NA,3.72725364246975e-06,"MLM","NYC","Cotyledon_RedvsYellow",8.36883712932798,5.42861105216786,"Significant",-0.347384877504654
"Lcu.1GRN.Chr1p360327311",1,360327311,4.29528076278017e-09,0.125806451612903,NA,3.73330931352475e-06,"MLM","NYC","Cotyledon_RedvsYellow",8.36700844306884,5.42790602625588,"Significant",-0.207629740532738
"Lcu.1GRN.Chr4p175764539",4,175764539,4.29770287774901e-09,0.058641975308642,NA,2.43778317686307e-06,"GLM","NYC","DTF_Nepal_2017",8.36676361281258,5.61300492434497,"Significant",9.37244530037287
"Lcu.1GRN.Chr2p14107999",2,14107999,4.33389250446575e-09,0.0632716049382716,NA,2.45004776478929e-06,"GLM","NYC","DTF_Nepal_2017",8.36312186488891,5.61082544878559,"Significant",8.41552150755706
"Lcu.1GRN.Chr2p14203941",2,14203941,4.33389250446575e-09,0.0632716049382716,NA,2.45004776478929e-06,"GLM","NYC","DTF_Nepal_2017",8.36312186488891,5.61082544878559,"Significant",8.41552150755706
"Lcu.1GRN.Chr2p44212967",2,44212967,4.35174033272977e-09,0.166666666666667,NA,2.45141491433095e-06,"GLM","NYC","DTF_Nepal_2017",8.36133702678117,5.61058317599636,"Significant",6.23132115247051
"Lcu.1GRN.Chr4p500366616",4,500366616,4.35322430764619e-09,0.475308641975309,NA,2.45141491433095e-06,"GLM","NYC","DTF_Nepal_2017",8.36118895446833,5.61058317599636,"Significant",-4.49711853027716
"Lcu.1GRN.Chr4p474466711",4,474466711,4.36115088396128e-09,0.410493827160494,NA,2.45141491433095e-06,"GLM","NYC","DTF_Nepal_2017",8.36039888765855,5.61058317599636,"Significant",4.19951960079538
"Lcu.1GRN.Chr5p135650803",5,135650803,4.36546252659814e-09,0.33641975308642,NA,2.45141491433095e-06,"GLM","NYC","DTF_Nepal_2017",8.35996973543892,5.61058317599636,"Significant",4.68548127833174
"Lcu.1GRN.Chr4p39749551",4,39749551,4.38139142518669e-09,0.243827160493827,NA,2.45625914919295e-06,"GLM","NYC","DTF_Nepal_2017",8.35838794604461,5.60972581459638,"Significant",4.71771643758694
"Lcu.1GRN.Chr5p27837907",5,27837907,4.3929610507311e-09,0.25,NA,2.458647470468e-06,"GLM","NYC","DTF_Nepal_2017",8.35724264729865,5.60930373746952,"Significant",6.18275802168364
"Lcu.1GRN.Chr4p474403066",4,474403066,4.41399825698594e-09,0.407407407407407,NA,2.46315091561728e-06,"GLM","NYC","DTF_Nepal_2017",8.35516784266995,5.60850897841184,"Significant",4.18283852218923
"Lcu.1GRN.Chr3p414960024",3,414960024,4.41565314706027e-09,0.407407407407407,NA,2.46315091561728e-06,"GLM","NYC","DTF_Nepal_2017",8.35500504810356,5.60850897841184,"Significant",-4.4286277298612
"Lcu.1GRN.Chr5p456048706",5,456048706,4.42850073338101e-09,0.327160493827161,NA,1.1706206565236e-05,"GLM","NYC","DTF_Sask_2017",8.35374327906492,4.93158381668599,"Significant",-1.56068200892143
"Lcu.1GRN.Chr2p50160779",2,50160779,4.4580010216851e-09,0.339506172839506,NA,1.1706206565236e-05,"GLM","NYC","DTF_Sask_2017",8.35085983632412,4.93158381668599,"Significant",1.59725554734366
"Lcu.1GRN.Chr4p39750019",4,39750019,4.46905576777681e-09,0.208333333333333,NA,2.48881271761553e-06,"GLM","NYC","DTF_Nepal_2017",8.34978422589757,5.60400778268683,"Significant",4.99881648426378
"Lcu.1GRN.Chr2p630477418",2,630477418,4.48469419623916e-09,0.214506172839506,NA,2.49339360777914e-06,"GLM","NYC","DTF_Nepal_2017",8.34826716542118,5.60320915824177,"Significant",5.20608600560848
"Lcu.1GRN.Chr5p1650591",5,1650591,4.50048671883232e-09,0.123456790123457,NA,0.000302763043230694,"MLM","NYC","DTF_Nepal_2017",8.34674051558631,3.51889713809045,"Significant",11.0938849039811
"Lcu.1GRN.Chr5p1651791",5,1651791,4.50048671883232e-09,0.123456790123457,NA,0.000302763043230694,"MLM","NYC","DTF_Nepal_2017",8.34674051558631,3.51889713809045,"Significant",11.0938849039811
"Lcu.1GRN.Chr5p1674804",5,1674804,4.50048671883232e-09,0.123456790123457,NA,0.000302763043230694,"MLM","NYC","DTF_Nepal_2017",8.34674051558631,3.51889713809045,"Significant",11.0938849039811
"Lcu.1GRN.Chr5p1690381",5,1690381,4.50048671883232e-09,0.123456790123457,NA,0.000302763043230694,"MLM","NYC","DTF_Nepal_2017",8.34674051558631,3.51889713809045,"Significant",11.0938849039811
"Lcu.1GRN.Chr2p49705488",2,49705488,4.55069336686538e-09,0.316358024691358,NA,1.1706206565236e-05,"GLM","NYC","DTF_Sask_2017",8.34192242697763,4.93158381668599,"Significant",1.63079690305172
"Lcu.1GRN.Chr2p10547060",2,10547060,4.55347520000229e-09,0.415123456790123,NA,2.5253641560668e-06,"GLM","NYC","DTF_Nepal_2017",8.34165702441843,5.59767598801377,"Significant",5.0462041742534
"Lcu.1GRN.Chr2p43932115",2,43932115,4.55721293329176e-09,0.368827160493827,NA,2.5253641560668e-06,"GLM","NYC","DTF_Nepal_2017",8.34130067877038,5.59767598801377,"Significant",-4.40848115564299
"Lcu.1GRN.Chr2p86425649",2,86425649,4.5814091627341e-09,0.455246913580247,NA,1.1706206565236e-05,"GLM","NYC","DTF_Sask_2017",8.33900091992827,4.93158381668599,"Significant",-1.39643784165078
"Lcu.1GRN.Chr2p248169291",2,248169291,4.58807910941068e-09,0.308641975308642,NA,2.53828685163675e-06,"GLM","NYC","DTF_Nepal_2017",8.33836910243504,5.5954592998759,"Significant",5.90465972068631
"Lcu.1GRN.Chr2p247765568",2,247765568,4.60184033601727e-09,0.328703703703704,NA,2.54171958670791e-06,"GLM","NYC","DTF_Nepal_2017",8.33706845354864,5.59487236434964,"Significant",5.81256861365517
"Lcu.1GRN.Chr2p2522322",2,2522322,4.63441412327018e-09,0.0632716049382716,NA,1.1706206565236e-05,"GLM","NYC","DTF_Sask_2017",8.33400516100456,4.93158381668599,"Significant",2.66365379907876
"Lcu.1GRN.Chr2p2523566",2,2523566,4.63441412327018e-09,0.0632716049382716,NA,1.1706206565236e-05,"GLM","NYC","DTF_Sask_2017",8.33400516100456,4.93158381668599,"Significant",2.66365379907876
"Lcu.1GRN.Chr2p37309574",2,37309574,4.64976649844097e-09,0.223765432098765,NA,1.1706206565236e-05,"GLM","NYC","DTF_Sask_2017",8.33256885592399,4.93158381668599,"Significant",1.73064307257997
"Lcu.1GRN.Chr1p562751608",1,562751608,4.6608236815037e-09,0.276234567901235,NA,2.57007750701042e-06,"GLM","NYC","DTF_Nepal_2017",8.33153732607372,5.59005377925261,"Significant",5.30268725550184
"Lcu.1GRN.Chr5p455355768",5,455355768,4.66345295389149e-09,0.311728395061728,NA,1.1706206565236e-05,"GLM","NYC","DTF_Sask_2017",8.33129240015306,4.93158381668599,"Significant",1.53951328138086
"Lcu.1GRN.Chr5p135807135",5,135807135,4.75035865344897e-09,0.359567901234568,NA,2.61516184809275e-06,"GLM","NYC","DTF_Nepal_2017",8.32327359977858,5.58250142818926,"Significant",4.97179943881093
"Lcu.1GRN.Chr5p131734521",5,131734521,4.79456518278447e-09,0.464506172839506,NA,2.63518546868899e-06,"GLM","NYC","DTF_Nepal_2017",8.31925077270185,5.57918881301554,"Significant",-4.76140177800352
"Lcu.1GRN.Chr7p633790216",7,633790216,4.83977928378885e-09,0.339506172839506,NA,2.6513713979645e-06,"GLM","NYC","DTF_Nepal_2017",8.31517444373126,5.57652943304056,"Significant",-7.29446309314949
"Lcu.1GRN.Chr7p633792449",7,633792449,4.83977928378885e-09,0.339506172839506,NA,2.6513713979645e-06,"GLM","NYC","DTF_Nepal_2017",8.31517444373126,5.57652943304056,"Significant",-7.29446309314949
"Lcu.1GRN.Chr2p85996216",2,85996216,4.85871669378663e-09,0.447530864197531,NA,1.21060145047328e-05,"GLM","NYC","DTF_Sask_2017",8.31347842341326,4.9169988100764,"Significant",1.53175816440827
"Lcu.1GRN.Chr2p248978302",2,248978302,4.95034251416101e-09,0.305555555555556,NA,2.70546627953264e-06,"GLM","NYC","DTF_Nepal_2017",8.30536475119493,5.56775787466955,"Significant",5.95676405171213
"Lcu.1GRN.Chr7p633645868",7,633645868,4.95750450683239e-09,0.304012345679012,NA,2.70546627953264e-06,"GLM","NYC","DTF_Nepal_2017",8.30473688230843,5.56775787466955,"Significant",6.00900044733226
"Lcu.1GRN.Chr4p496233985",4,496233985,4.96265297865617e-09,0.308641975308642,NA,2.70546627953264e-06,"GLM","NYC","DTF_Nepal_2017",8.30428609246818,5.56775787466955,"Significant",-5.23985290615548
"Lcu.1GRN.Chr1p540390387",1,540390387,4.98884522349232e-09,0.234567901234568,NA,1.23388448624297e-05,"GLM","NYC","DTF_Sask_2017",8.30199996962785,4.90872549616619,"Significant",-1.7774259883536
"Lcu.1GRN.Chr3p375936387",3,375936387,4.99361909577823e-09,0.183641975308642,NA,2.71349215849861e-06,"GLM","NYC","DTF_Nepal_2017",8.30158458791792,5.56647142911517,"Significant",5.35291893328434
"Lcu.1GRN.Chr5p37926892",5,37926892,4.99737842672146e-09,0.138888888888889,NA,2.71349215849861e-06,"GLM","NYC","DTF_Nepal_2017",8.30125776234166,5.56647142911517,"Significant",8.16829167209471
"Lcu.1GRN.Chr2p14200756",2,14200756,5.00157607098539e-09,0.0601851851851852,NA,2.71349215849861e-06,"GLM","NYC","DTF_Nepal_2017",8.30089312144879,5.56647142911517,"Significant",8.56514795053909
"Lcu.1GRN.Chr1p560430675",1,560430675,5.02451805334216e-09,0.12962962962963,NA,2.72154921746947e-06,"GLM","NYC","DTF_Nepal_2017",8.29890558899444,5.56518380733914,"Significant",6.5432036631496
"Lcu.1GRN.Chr1p362573228",1,362573228,5.0288383191672e-09,0.119354838709677,NA,4.35962695593638e-06,"MLM","NYC","Cotyledon_RedvsYellow",8.29853232704009,5.36055067080243,"Significant",-0.268649948137642
"Lcu.1GRN.Chr1p558275288",1,558275288,5.03078708396151e-09,0.28858024691358,NA,1.23517573654809e-05,"GLM","NYC","DTF_Sask_2017",8.29836406276118,4.90827124808571,"Significant",1.51799674424487
"Lcu.1GRN.Chr2p43812951",2,43812951,5.04372171381456e-09,0.260802469135803,NA,2.72755874873097e-06,"GLM","NYC","DTF_Nepal_2017",8.29724888353607,5.56422588639502,"Significant",4.97769955269513
"Lcu.1GRN.Chr4p39749927",4,39749927,5.07114309668544e-09,0.217592592592593,NA,2.73798585875247e-06,"GLM","NYC","DTF_Nepal_2017",8.29489413442865,5.56256879925595,"Significant",4.85247550241479
"Lcu.1GRN.Chr2p86600335",2,86600335,5.09140585864222e-09,0.387345679012346,NA,1.24100066264776e-05,"GLM","NYC","DTF_Sask_2017",8.2931622820349,4.90622798660426,"Significant",1.42854058590751
"Lcu.1GRN.Chr2p248977999",2,248977999,5.09742657735212e-09,0.302469135802469,NA,2.74776616273109e-06,"GLM","NYC","DTF_Nepal_2017",8.29264902102417,5.56102022887472,"Significant",5.96817566122422
"Lcu.1GRN.Chr2p593957865",2,593957865,5.10772712091147e-09,0.217592592592593,NA,2.74891335756741e-06,"GLM","NYC","DTF_Nepal_2017",8.29177231286673,5.56083894837893,"Significant",-5.30433692607795
"Lcu.1GRN.Chr2p561728322",2,561728322,5.1568358103237e-09,0.0802469135802469,NA,2.77090957030535e-06,"GLM","NYC","DTF_Nepal_2017",8.28761669597462,5.55737764735318,"Significant",7.92689991853206
"Lcu.1GRN.Chr3p343756360",3,343756360,5.16761970263053e-09,0.459876543209877,NA,2.77227549683369e-06,"GLM","NYC","DTF_Nepal_2017",8.28670945459621,5.55716361359506,"Significant",-6.09894208434145
"Lcu.1GRN.Chr1p368966052",1,368966052,5.17696740909664e-09,0.388709677419355,NA,4.47650641772651e-06,"MLM","NYC","Cotyledon_RedvsYellow",8.28592456905215,5.34906078854598,"Significant",-0.180981305011656
"Lcu.1GRN.Chr2p86593367",2,86593367,5.18486351304346e-09,0.401234567901235,NA,1.25468847862726e-05,"GLM","NYC","DTF_Sask_2017",8.28526267154346,4.90146408996568,"Significant",1.45495924209544
"Lcu.1GRN.Chr2p248170687",2,248170687,5.27784754365994e-09,0.339506172839506,NA,2.82690086738577e-06,"GLM","NYC","DTF_Nepal_2017",8.27754315900106,5.54868942090638,"Significant",5.70728875115174
"Lcu.1GRN.Chr2p51503159",2,51503159,5.28710819268123e-09,0.330246913580247,NA,1.27029194389115e-05,"GLM","NYC","DTF_Sask_2017",8.27678180232353,4.89609645616989,"Significant",1.59329035533794
"Lcu.1GRN.Chr5p131734555",5,131734555,5.36193174078491e-09,0.46141975308642,NA,2.86404884747175e-06,"GLM","NYC","DTF_Nepal_2017",8.27067871903444,5.543019579239,"Significant",-4.71654302335341
"Lcu.1GRN.Chr2p630477299",2,630477299,5.36423244226457e-09,0.212962962962963,NA,2.86404884747175e-06,"GLM","NYC","DTF_Nepal_2017",8.27049241161729,5.543019579239,"Significant",5.1649083577791
"Lcu.1GRN.Chr5p448129927",5,448129927,5.39195350910647e-09,0.0570987654320988,NA,2.87428720443362e-06,"GLM","NYC","DTF_Nepal_2017",8.26825386106205,5.54146983847431,"Significant",9.1197574023854
"Lcu.1GRN.Chr4p496274031",4,496274031,5.40094093466037e-09,0.37962962962963,NA,2.87452262558371e-06,"GLM","NYC","DTF_Nepal_2017",8.26753057218952,5.54143426864003,"Significant",-4.31420693135814
"Lcu.1GRN.Chr1p363534794",1,363534794,5.40303064843396e-09,0.130645161290323,NA,4.66000310287638e-06,"MLM","NYC","Cotyledon_RedvsYellow",8.26736256893906,5.33161379413368,"Significant",-0.249643380608676
"Lcu.1GRN.Chr2p322070626",2,322070626,5.41263718674769e-09,0.0570987654320988,NA,2.87619673395697e-06,"GLM","NYC","DTF_Nepal_2017",8.26659108302796,5.54118141121344,"Significant",9.45842778258839
"Lcu.1GRN.Chr7p602963410",7,602963410,5.43543734489581e-09,0.0524691358024691,NA,2.88375670881793e-06,"GLM","NYC","DTF_Nepal_2017",8.26476550607016,5.54004138212002,"Significant",9.80273311225028
"Lcu.1GRN.Chr5p505282188",5,505282188,5.48574228932007e-09,0.0524691358024691,NA,2.9058624828846e-06,"GLM","NYC","DTF_Nepal_2017",8.2607645986555,5.5367249421156,"Significant",9.4845992427895
"Lcu.1GRN.Chr5p141083261",5,141083261,5.4949161758583e-09,0.396604938271605,NA,2.90614539202033e-06,"GLM","NYC","DTF_Nepal_2017",8.26003892828869,5.53668266210523,"Significant",4.62886491874767
"Lcu.1GRN.Chr1p367801039",1,367801039,5.50647733283343e-09,0.288709677419355,NA,4.73707739389561e-06,"MLM","NYC","Cotyledon_RedvsYellow",8.25912614419038,5.32448951975437,"Significant",-0.195437834072017
"Lcu.1GRN.Chr6p14300967",6,14300967,5.52392267947575e-09,0.0617283950617284,NA,2.91551926067326e-06,"GLM","NYC","DTF_Nepal_2017",8.257752409042,5.53528408517194,"Significant",10.0819821682182
"Lcu.1GRN.Chr7p633957291",7,633957291,5.5299755573809e-09,0.361111111111111,NA,2.91551926067326e-06,"GLM","NYC","DTF_Nepal_2017",8.25727678828265,5.53528408517194,"Significant",-6.38085757221444
"Lcu.1GRN.Chr2p561701100",2,561701100,5.54335823095947e-09,0.223765432098765,NA,2.91800121764185e-06,"GLM","NYC","DTF_Nepal_2017",8.25622705489088,5.5349145312174,"Significant",-6.89727322000681
"Lcu.1GRN.Chr2p48156226",2,48156226,5.57883555301796e-09,0.342592592592593,NA,1.32476612543702e-05,"GLM","NYC","DTF_Sask_2017",8.25345644007188,4.87786078542322,"Significant",1.77695676190771
"Lcu.1GRN.Chr2p86600361",2,86600361,5.59768291872063e-09,0.344135802469136,NA,1.32476612543702e-05,"GLM","NYC","DTF_Sask_2017",8.25199170582521,4.87786078542322,"Significant",1.52037109422716
"Lcu.1GRN.Chr2p86496270",2,86496270,5.6574963396387e-09,0.459876543209877,NA,1.32476612543702e-05,"GLM","NYC","DTF_Sask_2017",8.24737571835869,4.87786078542322,"Significant",-1.3829786051443
"Lcu.1GRN.Chr4p470919734",4,470919734,5.66860181182406e-09,0.0524691358024691,NA,2.97696548845804e-06,"GLM","NYC","DTF_Nepal_2017",8.24652404874217,5.5262262000389,"Significant",9.85797448397739
"Lcu.1GRN.Chr6p40023078",6,40023078,5.67137448272067e-09,0.368827160493827,NA,1.32476612543702e-05,"GLM","NYC","DTF_Sask_2017",8.24631167515985,4.87786078542322,"Significant",-1.46538062487019
"Lcu.1GRN.Chr7p419054790",7,419054790,5.67307398794057e-09,0.0941358024691358,NA,2.97696548845804e-06,"GLM","NYC","DTF_Nepal_2017",8.24618155235196,5.5262262000389,"Significant",7.72297371705736
"Lcu.1GRN.Chr2p246775030",2,246775030,5.70240062316506e-09,0.310185185185185,NA,2.98447090412973e-06,"GLM","NYC","DTF_Nepal_2017",8.24394227451902,5.52513265072691,"Significant",5.89436580364645
"Lcu.1GRN.Chr7p645896249",7,645896249,5.70512205821443e-09,0.132716049382716,NA,2.98447090412973e-06,"GLM","NYC","DTF_Nepal_2017",8.24373505963456,5.52513265072691,"Significant",6.19925360612262
"Lcu.1GRN.Chr1p368087177",1,368087177,5.77422501228498e-09,0.374193548387097,NA,4.95474169568179e-06,"MLM","NYC","Cotyledon_RedvsYellow",8.23850629636634,5.30497898155492,"Significant",-0.186121953068483
"Lcu.1GRN.Chr2p561528088",2,561528088,5.92510897597717e-09,0.0725308641975309,NA,3.09473778093558e-06,"GLM","NYC","DTF_Nepal_2017",8.22730365759966,5.5093761431276,"Significant",8.09634892894906
"Lcu.1GRN.Chr3p344053100",3,344053100,5.93601789968575e-09,0.459876543209877,NA,3.09562873312186e-06,"GLM","NYC","DTF_Nepal_2017",8.22650479813957,5.50925113094296,"Significant",-6.01103540691275
"Lcu.1GRN.Chr5p1445012",5,1445012,5.96133358981849e-09,0.140432098765432,NA,3.10401841425151e-06,"GLM","NYC","DTF_Nepal_2017",8.22465657483824,5.50807571100145,"Significant",12.576064519938
"Lcu.1GRN.Chr1p367887629",1,367887629,6.00839075432479e-09,0.159677419354839,NA,5.14255565613223e-06,"MLM","NYC","Cotyledon_RedvsYellow",8.22124183084266,5.28882099938622,"Significant",-0.248757619945394
"Lcu.1GRN.Chr6p299852976",6,299852976,6.0999756078671e-09,0.0848765432098766,NA,3.17129906536543e-06,"GLM","NYC","DTF_Nepal_2017",8.21467190161053,5.49876280044735,"Significant",12.6700057830985
"Lcu.1GRN.Chr1p542732389",1,542732389,6.11806672087135e-09,0.117283950617284,NA,1.4192522404823e-05,"GLM","NYC","DTF_Sask_2017",8.21338579110612,4.84794041150922,"Significant",2.0990153546706
"Lcu.1GRN.Chr1p367683624",1,367683624,6.17235387962772e-09,0.398387096774194,NA,5.26948263306786e-06,"MLM","NYC","Cotyledon_RedvsYellow",8.20954918248514,5.27823202247884,"Significant",-0.175364732642048
"Lcu.1GRN.Chr2p45305215",2,45305215,6.22340927018106e-09,0.0972222222222222,NA,1.4338010314952e-05,"GLM","NYC","DTF_Sask_2017",8.20597163756018,4.84351111151274,"Significant",2.8668517505414
"Lcu.1GRN.Chr2p16979212",2,16979212,6.2308598432792e-09,0.106481481481482,NA,3.23434511250663e-06,"GLM","NYC","DTF_Nepal_2017",8.20545201763868,5.4902136416774,"Significant",6.85524017419857
"Lcu.1GRN.Chr2p43812670",2,43812670,6.26315057659242e-09,0.251543209876543,NA,3.24609733435541e-06,"GLM","NYC","DTF_Nepal_2017",8.20320714700904,5.48863846197754,"Significant",4.95264481883805
"Lcu.1GRN.Chr1p363538785",1,363538785,6.31249628824309e-09,0.141935483870968,NA,5.36631665558543e-06,"MLM","NYC","Cotyledon_RedvsYellow",8.19979886423899,5.27032370406142,"Significant",-0.234493417021987
"Lcu.1GRN.Chr1p363538926",1,363538926,6.31768691819302e-09,0.166129032258065,NA,5.36631665558543e-06,"MLM","NYC","Cotyledon_RedvsYellow",8.19944189996778,5.27032370406142,"Significant",-0.226607235874306
"Lcu.1GRN.Chr5p150138231",5,150138231,6.3707951924921e-09,0.253086419753086,NA,3.29210513340336e-06,"GLM","NYC","DTF_Nepal_2017",8.19580635633693,5.48252630404061,"Significant",5.39215382537492
"Lcu.1GRN.Chr4p496227541",4,496227541,6.38534376934205e-09,0.368827160493827,NA,3.29210513340336e-06,"GLM","NYC","DTF_Nepal_2017",8.19481571655102,5.48252630404061,"Significant",-4.9035944750737
"Lcu.1GRN.Chr2p44147574",2,44147574,6.38574027514328e-09,0.183641975308642,NA,3.29210513340336e-06,"GLM","NYC","DTF_Nepal_2017",8.19478874933649,5.48252630404061,"Significant",5.89833845589305
"Lcu.1GRN.Chr2p610527829",2,610527829,6.39106883883495e-09,0.294753086419753,NA,3.29210513340336e-06,"GLM","NYC","DTF_Nepal_2017",8.19442650459741,5.48252630404061,"Significant",-5.04079667536894
"Lcu.1GRN.Chr2p85993396",2,85993396,6.40336787240755e-09,0.483024691358025,NA,1.4652256062164e-05,"GLM","NYC","DTF_Sask_2017",8.19359154731415,4.83409550023046,"Significant",1.44794002592278
"Lcu.1GRN.Chr5p459570433",5,459570433,6.42569426536221e-09,0.115740740740741,NA,3.3048799739405e-06,"GLM","NYC","DTF_Nepal_2017",8.19207994203145,5.48084430852384,"Significant",-6.69757302796381
"Lcu.1GRN.Chr2p86496027",2,86496027,6.44730313829994e-09,0.45679012345679,NA,1.46531082075712e-05,"GLM","NYC","DTF_Sask_2017",8.19062190971818,4.83407024328126,"Significant",-1.37488356886141
"Lcu.1GRN.Chr1p355254360",1,355254360,6.48539521691118e-09,0.380645161290323,NA,5.4948940375989e-06,"MLM","NYC","Cotyledon_RedvsYellow",8.18806355307354,5.26004067800478,"Significant",0.19830278367694
"Lcu.1GRN.Chr1p445204495",1,445204495,6.48725953546573e-09,0.237654320987654,NA,3.33145042468092e-06,"GLM","NYC","DTF_Nepal_2017",8.18793872692473,5.47736664508464,"Significant",5.94107091651455
"Lcu.1GRN.Chr6p328051496",6,328051496,6.51717907756027e-09,0.239197530864197,NA,3.34171337619164e-06,"GLM","NYC","DTF_Nepal_2017",8.18594034539572,5.47603080293951,"Significant",5.03928925678969
"Lcu.1GRN.Chr2p186061424",2,186061424,6.54196255489168e-09,0.239197530864197,NA,3.34931555357877e-06,"GLM","NYC","DTF_Nepal_2017",8.18429194603349,5.47504393376139,"Significant",6.06733147330397
"Lcu.1GRN.Chr2p44147580",2,44147580,6.58284030355108e-09,0.183641975308642,NA,3.36418052381675e-06,"GLM","NYC","DTF_Nepal_2017",8.18158668054939,5.47312070776297,"Significant",5.83205261904533
"Lcu.1GRN.Chr1p562129504",1,562129504,6.59661514361742e-09,0.242283950617284,NA,3.36418052381675e-06,"GLM","NYC","DTF_Nepal_2017",8.18067885256936,5.47312070776297,"Significant",5.52853447680059
"Lcu.1GRN.Chr2p322270666",2,322270666,6.61076761995024e-09,0.0679012345679012,NA,3.36418052381675e-06,"GLM","NYC","DTF_Nepal_2017",8.17974810878172,5.47312070776297,"Significant",8.89974363550573
"Lcu.1GRN.Chr1p585143942",1,585143942,6.61100323825723e-09,0.0679012345679012,NA,3.36418052381675e-06,"GLM","NYC","DTF_Nepal_2017",8.17973263010921,5.47312070776297,"Significant",8.73800394364594
"Lcu.1GRN.Chr2p86496037",2,86496037,6.64854570817391e-09,0.459876543209877,NA,1.495969300114e-05,"GLM","NYC","DTF_Sask_2017",8.17727334116106,4.82507731885651,"Significant",-1.3756151589449
"Lcu.1GRN.Chr2p561528233",2,561528233,6.67114773497697e-09,0.192901234567901,NA,1.495969300114e-05,"GLM","NYC","DTF_Sask_2017",8.1757994416327,4.82507731885651,"Significant",2.02631738435957
"Lcu.1GRN.Chr5p11870903",5,11870903,6.67937371451991e-09,0.146604938271605,NA,3.39383821485184e-06,"GLM","NYC","DTF_Nepal_2017",8.1752642568477,5.46930886445552,"Significant",9.00387664903496
"Lcu.1GRN.Chr2p86496230",2,86496230,6.734364228453e-09,0.462962962962963,NA,1.49675819142222e-05,"GLM","NYC","DTF_Sask_2017",8.1717033984722,4.82484835637938,"Significant",-1.38180505705081
"Lcu.1GRN.Chr5p1685054",5,1685054,6.7460516215681e-09,0.21141975308642,NA,3.42069578904342e-06,"GLM","NYC","DTF_Nepal_2017",8.17095033986244,5.46588554698254,"Significant",6.91432821131821
"Lcu.1GRN.Chr2p246042325",2,246042325,6.75257086433816e-09,0.313271604938272,NA,3.42069578904342e-06,"GLM","NYC","DTF_Nepal_2017",8.17053084944639,5.46588554698254,"Significant",5.79182580957621
"Lcu.1GRN.Chr4p418017899",4,418017899,6.76366127165201e-09,0.101851851851852,NA,1.49675819142222e-05,"GLM","NYC","DTF_Sask_2017",8.16981815026648,4.82484835637938,"Significant",2.11887060851814
"Lcu.1GRN.Chr5p456048373",5,456048373,6.84695423491698e-09,0.345679012345679,NA,1.50528722557929e-05,"GLM","NYC","DTF_Sask_2017",8.16450257494989,4.82238062393562,"Significant",-1.52972224251478
"Lcu.1GRN.Chr4p496872397",4,496872397,6.87051061475806e-09,0.109567901234568,NA,3.47520758489372e-06,"GLM","NYC","DTF_Nepal_2017",8.16301098507566,5.45901924854689,"Significant",6.17372224967596
"Lcu.1GRN.Chr3p344742571",3,344742571,6.89672153410773e-09,0.259259259259259,NA,3.48322752592074e-06,"GLM","NYC","DTF_Nepal_2017",8.16135730897436,5.45801815631278,"Significant",5.64018980462379
"Lcu.1GRN.Chr5p456047827",5,456047827,6.96421873714393e-09,0.362654320987654,NA,1.5208921199478e-05,"GLM","NYC","DTF_Sask_2017",8.15712759670997,4.81790159026849,"Significant",-1.52466902239091
"Lcu.1GRN.Chr3p417612646",3,417612646,6.96480206084621e-09,0.467592592592593,NA,3.51233819310443e-06,"GLM","NYC","DTF_Nepal_2017",8.15709122168134,5.45440367376601,"Significant",4.19611411789043
"Lcu.1GRN.Chr2p86600898",2,86600898,7.02094111929775e-09,0.388888888888889,NA,1.5208921199478e-05,"GLM","NYC","DTF_Sask_2017",8.15360466913472,4.81790159026849,"Significant",1.50889726847305
"Lcu.1GRN.Chr1p361179553",1,361179553,7.02292568086214e-09,0.198387096774194,NA,5.93537799621748e-06,"MLM","NYC","Cotyledon_RedvsYellow",8.15348192742057,5.22655161766238,"Significant",-0.214016141815251
"Lcu.1GRN.Chr2p559998840",2,559998840,7.03098428719826e-09,0.236111111111111,NA,3.53511373950974e-06,"GLM","NYC","DTF_Nepal_2017",8.15298387262228,5.45159660855823,"Significant",-6.95312867967118
"Lcu.1GRN.Chr2p560796104",2,560796104,7.03098428719826e-09,0.236111111111111,NA,3.53511373950974e-06,"GLM","NYC","DTF_Nepal_2017",8.15298387262228,5.45159660855823,"Significant",-6.95312867967118
"Lcu.1GRN.Chr7p1430802",7,1430802,7.05848276294373e-09,0.128086419753086,NA,3.54364279331805e-06,"GLM","NYC","DTF_Nepal_2017",8.15128864151126,5.45055006238021,"Significant",-5.68156929832918
"Lcu.1GRN.Chr6p431625536",6,431625536,7.0650474793641e-09,0.307453416149068,NA,0.000137386363440275,"FarmCPU","NYC","DTF_Sask_2017_b",8.15088491520869,3.86205637190926,"Significant",0.225419238142365
"Lcu.1GRN.Chr5p456048359",5,456048359,7.08982946652477e-09,0.350308641975309,NA,1.5208921199478e-05,"GLM","NYC","DTF_Sask_2017",8.14936421088717,4.81790159026849,"Significant",-1.52724894667203
"Lcu.1GRN.Chr1p558275435",1,558275435,7.09879574487996e-09,0.302469135802469,NA,1.5208921199478e-05,"GLM","NYC","DTF_Sask_2017",8.14881531969113,4.81790159026849,"Significant",1.57909985869358
"Lcu.1GRN.Chr3p437381468",3,437381468,7.11280768943724e-09,0.319875776397516,NA,0.000137386363440275,"FarmCPU","NYC","DTF_Sask_2017_b",8.14795893325987,3.86205637190926,"Significant",-0.112499197382306
"Lcu.1GRN.Chr2p610279498",2,610279498,7.2319443785628e-09,0.214506172839506,NA,3.62531659431302e-06,"GLM","NYC","DTF_Nepal_2017",8.14074492271192,5.44065406104903,"Significant",-5.94782267789918
"Lcu.1GRN.Chr1p363534795",1,363534795,7.2691326402134e-09,0.133870967741936,NA,6.12806099947534e-06,"MLM","NYC","Cotyledon_RedvsYellow",8.1385174064782,5.21267692033308,"Significant",-0.245441898090457
"Lcu.1GRN.Chr2p183853342",2,183853342,7.29663194944555e-09,0.296296296296296,NA,3.64853461745457e-06,"GLM","NYC","DTF_Nepal_2017",8.13687755951081,5.4378815287869,"Significant",5.69683751716514
"Lcu.1GRN.Chr1p524716113",1,524716113,7.3108013930153e-09,0.0972222222222222,NA,3.64853461745457e-06,"GLM","NYC","DTF_Nepal_2017",8.13603501408345,5.4378815287869,"Significant",6.67892928926801
"Lcu.1GRN.Chr1p524716868",1,524716868,7.3108013930153e-09,0.0972222222222222,NA,3.64853461745457e-06,"GLM","NYC","DTF_Nepal_2017",8.13603501408345,5.4378815287869,"Significant",6.67892928926801
"Lcu.1GRN.Chr5p2415583",5,2415583,7.32984677456446e-09,0.194444444444444,NA,3.65262010373322e-06,"GLM","NYC","DTF_Nepal_2017",8.13490510389321,5.43739549489236,"Significant",6.78916958027401
"Lcu.1GRN.Chr3p414413946",3,414413946,7.39858390951231e-09,0.203703703703704,NA,3.68141934007533e-06,"GLM","NYC","DTF_Nepal_2017",8.13085139636855,5.43398471047831,"Significant",5.79822042485335
"Lcu.1GRN.Chr5p131725377",5,131725377,7.46476955894812e-09,0.450617283950617,NA,3.708865793552e-06,"GLM","NYC","DTF_Nepal_2017",8.12698359461303,5.4307588814663,"Significant",-4.71513200645592
"Lcu.1GRN.Chr3p417612664",3,417612664,7.54630485866512e-09,0.464506172839506,NA,3.74384649910709e-06,"GLM","NYC","DTF_Nepal_2017",8.12226565397711,5.4266819660123,"Significant",4.16519999175651
"Lcu.1GRN.Chr5p156348343",5,156348343,7.61883641171258e-09,0.319444444444444,NA,3.77426383990946e-06,"GLM","NYC","DTF_Nepal_2017",8.11811135130601,5.42316774375464,"Significant",5.03790766119465
"Lcu.1GRN.Chr2p14584478",2,14584478,7.68047906206112e-09,0.0617283950617284,NA,3.79920544215928e-06,"GLM","NYC","DTF_Nepal_2017",8.11461169044754,5.4203072213219,"Significant",8.3690562984898
"Lcu.1GRN.Chr1p360343634",1,360343634,7.70125623061356e-09,0.175806451612903,NA,6.47612113630698e-06,"MLM","NYC","Cotyledon_RedvsYellow",8.11343842683739,5.18868503633348,"Significant",-0.223560561852022
"Lcu.1GRN.Chr3p344522268",3,344522268,7.72269552101012e-09,0.452160493827161,NA,3.81447859664554e-06,"GLM","NYC","DTF_Nepal_2017",8.11223108754307,5.41856481762398,"Significant",4.7401917221984
"Lcu.1GRN.Chr2p561719200",2,561719200,7.75227846043258e-09,0.185185185185185,NA,1.65038648664578e-05,"GLM","NYC","DTF_Sask_2017",8.1105706358983,4.78241434102085,"Significant",2.05614178348725
"Lcu.1GRN.Chr6p3170168",6,3170168,7.76978783811907e-09,0.369565217391304,NA,0.000137386363440275,"FarmCPU","NYC","DTF_Sask_2017_b",8.10959083988533,3.86205637190926,"Significant",-0.122564686145694
"Lcu.1GRN.Chr2p247292359",2,247292359,7.79038831158453e-09,0.344135802469136,NA,3.83539846732464e-06,"GLM","NYC","DTF_Nepal_2017",8.10844089439735,5.41618950963661,"Significant",5.40889734922365
"Lcu.1GRN.Chr1p446647193",1,446647193,7.79826368653301e-09,0.253086419753086,NA,3.83539846732464e-06,"GLM","NYC","DTF_Nepal_2017",8.10800208388642,5.41618950963661,"Significant",5.50845953655272
"Lcu.1GRN.Chr5p145440870",5,145440870,7.79925662044747e-09,0.304012345679012,NA,3.83539846732464e-06,"GLM","NYC","DTF_Nepal_2017",8.10794678974837,5.41618950963661,"Significant",5.10121853362193
"Lcu.1GRN.Chr2p44147606",2,44147606,7.84910812447607e-09,0.21141975308642,NA,3.84387099180236e-06,"GLM","NYC","DTF_Nepal_2017",8.10517968830237,5.41523119657283,"Significant",5.58555714102312
"Lcu.1GRN.Chr4p322397822",4,322397822,7.87312168525267e-09,0.0667701863354038,NA,0.000137386363440275,"FarmCPU","NYC","DTF_Sask_2017_b",8.10385303614526,3.86205637190926,"Significant",0.183230194065004
"Lcu.1GRN.Chr4p500990317",4,500990317,7.87362349264887e-09,0.358024691358025,NA,3.84387099180236e-06,"GLM","NYC","DTF_Nepal_2017",8.10382535649708,5.41523119657283,"Significant",-4.64717891366365
"Lcu.1GRN.Chr4p500990383",4,500990383,7.87362349264887e-09,0.358024691358025,NA,3.84387099180236e-06,"GLM","NYC","DTF_Nepal_2017",8.10382535649708,5.41523119657283,"Significant",-4.64717891366365
"Lcu.1GRN.Chr4p500990518",4,500990518,7.87362349264887e-09,0.358024691358025,NA,3.84387099180236e-06,"GLM","NYC","DTF_Nepal_2017",8.10382535649708,5.41523119657283,"Significant",-4.64717891366365
"Lcu.1GRN.Chr4p500990525",4,500990525,7.87362349264887e-09,0.358024691358025,NA,3.84387099180236e-06,"GLM","NYC","DTF_Nepal_2017",8.10382535649708,5.41523119657283,"Significant",-4.64717891366365
"Lcu.1GRN.Chr5p3498321",5,3498321,7.9020077068556e-09,0.0879629629629629,NA,3.85213713961145e-06,"GLM","NYC","DTF_Nepal_2017",8.10226255108545,5.41429825999083,"Significant",11.4459354957894
"Lcu.1GRN.Chr3p344522016",3,344522016,7.92656338762974e-09,0.449074074074074,NA,3.85293980781337e-06,"GLM","NYC","DTF_Nepal_2017",8.10091506303346,5.41420777565835,"Significant",4.74399048415654
"Lcu.1GRN.Chr3p344522038",3,344522038,7.92656338762974e-09,0.449074074074074,NA,3.85293980781337e-06,"GLM","NYC","DTF_Nepal_2017",8.10091506303346,5.41420777565835,"Significant",4.74399048415654
"Lcu.1GRN.Chr1p558449550",1,558449550,7.94534706363676e-09,0.237654320987654,NA,1.68085066399642e-05,"GLM","NYC","DTF_Sask_2017",8.09988712746475,4.77447086995333,"Significant",1.63891368932786
"Lcu.1GRN.Chr2p45088043",2,45088043,8.01163786018911e-09,0.118827160493827,NA,1.68428162007389e-05,"GLM","NYC","DTF_Sask_2017",8.09627868979235,4.7735852906164,"Significant",2.92743963501721
"Lcu.1GRN.Chr2p249133361",2,249133361,8.04712147337033e-09,0.308641975308642,NA,3.90589626065391e-06,"GLM","NYC","DTF_Nepal_2017",8.09435944283655,5.40827929561649,"Significant",5.84580702915895
"Lcu.1GRN.Chr1p367688012",1,367688012,8.05546580649928e-09,0.295161290322581,NA,6.75708944372754e-06,"MLM","NYC","Cotyledon_RedvsYellow",8.09390934148396,5.17024033227227,"Significant",-0.194286320834172
"Lcu.1GRN.Chr4p322379767",4,322379767,8.16883721888738e-09,0.118012422360248,NA,0.000137386363440275,"FarmCPU","NYC","DTF_Sask_2017_b",8.08783975807715,3.86205637190926,"Significant",0.164005625773939
"Lcu.1GRN.Chr2p44545877",2,44545877,8.17923647622222e-09,0.066358024691358,NA,1.69884527928755e-05,"GLM","NYC","DTF_Sask_2017",8.08728723540447,4.76984617228539,"Significant",2.57367838918213
"Lcu.1GRN.Chr2p248170629",2,248170629,8.22695441408254e-09,0.328703703703704,NA,3.98742935936845e-06,"GLM","NYC","DTF_Nepal_2017",8.08476090913203,5.39930699775501,"Significant",5.65134065255637
"Lcu.1GRN.Chr4p501360459",4,501360459,8.26712781633741e-09,0.242283950617284,NA,4.00113522618412e-06,"GLM","NYC","DTF_Nepal_2017",8.082645347784,5.39781677054224,"Significant",6.26948933480571
"Lcu.1GRN.Chr2p85175399",2,85175399,8.27399542114238e-09,0.455246913580247,NA,1.69884527928755e-05,"GLM","NYC","DTF_Sask_2017",8.08228472378051,4.76984617228539,"Significant",-1.37189838300667
"Lcu.1GRN.Chr5p456049263",5,456049263,8.28293577560101e-09,0.33641975308642,NA,1.69884527928755e-05,"GLM","NYC","DTF_Sask_2017",8.08181570606957,4.76984617228539,"Significant",-1.51588299569605
"Lcu.1GRN.Chr5p456049271",5,456049271,8.28293577560101e-09,0.33641975308642,NA,1.69884527928755e-05,"GLM","NYC","DTF_Sask_2017",8.08181570606957,4.76984617228539,"Significant",-1.51588299569605
"Lcu.1GRN.Chr2p248164711",2,248164711,8.31521303546154e-09,0.308641975308642,NA,4.01862537801594e-06,"GLM","NYC","DTF_Nepal_2017",8.08012661969278,5.39592247747147,"Significant",5.75608119874317
"Lcu.1GRN.Chr3p440691864",3,440691864,8.34003696383107e-09,0.0679012345679012,NA,4.02483961752219e-06,"GLM","NYC","DTF_Nepal_2017",8.07883202452386,5.39525142078999,"Significant",7.5932722575867
"Lcu.1GRN.Chr1p488852653",1,488852653,8.37362745360573e-09,0.0740740740740741,NA,4.03526066717335e-06,"GLM","NYC","DTF_Nepal_2017",8.07708636496884,5.39412840576012,"Significant",8.46825269973328
"Lcu.1GRN.Chr2p195892341",2,195892341,8.47662985666104e-09,0.243827160493827,NA,4.07905372674607e-06,"GLM","NYC","DTF_Nepal_2017",8.07177678047597,5.38944057438977,"Significant",6.81176142509594
"Lcu.1GRN.Chr2p248741549",2,248741549,8.54557368890012e-09,0.307098765432099,NA,4.10635569287752e-06,"GLM","NYC","DTF_Nepal_2017",8.06825877652892,5.3865434347113,"Significant",5.79868494175565
"Lcu.1GRN.Chr1p363986972",1,363986972,8.58268166314026e-09,0.082258064516129,NA,7.16360020591935e-06,"MLM","NYC","Cotyledon_RedvsYellow",8.06637699542165,5.14486865973089,"Significant",-0.25388132463253
"Lcu.1GRN.Chr1p364455309",1,364455309,8.58268166314026e-09,0.082258064516129,NA,7.16360020591935e-06,"MLM","NYC","Cotyledon_RedvsYellow",8.06637699542165,5.14486865973089,"Significant",-0.25388132463253
"Lcu.1GRN.Chr6p397073044",6,397073044,8.60779330421685e-09,0.095679012345679,NA,4.13035322447862e-06,"GLM","NYC","DTF_Nepal_2017",8.06510817010657,5.38401280624135,"Significant",9.76444552985618
"Lcu.1GRN.Chr2p318847700",2,318847700,8.64996175967517e-09,0.066358024691358,NA,4.1446747681149e-06,"GLM","NYC","DTF_Nepal_2017",8.0629858124888,5.38250954278673,"Significant",8.80678388368415
"Lcu.1GRN.Chr3p297576112",3,297576112,8.66990882386266e-09,0.066358024691358,NA,4.14832321672292e-06,"GLM","NYC","DTF_Nepal_2017",8.06198546970966,5.38212741289761,"Significant",8.95749780406913
"Lcu.1GRN.Chr5p148849761",5,148849761,8.83999338988957e-09,0.257716049382716,NA,4.22369610309231e-06,"GLM","NYC","DTF_Nepal_2017",8.05354805973077,5.37430733704101,"Significant",5.50069761992836
"Lcu.1GRN.Chr7p1559267",7,1559267,8.86091378950923e-09,0.364197530864197,NA,4.22768650870333e-06,"GLM","NYC","DTF_Nepal_2017",8.05252148880394,5.37389722396346,"Significant",4.5113739088888
"Lcu.1GRN.Chr7p11012268",7,11012268,8.88243019774935e-09,0.154320987654321,NA,4.23194957270022e-06,"GLM","NYC","DTF_Nepal_2017",8.05146819671242,5.37345951593235,"Significant",5.2761539088981
"Lcu.1GRN.Chr1p445788717",1,445788717,8.90749320619552e-09,0.277777777777778,NA,1.77289157827714e-05,"GLM","NYC","DTF_Sask_2017",8.05024450021612,4.75131782299792,"Significant",1.5808013155293
"Lcu.1GRN.Chr1p445791283",1,445791283,8.90749320619552e-09,0.277777777777778,NA,1.77289157827714e-05,"GLM","NYC","DTF_Sask_2017",8.05024450021612,4.75131782299792,"Significant",1.5808013155293
"Lcu.1GRN.Chr1p445792800",1,445792800,8.90749320619552e-09,0.277777777777778,NA,1.77289157827714e-05,"GLM","NYC","DTF_Sask_2017",8.05024450021612,4.75131782299792,"Significant",1.5808013155293
"Lcu.1GRN.Chr1p446411579",1,446411579,8.90749320619552e-09,0.277777777777778,NA,1.77289157827714e-05,"GLM","NYC","DTF_Sask_2017",8.05024450021612,4.75131782299792,"Significant",1.5808013155293
"Lcu.1GRN.Chr1p446608224",1,446608224,8.90749320619552e-09,0.277777777777778,NA,1.77289157827714e-05,"GLM","NYC","DTF_Sask_2017",8.05024450021612,4.75131782299792,"Significant",1.5808013155293
"Lcu.1GRN.Chr3p402976349",3,402976349,8.91100379113883e-09,0.0570987654320988,NA,4.23955815023196e-06,"GLM","NYC","DTF_Nepal_2017",8.05007337156379,5.37267940352881,"Significant",9.50237519020129
"Lcu.1GRN.Chr2p67624796",2,67624796,8.92857124266069e-09,0.145061728395062,NA,4.24191627567804e-06,"GLM","NYC","DTF_Nepal_2017",8.04921803171306,5.37243790757096,"Significant",6.30815938070248
"Lcu.1GRN.Chr4p500982673",4,500982673,8.96782015607478e-09,0.240740740740741,NA,4.25455396676785e-06,"GLM","NYC","DTF_Nepal_2017",8.04731310982516,5.37114596317635,"Significant",-5.19886281263302
"Lcu.1GRN.Chr6p40023114",6,40023114,9.00187072331633e-09,0.368827160493827,NA,1.77391498052073e-05,"GLM","NYC","DTF_Sask_2017",8.04566722829528,4.75106719869568,"Significant",-1.42925495401909
"Lcu.1GRN.Chr4p471973816",4,471973816,9.01342664768535e-09,0.395061728395062,NA,4.27016800169293e-06,"GLM","NYC","DTF_Nepal_2017",8.04511007125572,5.36955503814292,"Significant",4.55630739441597
"Lcu.1GRN.Chr5p456053436",5,456053436,9.01811003068209e-09,0.33179012345679,NA,1.77391498052073e-05,"GLM","NYC","DTF_Sask_2017",8.0448844701354,4.75106719869568,"Significant",-1.51590674617542
"Lcu.1GRN.Chr2p187430002",2,187430002,9.07356177674972e-09,0.265432098765432,NA,4.29261146857943e-06,"GLM","NYC","DTF_Nepal_2017",8.04222219956143,5.36727841845932,"Significant",5.91498059323828
"Lcu.1GRN.Chr6p431626106",6,431626106,9.17959519364289e-09,0.309006211180124,NA,0.000142385426622598,"FarmCPU","NYC","DTF_Sask_2017_b",8.03717647011068,3.84653445916318,"Significant",0.245540246367142
"Lcu.1GRN.Chr5p485827550",5,485827550,9.22632497346881e-09,0.128086419753086,NA,4.35875175891964e-06,"GLM","NYC","DTF_Nepal_2017",8.03497125255686,5.36063786436184,"Significant",8.26036716529165
"Lcu.1GRN.Chr6p4614496",6,4614496,9.25511957907133e-09,0.371913580246914,NA,0.000345901867494832,"FarmCPU","NYC","DTF_Nepal_2017",8.0336179656528,3.46104709326025,"Significant",-0.754869826467825
"Lcu.1GRN.Chr1p437359352",1,437359352,9.31268342523839e-09,0.281055900621118,NA,0.000142385426622598,"FarmCPU","NYC","DTF_Sask_2017_b",8.03092516017285,3.84653445916318,"Significant",0.966864569735293
"Lcu.1GRN.Chr2p50229456",2,50229456,9.32657841194519e-09,0.300925925925926,NA,1.82392627947138e-05,"GLM","NYC","DTF_Sask_2017",8.03027765414783,4.7389927192235,"Significant",1.62678888728092
"Lcu.1GRN.Chr3p345919251",3,345919251,9.48182299371281e-09,0.435185185185185,NA,4.47317300831164e-06,"GLM","NYC","DTF_Nepal_2017",8.02310815633317,5.34938430435316,"Significant",4.98052626479526
"Lcu.1GRN.Chr4p180273383",4,180273383,9.51540289475143e-09,0.0540123456790124,NA,4.48272762674909e-06,"GLM","NYC","DTF_Nepal_2017",8.02157281838453,5.34845764832883,"Significant",9.35771122201959
"Lcu.1GRN.Chr3p414075946",3,414075946,9.56891859666394e-09,0.387345679012346,NA,4.50163418406162e-06,"GLM","NYC","DTF_Nepal_2017",8.01913713997013,5.34662979993933,"Significant",4.1522547470945
"Lcu.1GRN.Chr1p585143599",1,585143599,9.5845064763124e-09,0.0694444444444444,NA,4.50266995798571e-06,"GLM","NYC","DTF_Nepal_2017",8.01843024482372,5.3465298852997,"Significant",8.44532794317956
"Lcu.1GRN.Chr2p248632116",2,248632116,9.62307965276437e-09,0.313271604938272,NA,4.51448596033667e-06,"GLM","NYC","DTF_Nepal_2017",8.01668591942122,5.34539169325714,"Significant",5.86731157319463
"Lcu.1GRN.Chr2p610276907",2,610276907,9.66903018110011e-09,0.212962962962963,NA,4.52972517399178e-06,"GLM","NYC","DTF_Nepal_2017",8.01461708415059,5.34392814656101,"Significant",-5.86991449892048
"Lcu.1GRN.Chr6p417282549",6,417282549,9.7493325878913e-09,0.393518518518518,NA,1.89558020496603e-05,"GLM","NYC","DTF_Sask_2017",8.01102511387244,4.72225783516936,"Significant",1.50660691518661
"Lcu.1GRN.Chr2p248776046",2,248776046,9.75492043431521e-09,0.307098765432099,NA,4.56360684524243e-06,"GLM","NYC","DTF_Nepal_2017",8.01077626856355,5.34069177711455,"Significant",5.79147403077974
"Lcu.1GRN.Chr4p39750035",4,39750035,9.77023950283738e-09,0.205246913580247,NA,4.56442520951514e-06,"GLM","NYC","DTF_Nepal_2017",8.01009479006979,5.34061390466918,"Significant",4.92428193287202
"Lcu.1GRN.Chr2p561719193",2,561719193,9.82416063679579e-09,0.0771604938271605,NA,4.58325026479485e-06,"GLM","NYC","DTF_Nepal_2017",8.00770454490979,5.33882642779734,"Significant",7.89634285010357
"Lcu.1GRN.Chr5p4374431",5,4374431,9.86094179703102e-09,0.0709876543209876,NA,4.59403796321597e-06,"GLM","NYC","DTF_Nepal_2017",8.00608160455972,5.33780542029748,"Significant",27.111997812166
"Lcu.1GRN.Chr6p328051127",6,328051127,9.93913122596673e-09,0.236111111111111,NA,4.62406051602317e-06,"GLM","NYC","DTF_Nepal_2017",8.00265157538721,5.33497649084986,"Significant",4.94536041995769
"Lcu.1GRN.Chr1p373425424",1,373425424,9.94027830458373e-09,0.380645161290323,NA,8.2761920605889e-06,"MLM","NYC","Cotyledon_RedvsYellow",8.00260145620098,5.08216943947971,"Significant",-0.202897516535152
"Lcu.1GRN.Chr4p500990109",4,500990109,1.00342690938291e-08,0.359567901234568,NA,4.65872324336358e-06,"GLM","NYC","DTF_Nepal_2017",7.99851425646772,5.33173308853226,"Significant",-4.59484487421201
"Lcu.1GRN.Chr2p559999026",2,559999026,1.00413368476652e-08,0.234567901234568,NA,4.65872324336358e-06,"GLM","NYC","DTF_Nepal_2017",7.99820846379314,5.33173308853226,"Significant",-6.92247000806458
"Lcu.1GRN.Chr6p388815050",6,388815050,1.00633131056677e-08,0.320987654320988,NA,4.66248820855939e-06,"GLM","NYC","DTF_Nepal_2017",7.99725901464513,5.33138225351335,"Significant",5.17916584457407
"Lcu.1GRN.Chr2p37293880",2,37293880,1.01253392438476e-08,0.172839506172839,NA,1.94618856310589e-05,"GLM","NYC","DTF_Sask_2017",7.99459041707499,4.7108150839294,"Significant",-1.73472095885683
"Lcu.1GRN.Chr2p37297327",2,37297327,1.01253392438476e-08,0.172839506172839,NA,1.94618856310589e-05,"GLM","NYC","DTF_Sask_2017",7.99459041707499,4.7108150839294,"Significant",-1.73472095885683
"Lcu.1GRN.Chr3p414291818",3,414291818,1.01276879332005e-08,0.151234567901235,NA,4.68585970705207e-06,"GLM","NYC","DTF_Nepal_2017",7.99448968913725,5.32921071816441,"Significant",5.48681220839762
"Lcu.1GRN.Chr6p435447976",6,435447976,1.01749513336641e-08,0.151234567901235,NA,4.70126079017939e-06,"GLM","NYC","DTF_Nepal_2017",7.9924676593088,5.32778565678997,"Significant",8.04743803920928
"Lcu.1GRN.Chr1p372874897",1,372874897,1.02801902680711e-08,0.101612903225806,NA,8.53806607382786e-06,"MLM","NYC","Cotyledon_RedvsYellow",7.98799884724651,5.06864048862931,"Significant",-0.442940159089807
"Lcu.1GRN.Chr2p247543239",2,247543239,1.02977755409873e-08,0.302469135802469,NA,4.75148404032274e-06,"GLM","NYC","DTF_Nepal_2017",7.98725657865493,5.32317072514103,"Significant",5.85307726370394
"Lcu.1GRN.Chr1p365079040",1,365079040,1.0307574885912e-08,0.37258064516129,NA,8.53972424051619e-06,"MLM","NYC","Cotyledon_RedvsYellow",7.98684350130757,5.06855615305289,"Significant",-0.17535950135947
"Lcu.1GRN.Chr3p414520688",3,414520688,1.0443082978989e-08,0.197530864197531,NA,4.81192944163504e-06,"GLM","NYC","DTF_Nepal_2017",7.98117127115109,5.31768074943968,"Significant",4.77867381333425
"Lcu.1GRN.Chr5p1941396",5,1941396,1.04617401095199e-08,0.151234567901235,NA,4.81393178579876e-06,"GLM","NYC","DTF_Nepal_2017",7.98039607291529,5.31750006804127,"Significant",8.74033164080947
"Lcu.1GRN.Chr1p541560896",1,541560896,1.04724614269975e-08,0.229938271604938,NA,1.99505198007936e-05,"GLM","NYC","DTF_Sask_2017",7.97995123059176,4.70004578450478,"Significant",-1.74405719188968
"Lcu.1GRN.Chr6p40079427",6,40079427,1.04981820592997e-08,0.271604938271605,NA,1.99505198007936e-05,"GLM","NYC","DTF_Sask_2017",7.97888589997485,4.70004578450478,"Significant",1.87543694415689
"Lcu.1GRN.Chr4p471079174",4,471079174,1.05172632647232e-08,0.310185185185185,NA,4.82858017111034e-06,"GLM","NYC","DTF_Nepal_2017",7.9780972548262,5.31618055341025,"Significant",-5.04986342492225
"Lcu.1GRN.Chr5p504940894",5,504940894,1.05222844851721e-08,0.0540123456790124,NA,4.82858017111034e-06,"GLM","NYC","DTF_Nepal_2017",7.97788996060099,5.31618055341025,"Significant",9.24809571800142
"Lcu.1GRN.Chr2p249183962",2,249183962,1.05636318287934e-08,0.300925925925926,NA,4.84094979203782e-06,"GLM","NYC","DTF_Nepal_2017",7.97618674354139,5.31506942162558,"Significant",5.76803063644996
"Lcu.1GRN.Chr4p14484871",4,14484871,1.05706547981777e-08,0.0725308641975309,NA,0.000739898729583123,"FarmCPU","NYC","DTF_Sask_2017",7.9758981095301,3.13082771836762,"Significant",0.0776655340082471
"Lcu.1GRN.Chr5p505202335",5,505202335,1.05965790851302e-08,0.0524691358024691,NA,4.84944151990203e-06,"GLM","NYC","DTF_Nepal_2017",7.97483431626716,5.31430827351948,"Significant",9.31122812277204
"Lcu.1GRN.Chr6p39896632",6,39896632,1.06078090480435e-08,0.407407407407407,NA,2.00456005958609e-05,"GLM","NYC","DTF_Sask_2017",7.97437430663608,4.6979809271131,"Significant",-1.45023205416048
"Lcu.1GRN.Chr2p51056193",2,51056193,1.07583628857511e-08,0.308641975308642,NA,2.02165265295612e-05,"GLM","NYC","DTF_Sask_2017",7.96825381080512,4.69429345995314,"Significant",1.60797872265297
"Lcu.1GRN.Chr2p247574414",2,247574414,1.07885430408386e-08,0.322530864197531,NA,4.92949924836355e-06,"GLM","NYC","DTF_Nepal_2017",7.96703720147535,5.30719719527001,"Significant",5.71287945338668
"Lcu.1GRN.Chr2p183250311",2,183250311,1.08008245340474e-08,0.259259259259259,NA,4.92949924836355e-06,"GLM","NYC","DTF_Nepal_2017",7.96654308924284,5.30719719527001,"Significant",5.88940518887415
"Lcu.1GRN.Chr5p146927138",5,146927138,1.08476391240917e-08,0.384259259259259,NA,4.93139454505481e-06,"GLM","NYC","DTF_Nepal_2017",7.96466477121139,5.30703024957078,"Significant",-5.5319172880408
"Lcu.1GRN.Chr5p2241247",5,2241247,1.08515404547568e-08,0.185185185185185,NA,4.93139454505481e-06,"GLM","NYC","DTF_Nepal_2017",7.96450860619215,5.30703024957078,"Significant",7.32385274379681
"Lcu.1GRN.Chr2p248166959",2,248166959,1.0859977534085e-08,0.313271604938272,NA,4.93139454505481e-06,"GLM","NYC","DTF_Nepal_2017",7.96417107316642,5.30703024957078,"Significant",5.79273460651666
"Lcu.1GRN.Chr6p349268368",6,349268368,1.08614863172109e-08,0.49537037037037,NA,0.000456680696007661,"BLINK","NYC","DTF_Sask_2017",7.96411074056715,3.34038734572722,"Significant",0.722308772546669
"Lcu.1GRN.Chr1p956170",1,956170,1.08636202656195e-08,0.0540123456790124,NA,4.93139454505481e-06,"GLM","NYC","DTF_Nepal_2017",7.96402542342332,5.30703024957078,"Significant",9.40778142974386
"Lcu.1GRN.Chr4p503422319",4,503422319,1.08955982368685e-08,0.401234567901235,NA,4.93438991501944e-06,"GLM","NYC","DTF_Nepal_2017",7.96274891926462,5.30676653558186,"Significant",5.80072524078605
"Lcu.1GRN.Chr2p67741145",2,67741145,1.08995582410268e-08,0.141975308641975,NA,4.93438991501944e-06,"GLM","NYC","DTF_Nepal_2017",7.96259110365316,5.30676653558186,"Significant",6.51723913962871
"Lcu.1GRN.Chr1p368193276",1,368193276,1.08996792138813e-08,0.364516129032258,NA,9.00808943030864e-06,"MLM","NYC","Cotyledon_RedvsYellow",7.96258628349894,5.04536731089229,"Significant",-0.178142025479312
"Lcu.1GRN.Chr6p241296598",6,241296598,1.09888071289543e-08,0.152777777777778,NA,4.96351775830628e-06,"GLM","NYC","DTF_Nepal_2017",7.95904944910792,5.30421041997755,"Significant",9.00280269085852
"Lcu.1GRN.Chr5p459570665",5,459570665,1.09934111548938e-08,0.0941358024691358,NA,4.96351775830628e-06,"GLM","NYC","DTF_Nepal_2017",7.95886752906113,5.30421041997755,"Significant",-6.95579803462954
"Lcu.1GRN.Chr4p46158014",4,46158014,1.09983846450919e-08,0.195987654320988,NA,0.000739898729583123,"FarmCPU","NYC","DTF_Sask_2017",7.95867109586347,3.13082771836762,"Significant",-1.27320551026853
"Lcu.1GRN.Chr4p501141816",4,501141816,1.10588326155465e-08,0.483024691358025,NA,4.98636239999132e-06,"GLM","NYC","DTF_Nepal_2017",7.95629071529033,5.30221616093113,"Significant",-4.10270267791643
"Lcu.1GRN.Chr4p177059232",4,177059232,1.11042476874036e-08,0.0540123456790124,NA,5.00013719125689e-06,"GLM","NYC","DTF_Nepal_2017",7.95451085956277,5.30101807954629,"Significant",9.26713437791864
"Lcu.1GRN.Chr5p459348152",5,459348152,1.11211664274614e-08,0.169753086419753,NA,5.00106067875121e-06,"GLM","NYC","DTF_Nepal_2017",7.95384966001624,5.30093787604882,"Significant",-5.54774204650204
"Lcu.1GRN.Chr1p441538816",1,441538816,1.11559246615313e-08,0.101851851851852,NA,5.00999320510722e-06,"GLM","NYC","DTF_Nepal_2017",7.95249442728441,5.300162863152,"Significant",9.7935260813731
"Lcu.1GRN.Chr4p390212982",4,390212982,1.11782491475384e-08,0.131172839506173,NA,5.01332550801342e-06,"GLM","NYC","DTF_Nepal_2017",7.95162621479569,5.29987409635551,"Significant",-6.8748068230708
"Lcu.1GRN.Chr4p166514083",4,166514083,1.12149727785149e-08,0.058641975308642,NA,5.02309820052028e-06,"GLM","NYC","DTF_Nepal_2017",7.95020177621879,5.29902833139108,"Significant",9.57868467227399
"Lcu.1GRN.Chr6p40077024",6,40077024,1.12193940951304e-08,0.445987654320988,NA,2.08948378082635e-05,"GLM","NYC","DTF_Sask_2017",7.95003059657779,4.67996099562586,"Significant",1.36693573239086
"Lcu.1GRN.Chr2p43312218",2,43312218,1.12435692065384e-08,0.171296296296296,NA,2.08948378082635e-05,"GLM","NYC","DTF_Sask_2017",7.94909580258855,4.67996099562586,"Significant",1.79008509312868
"Lcu.1GRN.Chr4p496274147",4,496274147,1.12500525495122e-08,0.183641975308642,NA,5.03210960893851e-06,"GLM","NYC","DTF_Nepal_2017",7.94884544893841,5.29824990769818,"Significant",-8.00120325142188
"Lcu.1GRN.Chr7p84958445",7,84958445,1.13007018480878e-08,0.0570987654320988,NA,5.04625067524871e-06,"GLM","NYC","DTF_Nepal_2017",7.94689458312843,5.29703117946783,"Significant",8.39946091229353
"Lcu.1GRN.Chr2p43069804",2,43069804,1.13116715050452e-08,0.162037037037037,NA,5.04625067524871e-06,"GLM","NYC","DTF_Nepal_2017",7.94647321542993,5.29703117946783,"Significant",6.86123290472426
"Lcu.1GRN.Chr5p456048397",5,456048397,1.13310610175431e-08,0.341049382716049,NA,2.09417307763073e-05,"GLM","NYC","DTF_Sask_2017",7.94572942177918,4.67898742793238,"Significant",-1.50923051755895
"Lcu.1GRN.Chr1p363893299",1,363893299,1.13314293493229e-08,0.158064516129032,NA,9.34195807829336e-06,"MLM","NYC","Cotyledon_RedvsYellow",7.94571530466699,5.029562085925,"Significant",-0.224494074346801
"Lcu.1GRN.Chr4p496367510",4,496367510,1.1441253000565e-08,0.058641975308642,NA,5.09572177435448e-06,"GLM","NYC","DTF_Nepal_2017",7.94152641073247,5.29279429243904,"Significant",8.48932853628571
"Lcu.1GRN.Chr2p43812694",2,43812694,1.14528644647423e-08,0.25,NA,5.09572177435448e-06,"GLM","NYC","DTF_Nepal_2017",7.9410858787697,5.29279429243904,"Significant",4.89235681357974
"Lcu.1GRN.Chr6p439164898",6,439164898,1.15136408768577e-08,0.0833333333333334,NA,5.11599582671861e-06,"GLM","NYC","DTF_Nepal_2017",7.93878732079294,5.29106981846114,"Significant",9.00974665323861
"Lcu.1GRN.Chr4p501033245",4,501033245,1.15358495506387e-08,0.157407407407407,NA,5.11910172269087e-06,"GLM","NYC","DTF_Nepal_2017",7.9379504166116,5.29080624041178,"Significant",-8.1613504206108
"Lcu.1GRN.Chr1p365301723",1,365301723,1.15465942701055e-08,0.435483870967742,NA,9.49607157665668e-06,"MLM","NYC","Cotyledon_RedvsYellow",7.93754609437022,5.02245602054569,"Significant",-0.157201117567295
"Lcu.1GRN.Chr3p358806549",3,358806549,1.1625048738829e-08,0.0787037037037037,NA,5.1518877063685e-06,"GLM","NYC","DTF_Nepal_2017",7.93460521762423,5.28803361168784,"Significant",7.20577307764961
"Lcu.1GRN.Chr1p437953543",1,437953543,1.16597780577431e-08,0.115740740740741,NA,2.13376113898845e-05,"GLM","NYC","DTF_Sask_2017",7.93330971623351,4.67085419870037,"Significant",2.32691777347321
"Lcu.1GRN.Chr1p437626545",1,437626545,1.16721334011326e-08,0.118827160493827,NA,2.13376113898845e-05,"GLM","NYC","DTF_Sask_2017",7.9328497575227,4.67085419870037,"Significant",2.31959266129064
"Lcu.1GRN.Chr5p1684480",5,1684480,1.17151419186493e-08,0.175925925925926,NA,0.000587312750354941,"MLM","NYC","DTF_Nepal_2017",7.93125244593915,3.23113057067299,"Significant",6.97657354053302
"Lcu.1GRN.Chr6p420963307",6,420963307,1.17887963171314e-08,0.204968944099379,NA,0.000172407045687154,"FarmCPU","NYC","DTF_Sask_2017_b",7.92853053583065,3.76344499001637,"Significant",-0.855777123388256
"Lcu.1GRN.Chr2p248776032",2,248776032,1.18207290452549e-08,0.310185185185185,NA,5.2317146931122e-06,"GLM","NYC","DTF_Nepal_2017",7.92735573745077,5.28135594789968,"Significant",5.68543511733554
"Lcu.1GRN.Chr2p43615047",2,43615047,1.18509491865869e-08,0.177469135802469,NA,5.2381974047893e-06,"GLM","NYC","DTF_Nepal_2017",7.92624686400087,5.28081813893957,"Significant",6.75270256729084
"Lcu.1GRN.Chr1p559262738",1,559262738,1.19866086903835e-08,0.212962962962963,NA,2.17940519208554e-05,"GLM","NYC","DTF_Sask_2017",7.92130367222917,4.66166201880031,"Significant",1.70656251385631
"Lcu.1GRN.Chr2p82245202",2,82245202,1.20670793031664e-08,0.228395061728395,NA,2.18020388582855e-05,"GLM","NYC","DTF_Sask_2017",7.91839783313477,4.66150289063858,"Significant",1.58231519613946
"Lcu.1GRN.Chr1p446418552",1,446418552,1.21206339102807e-08,0.271604938271605,NA,2.18020388582855e-05,"GLM","NYC","DTF_Sask_2017",7.91647466593396,4.66150289063858,"Significant",1.58083797349974
"Lcu.1GRN.Chr5p145344305",5,145344305,1.21691840108415e-08,0.266975308641975,NA,5.37180041755212e-06,"GLM","NYC","DTF_Nepal_2017",7.91473854185784,5.26988013136557,"Significant",5.43649703973244
"Lcu.1GRN.Chr1p363528957",1,363528957,1.22050208882901e-08,0.120967741935484,NA,1.00130884417841e-05,"MLM","NYC","Cotyledon_RedvsYellow",7.91346147297261,4.99943194786047,"Significant",-0.263861827654288
"Lcu.1GRN.Chr5p131725374",5,131725374,1.22120604098251e-08,0.452160493827161,NA,5.38294904699476e-06,"GLM","NYC","DTF_Nepal_2017",7.9132110560284,5.26897973103583,"Significant",-4.64166031781625
"Lcu.1GRN.Chr3p297079812",3,297079812,1.22264463276837e-08,0.279320987654321,NA,5.38294904699476e-06,"GLM","NYC","DTF_Nepal_2017",7.91269975429202,5.26897973103583,"Significant",5.15048890396372
"Lcu.1GRN.Chr1p367807665",1,367807665,1.22467802821873e-08,0.412903225806452,NA,1.00229020515292e-05,"MLM","NYC","Cotyledon_RedvsYellow",7.91197807370539,4.99900651374958,"Significant",-0.252291884384465
"Lcu.1GRN.Chr6p53994143",6,53994143,1.22945981384796e-08,0.123456790123457,NA,5.40587855169407e-06,"GLM","NYC","DTF_Nepal_2017",7.9102856620528,5.26713371537454,"Significant",7.89304119483859
"Lcu.1GRN.Chr4p496352397",4,496352397,1.2512145757928e-08,0.341049382716049,NA,5.49435108636679e-06,"GLM","NYC","DTF_Nepal_2017",7.90266820502151,5.26008359282224,"Significant",4.55728370853132
"Lcu.1GRN.Chr6p431596950",6,431596950,1.25392431852523e-08,0.305900621118012,NA,0.000175741150520574,"FarmCPU","NYC","DTF_Sask_2017_b",7.90172867485996,3.75512653473969,"Significant",0.247556873019704
"Lcu.1GRN.Chr3p347894014",3,347894014,1.25657412156701e-08,0.348765432098765,NA,5.51069188460406e-06,"GLM","NYC","DTF_Nepal_2017",7.90081188857709,5.25879387069419,"Significant",5.6303271062294
"Lcu.1GRN.Chr2p630437252",2,630437252,1.26367709228371e-08,0.103395061728395,NA,5.53462594401294e-06,"GLM","NYC","DTF_Nepal_2017",7.89836388725239,5.25691172545203,"Significant",6.82478366048565
"Lcu.1GRN.Chr2p248632213",2,248632213,1.26798432700515e-08,0.328703703703704,NA,5.54626897427491e-06,"GLM","NYC","DTF_Nepal_2017",7.8968861145436,5.25599907251315,"Significant",5.70652048912575
"Lcu.1GRN.Chr2p247294387",2,247294387,1.27117856668532e-08,0.299382716049383,NA,5.55301975247066e-06,"GLM","NYC","DTF_Nepal_2017",7.89579343836893,5.25547078170954,"Significant",5.75128455513993
"Lcu.1GRN.Chr5p131734605",5,131734605,1.27527317073249e-08,0.459876543209877,NA,5.56368107159243e-06,"GLM","NYC","DTF_Nepal_2017",7.89439677692844,5.25463777314752,"Significant",-4.59962915044534
"Lcu.1GRN.Chr2p610338651",2,610338651,1.29348443029997e-08,0.359567901234568,NA,5.63582224568276e-06,"GLM","NYC","DTF_Nepal_2017",7.88823879452804,5.2490427130319,"Significant",-4.65146314799526
"Lcu.1GRN.Chr1p367499124",1,367499124,1.29907425795574e-08,0.388709677419355,NA,1.06059638574223e-05,"MLM","NYC","Cotyledon_RedvsYellow",7.88636602298497,4.97444985718623,"Significant",-0.158691569944276
"Lcu.1GRN.Chr2p33920225",2,33920225,1.31752235252845e-08,0.203703703703704,NA,5.73313119214668e-06,"GLM","NYC","DTF_Nepal_2017",7.88024200799594,5.24160812008239,"Significant",5.16308204558243
"Lcu.1GRN.Chr2p42997985",2,42997985,1.31786402823756e-08,0.328703703703704,NA,2.35790409354352e-05,"GLM","NYC","DTF_Sask_2017",7.88012939613987,4.62747386357167,"Significant",1.42104762966432
"Lcu.1GRN.Chr1p562579939",1,562579939,1.32421602959024e-08,0.415123456790123,NA,5.75481360756049e-06,"GLM","NYC","DTF_Nepal_2017",7.87804115930287,5.23996873815389,"Significant",4.68144199098046
"Lcu.1GRN.Chr4p496371494",4,496371494,1.32757358349353e-08,0.37962962962963,NA,5.76196056205119e-06,"GLM","NYC","DTF_Nepal_2017",7.87694139791539,5.23942971858982,"Significant",-4.39040063054898
"Lcu.1GRN.Chr2p43921733",2,43921733,1.3302175189304e-08,0.350308641975309,NA,5.76599582719151e-06,"GLM","NYC","DTF_Nepal_2017",7.87607733681708,5.2391256762434,"Significant",-4.38644776836719
"Lcu.1GRN.Chr2p43074531",2,43074531,1.33456307698086e-08,0.135802469135803,NA,5.77738711087288e-06,"GLM","NYC","DTF_Nepal_2017",7.87466089483463,5.23826853180367,"Significant",6.72158512353246
"Lcu.1GRN.Chr2p187429742",2,187429742,1.35221347273785e-08,0.260802469135803,NA,5.84627235455542e-06,"GLM","NYC","DTF_Nepal_2017",7.86895474129847,5.23312095645628,"Significant",5.84904542527192
"Lcu.1GRN.Chr1p541558374",1,541558374,1.35710949760347e-08,0.231481481481482,NA,2.40338484607786e-05,"GLM","NYC","DTF_Sask_2017",7.86738511012473,4.61917668148666,"Significant",-1.74326493752338
"Lcu.1GRN.Chr2p49588824",2,49588824,1.35757408055723e-08,0.256172839506173,NA,2.40338484607786e-05,"GLM","NYC","DTF_Sask_2017",7.86723646236571,4.61917668148666,"Significant",1.66401658804361
"Lcu.1GRN.Chr3p375775466",3,375775466,1.35949650518146e-08,0.185185185185185,NA,5.87021515992775e-06,"GLM","NYC","DTF_Nepal_2017",7.86662190450337,5.23134598034406,"Significant",5.16655348615524
"Lcu.1GRN.Chr3p440811434",3,440811434,1.36243396344446e-08,0.0617283950617284,NA,5.87535673053749e-06,"GLM","NYC","DTF_Nepal_2017",7.86568453859752,5.23096575945613,"Significant",7.79217779449937
"Lcu.1GRN.Chr1p570311228",1,570311228,1.36709996621052e-08,0.266975308641975,NA,5.88567473727719e-06,"GLM","NYC","DTF_Nepal_2017",7.86419972743199,5.23020374218695,"Significant",5.5252167772727
"Lcu.1GRN.Chr2p44193395",2,44193395,1.37411002881407e-08,0.0756172839506173,NA,2.40731910449011e-05,"GLM","NYC","DTF_Sask_2017",7.86197849071634,4.61846633758802,"Significant",2.3715996122354
"Lcu.1GRN.Chr2p44193751",2,44193751,1.37411002881407e-08,0.0756172839506173,NA,2.40731910449011e-05,"GLM","NYC","DTF_Sask_2017",7.86197849071634,4.61846633758802,"Significant",2.3715996122354
"Lcu.1GRN.Chr6p3269280",6,3269280,1.37540114998901e-08,0.281055900621118,NA,0.00462639558618352,"MLMM","NYC","DTF_Sask_2017_b",7.86157061687514,2.33475723504327,"Significant",-2.09017856612529
"Lcu.1GRN.Chr5p19385177",5,19385177,1.37745457476965e-08,0.376543209876543,NA,5.88567473727719e-06,"GLM","NYC","DTF_Nepal_2017",7.86092271425633,5.23020374218695,"Significant",4.8449417707568
"Lcu.1GRN.Chr4p451530961",4,451530961,1.37955015026405e-08,0.467592592592593,NA,5.88567473727719e-06,"GLM","NYC","DTF_Nepal_2017",7.86026250715503,5.23020374218695,"Significant",4.79716319597983
"Lcu.1GRN.Chr3p375774415",3,375774415,1.38057460087098e-08,0.186728395061728,NA,5.88567473727719e-06,"GLM","NYC","DTF_Nepal_2017",7.8599401208094,5.23020374218695,"Significant",5.12883496402202
"Lcu.1GRN.Chr3p375774947",3,375774947,1.38057460087098e-08,0.186728395061728,NA,5.88567473727719e-06,"GLM","NYC","DTF_Nepal_2017",7.8599401208094,5.23020374218695,"Significant",5.12883496402202
"Lcu.1GRN.Chr3p375777496",3,375777496,1.38057460087098e-08,0.186728395061728,NA,5.88567473727719e-06,"GLM","NYC","DTF_Nepal_2017",7.8599401208094,5.23020374218695,"Significant",5.12883496402202
"Lcu.1GRN.Chr3p375777506",3,375777506,1.38057460087098e-08,0.186728395061728,NA,5.88567473727719e-06,"GLM","NYC","DTF_Nepal_2017",7.8599401208094,5.23020374218695,"Significant",5.12883496402202
"Lcu.1GRN.Chr3p375928379",3,375928379,1.38057460087098e-08,0.186728395061728,NA,5.88567473727719e-06,"GLM","NYC","DTF_Nepal_2017",7.8599401208094,5.23020374218695,"Significant",5.12883496402202
"Lcu.1GRN.Chr3p375936915",3,375936915,1.38057460087098e-08,0.186728395061728,NA,5.88567473727719e-06,"GLM","NYC","DTF_Nepal_2017",7.8599401208094,5.23020374218695,"Significant",5.12883496402202
"Lcu.1GRN.Chr2p48157597",2,48157597,1.38517010312293e-08,0.325617283950617,NA,2.41395192318787e-05,"GLM","NYC","DTF_Sask_2017",7.8584968906346,4.6172713836596,"Significant",1.71923910310858
"Lcu.1GRN.Chr1p447466567",1,447466567,1.39219890708962e-08,0.356481481481482,NA,5.92771860482297e-06,"GLM","NYC","DTF_Nepal_2017",7.85629871150695,5.22711242096551,"Significant",5.52339610499553
"Lcu.1GRN.Chr3p389104888",3,389104888,1.39518179139673e-08,0.0802469135802469,NA,2.41395192318787e-05,"GLM","NYC","DTF_Sask_2017",7.85536920037848,4.6172713836596,"Significant",2.30862223930137
"Lcu.1GRN.Chr5p1634440",5,1634440,1.39683797841035e-08,0.16820987654321,NA,0.000587312750354941,"MLM","NYC","DTF_Nepal_2017",7.85485396551292,3.23113057067299,"Significant",7.22997851203225
"Lcu.1GRN.Chr5p1634528",5,1634528,1.39683797841035e-08,0.16820987654321,NA,0.000587312750354941,"MLM","NYC","DTF_Nepal_2017",7.85485396551292,3.23113057067299,"Significant",7.22997851203225
"Lcu.1GRN.Chr2p63174566",2,63174566,1.39942570175325e-08,0.271604938271605,NA,2.41395192318787e-05,"GLM","NYC","DTF_Sask_2017",7.85405015412896,4.6172713836596,"Significant",1.50028054799897
"Lcu.1GRN.Chr2p565788288",2,565788288,1.40386504281207e-08,0.21141975308642,NA,5.96983404368606e-06,"GLM","NYC","DTF_Nepal_2017",7.85267464005461,5.22403774172041,"Significant",-6.99346401531125
"Lcu.1GRN.Chr6p40076301",6,40076301,1.40935526060652e-08,0.398148148148148,NA,2.41867653543078e-05,"GLM","NYC","DTF_Sask_2017",7.85097951911668,4.61642220864128,"Significant",-1.37684678420169
"Lcu.1GRN.Chr2p248632211",2,248632211,1.41380664311668e-08,0.330246913580247,NA,6.00451892834886e-06,"GLM","NYC","DTF_Nepal_2017",7.84960998203097,5.22152178178858,"Significant",5.69674168664142
"Lcu.1GRN.Chr5p459526248",5,459526248,1.41898977399408e-08,0.103395061728395,NA,6.01893232420009e-06,"GLM","NYC","DTF_Nepal_2017",7.84802073429161,5.22048053977734,"Significant",-6.90941527319285
"Lcu.1GRN.Chr5p456046594",5,456046594,1.43077322461091e-08,0.334876543209877,NA,2.43117600131044e-05,"GLM","NYC","DTF_Sask_2017",7.84442919580329,4.61418359992626,"Significant",-1.49184298944472
"Lcu.1GRN.Chr2p11348946",2,11348946,1.43109415685685e-08,0.12962962962963,NA,2.43117600131044e-05,"GLM","NYC","DTF_Sask_2017",7.8443317914966,4.61418359992626,"Significant",1.80322392630137
"Lcu.1GRN.Chr2p248135120",2,248135120,1.44873331049867e-08,0.365740740740741,NA,6.13735613920032e-06,"GLM","NYC","DTF_Nepal_2017",7.83901155410002,5.21201867469524,"Significant",5.57208625272625
"Lcu.1GRN.Chr5p1681815",5,1681815,1.46293130598705e-08,0.217592592592593,NA,6.18970835976032e-06,"GLM","NYC","DTF_Nepal_2017",7.83477606630886,5.20832981313345,"Significant",6.61339885435586
"Lcu.1GRN.Chr1p562570851",1,562570851,1.47109418353045e-08,0.41358024691358,NA,6.21642634713047e-06,"GLM","NYC","DTF_Nepal_2017",7.8323595216449,5.20645920755069,"Significant",4.65444791559202
"Lcu.1GRN.Chr1p437953663",1,437953663,1.47127913540709e-08,0.095679012345679,NA,2.45754939205314e-05,"GLM","NYC","DTF_Sask_2017",7.83230492382821,4.60949774491777,"Significant",2.45856261610584
"Lcu.1GRN.Chr6p328051602",6,328051602,1.47761569826848e-08,0.234567901234568,NA,6.23134493131789e-06,"GLM","NYC","DTF_Nepal_2017",7.83043850357542,5.20541820804201,"Significant",4.97644298645605
"Lcu.1GRN.Chr5p1772037",5,1772037,1.47832969797622e-08,0.145061728395062,NA,6.23134493131789e-06,"GLM","NYC","DTF_Nepal_2017",7.83022869852315,5.20541820804201,"Significant",9.19924350357701
"Lcu.1GRN.Chr1p541133415",1,541133415,1.47918984353032e-08,0.231481481481482,NA,2.45754939205314e-05,"GLM","NYC","DTF_Sask_2017",7.82997608380797,4.60949774491777,"Significant",-1.72344269468863
"Lcu.1GRN.Chr3p375778215",3,375778215,1.48076366095895e-08,0.194444444444444,NA,6.23379262009734e-06,"GLM","NYC","DTF_Nepal_2017",7.82951425203382,5.20524764951594,"Significant",5.18502101354534
"Lcu.1GRN.Chr5p456050770",5,456050770,1.48825093852748e-08,0.334876543209877,NA,2.45754939205314e-05,"GLM","NYC","DTF_Sask_2017",7.82732383489939,4.60949774491777,"Significant",-1.48806283265343
"Lcu.1GRN.Chr5p456053399",5,456053399,1.48825093852748e-08,0.334876543209877,NA,2.45754939205314e-05,"GLM","NYC","DTF_Sask_2017",7.82732383489939,4.60949774491777,"Significant",-1.48806283265343
"Lcu.1GRN.Chr5p456054969",5,456054969,1.48825093852748e-08,0.334876543209877,NA,2.45754939205314e-05,"GLM","NYC","DTF_Sask_2017",7.82732383489939,4.60949774491777,"Significant",-1.48806283265343
"Lcu.1GRN.Chr3p414098156",3,414098156,1.49012931152183e-08,0.149691358024691,NA,6.2653790766083e-06,"GLM","NYC","DTF_Nepal_2017",7.82677604243095,5.20305264759102,"Significant",5.40695440635608
"Lcu.1GRN.Chr1p446647186",1,446647186,1.49960071911855e-08,0.231481481481482,NA,6.29733077512795e-06,"GLM","NYC","DTF_Nepal_2017",7.82402435998886,5.20084349424122,"Significant",5.7895488546165
"Lcu.1GRN.Chr1p437626533",1,437626533,1.50534454880452e-08,0.123456790123457,NA,2.45754939205314e-05,"GLM","NYC","DTF_Sask_2017",7.82236408577202,4.60949774491777,"Significant",2.26870592430481
"Lcu.1GRN.Chr4p451381740",4,451381740,1.50836071730566e-08,0.297839506172839,NA,6.323772389933e-06,"GLM","NYC","DTF_Nepal_2017",7.82149478658168,5.19902376991868,"Significant",-5.11524190240249
"Lcu.1GRN.Chr3p347342383",3,347342383,1.5115373985873e-08,0.493827160493827,NA,6.323772389933e-06,"GLM","NYC","DTF_Nepal_2017",7.8205811030021,5.19902376991868,"Significant",5.96439223975892
"Lcu.1GRN.Chr3p347342397",3,347342397,1.5115373985873e-08,0.493827160493827,NA,6.323772389933e-06,"GLM","NYC","DTF_Nepal_2017",7.8205811030021,5.19902376991868,"Significant",5.96439223975892
"Lcu.1GRN.Chr6p435706130",6,435706130,1.51557107208931e-08,0.169753086419753,NA,6.33277136404306e-06,"GLM","NYC","DTF_Nepal_2017",7.81942369275564,5.19840619129163,"Significant",7.24753640413962
"Lcu.1GRN.Chr2p48820948",2,48820948,1.51712805574198e-08,0.344135802469136,NA,2.45754939205314e-05,"GLM","NYC","DTF_Sask_2017",7.81897776031086,4.60949774491777,"Significant",1.5810986555239
"Lcu.1GRN.Chr4p471079439",4,471079439,1.51865552653242e-08,0.310185185185185,NA,6.33778664383536e-06,"GLM","NYC","DTF_Nepal_2017",7.81854072507856,5.19806238505178,"Significant",-4.98572679679808
"Lcu.1GRN.Chr1p364568672",1,364568672,1.52014635066965e-08,0.487096774193548,NA,1.23808006667239e-05,"MLM","NYC","Cotyledon_RedvsYellow",7.81811459874694,4.90725126857147,"Significant",-0.187639246127964
"Lcu.1GRN.Chr2p247397165",2,247397165,1.52372952562689e-08,0.291666666666667,NA,6.35108214803645e-06,"GLM","NYC","DTF_Nepal_2017",7.81709211695486,5.19715226984505,"Significant",5.95667332020116
"Lcu.1GRN.Chr2p10423736",2,10423736,1.52810892962234e-08,0.466049382716049,NA,6.36145317240443e-06,"GLM","NYC","DTF_Nepal_2017",7.8158456864359,5.19644366537861,"Significant",4.03750252218987
"Lcu.1GRN.Chr2p43311725",2,43311725,1.53218599646238e-08,0.145061728395062,NA,2.45754939205314e-05,"GLM","NYC","DTF_Sask_2017",7.81468851124769,4.60949774491777,"Significant",1.99204528591727
"Lcu.1GRN.Chr3p345919243",3,345919243,1.53284608199796e-08,0.430555555555556,NA,6.36928170249387e-06,"GLM","NYC","DTF_Nepal_2017",7.81450145186117,5.19590954258347,"Significant",4.92735096524223
"Lcu.1GRN.Chr3p414291731",3,414291731,1.53423931960738e-08,0.148148148148148,NA,6.36928170249387e-06,"GLM","NYC","DTF_Nepal_2017",7.81410689131385,5.19590954258347,"Significant",5.39363018109515
"Lcu.1GRN.Chr2p85170123",2,85170123,1.53428739920001e-08,0.462962962962963,NA,2.45754939205314e-05,"GLM","NYC","DTF_Sask_2017",7.81409328171962,4.60949774491777,"Significant",1.44838612048355
"Lcu.1GRN.Chr4p496872394",4,496872394,1.53567010459484e-08,0.108024691358025,NA,6.36928170249387e-06,"GLM","NYC","DTF_Nepal_2017",7.81370207020419,5.19590954258347,"Significant",6.02975728037109
"Lcu.1GRN.Chr7p66396456",7,66396456,1.54331558430903e-08,0.0601851851851852,NA,6.39310878260191e-06,"GLM","NYC","DTF_Nepal_2017",7.81154525831141,5.19428790572071,"Significant",8.12652345396805
"Lcu.1GRN.Chr2p79872232",2,79872232,1.54453843510639e-08,0.231481481481482,NA,2.45754939205314e-05,"GLM","NYC","DTF_Sask_2017",7.81120128001586,4.60949774491777,"Significant",1.61445607213213
"Lcu.1GRN.Chr5p457713525",5,457713525,1.54987414828352e-08,0.29320987654321,NA,6.41238029072179e-06,"GLM","NYC","DTF_Nepal_2017",7.80970356565232,5.19298072941451,"Significant",5.17203061341434
"Lcu.1GRN.Chr2p48820949",2,48820949,1.55162180851358e-08,0.342592592592593,NA,2.45754939205314e-05,"GLM","NYC","DTF_Sask_2017",7.80921412488885,4.60949774491777,"Significant",1.58154564748462
"Lcu.1GRN.Chr3p414274147",3,414274147,1.55797109385247e-08,0.152777777777778,NA,6.4379614610058e-06,"GLM","NYC","DTF_Nepal_2017",7.8074406043636,5.19125162742093,"Significant",5.50456709807605
"Lcu.1GRN.Chr5p456048580",5,456048580,1.56182307751998e-08,0.33179012345679,NA,2.45754939205314e-05,"GLM","NYC","DTF_Sask_2017",7.80636816431828,4.60949774491777,"Significant",-1.48874008106438
"Lcu.1GRN.Chr2p610276900",2,610276900,1.56696328986676e-08,0.212962962962963,NA,6.46321835883698e-06,"GLM","NYC","DTF_Nepal_2017",7.80494117787413,5.18955117125727,"Significant",-5.78221465088899
"Lcu.1GRN.Chr2p187429972",2,187429972,1.56865027348783e-08,0.268518518518518,NA,6.46321835883698e-06,"GLM","NYC","DTF_Nepal_2017",7.80447387045019,5.18955117125727,"Significant",5.81299626011747
"Lcu.1GRN.Chr2p44189614",2,44189614,1.57107519784254e-08,0.166666666666667,NA,6.46321835883698e-06,"GLM","NYC","DTF_Nepal_2017",7.8038030274193,5.18955117125727,"Significant",5.84222213236978
"Lcu.1GRN.Chr6p328436121",6,328436121,1.5717691145471e-08,0.419753086419753,NA,6.46321835883698e-06,"GLM","NYC","DTF_Nepal_2017",7.80361124941782,5.18955117125727,"Significant",4.65979540921833
"Lcu.1GRN.Chr5p456051029",5,456051029,1.57220425574485e-08,0.333333333333333,NA,2.45754939205314e-05,"GLM","NYC","DTF_Sask_2017",7.80349103248213,4.60949774491777,"Significant",-1.48329209125301
"Lcu.1GRN.Chr1p434790395",1,434790395,1.57739271559345e-08,0.449074074074074,NA,2.45754939205314e-05,"GLM","NYC","DTF_Sask_2017",7.8020601690792,4.60949774491777,"Significant",1.62219643307662
"Lcu.1GRN.Chr4p496563124",4,496563124,1.5886028926653e-08,0.205246913580247,NA,6.52446384856103e-06,"GLM","NYC","DTF_Nepal_2017",7.79898465098502,5.18545517091356,"Significant",5.65670355894105
"Lcu.1GRN.Chr5p457637197",5,457637197,1.59755118791954e-08,0.424382716049383,NA,6.55159390042081e-06,"GLM","NYC","DTF_Nepal_2017",7.79654521750456,5.18365303009261,"Significant",4.82088808300205
"Lcu.1GRN.Chr3p375772538",3,375772538,1.59910413097762e-08,0.185185185185185,NA,6.55159390042081e-06,"GLM","NYC","DTF_Nepal_2017",7.79612325480505,5.18365303009261,"Significant",5.10221045569165
"Lcu.1GRN.Chr2p86600341",2,86600341,1.64337354051788e-08,0.375,NA,2.45754939205314e-05,"GLM","NYC","DTF_Sask_2017",7.78426370975596,4.60949774491777,"Significant",1.39494204204247
"Lcu.1GRN.Chr4p426187550",4,426187550,1.65226280185498e-08,0.165123456790123,NA,6.76115184758583e-06,"GLM","NYC","DTF_Nepal_2017",7.78192087449858,5.16997931020675,"Significant",6.66862000608171
"Lcu.1GRN.Chr5p27840536",5,27840536,1.66171762571804e-08,0.265432098765432,NA,6.79157925406928e-06,"GLM","NYC","DTF_Nepal_2017",7.77944277357923,5.16802922695962,"Significant",5.80834143072565
"Lcu.1GRN.Chr1p438510291",1,438510291,1.66178071788247e-08,0.0972222222222222,NA,2.45754939205314e-05,"GLM","NYC","DTF_Sask_2017",7.77942628458117,4.60949774491777,"Significant",2.46375969953209
"Lcu.1GRN.Chr2p11349172",2,11349172,1.66268338084022e-08,0.126543209876543,NA,2.45754939205314e-05,"GLM","NYC","DTF_Sask_2017",7.77919044413317,4.60949774491777,"Significant",1.83043913687308
"Lcu.1GRN.Chr3p448489765",3,448489765,1.6633707546696e-08,0.113354037267081,NA,0.00022380121225438,"FarmCPU","NYC","DTF_Sask_2017_b",7.77901093853693,3.6501375653771,"Significant",-0.979109292024802
"Lcu.1GRN.Chr1p578957645",1,578957645,1.66886133814731e-08,0.0648148148148148,NA,6.79600341075783e-06,"GLM","NYC","DTF_Nepal_2017",7.77757974635202,5.16774641184052,"Significant",8.77922843331635
"Lcu.1GRN.Chr1p579121199",1,579121199,1.66886133814731e-08,0.0648148148148148,NA,6.79600341075783e-06,"GLM","NYC","DTF_Nepal_2017",7.77757974635202,5.16774641184052,"Significant",8.77922843331635
"Lcu.1GRN.Chr1p579201250",1,579201250,1.66886133814731e-08,0.0648148148148148,NA,6.79600341075783e-06,"GLM","NYC","DTF_Nepal_2017",7.77757974635202,5.16774641184052,"Significant",8.77922843331635
"Lcu.1GRN.Chr2p65079859",2,65079859,1.67453037011844e-08,0.25462962962963,NA,2.45754939205314e-05,"GLM","NYC","DTF_Sask_2017",7.77610697147124,4.60949774491777,"Significant",1.5692623985795
"Lcu.1GRN.Chr2p80948265",2,80948265,1.67648687591458e-08,0.108024691358025,NA,2.45754939205314e-05,"GLM","NYC","DTF_Sask_2017",7.77559984202054,4.60949774491777,"Significant",3.11588337618844
"Lcu.1GRN.Chr5p131628769",5,131628769,1.6766420587405e-08,0.472222222222222,NA,6.81943239869851e-06,"GLM","NYC","DTF_Nepal_2017",7.77555964371839,5.16625177143906,"Significant",-4.68496469701708
"Lcu.1GRN.Chr4p473624023",4,473624023,1.68330259085856e-08,0.455246913580247,NA,6.83825413743141e-06,"GLM","NYC","DTF_Nepal_2017",7.77383780813114,5.16505476308415,"Significant",4.14283235764722
"Lcu.1GRN.Chr2p50069000",2,50069000,1.70132497346415e-08,0.373456790123457,NA,2.45754939205314e-05,"GLM","NYC","DTF_Sask_2017",7.76921272301164,4.60949774491777,"Significant",1.46916363944952
"Lcu.1GRN.Chr3p389172392",3,389172392,1.70476618884872e-08,0.189814814814815,NA,6.91709395228561e-06,"GLM","NYC","DTF_Nepal_2017",7.76833517670425,5.16007632542265,"Significant",7.31535147747127
"Lcu.1GRN.Chr7p639543409",7,639543409,1.71346055860304e-08,0.353395061728395,NA,6.94399503271842e-06,"GLM","NYC","DTF_Nepal_2017",7.76612588795323,5.15839059849743,"Significant",-4.05739760717552
"Lcu.1GRN.Chr2p33985248",2,33985248,1.72024885774974e-08,0.217592592592593,NA,6.96311609548384e-06,"GLM","NYC","DTF_Nepal_2017",7.76440872185428,5.15719636380651,"Significant",5.06545559963087
"Lcu.1GRN.Chr2p54392899",2,54392899,1.72313522287504e-08,0.350308641975309,NA,2.45754939205314e-05,"GLM","NYC","DTF_Sask_2017",7.7636806399959,4.60949774491777,"Significant",1.47249992369927
"Lcu.1GRN.Chr4p185093730",4,185093730,1.7234054273944e-08,0.391975308641975,NA,6.96750857447564e-06,"GLM","NYC","DTF_Nepal_2017",7.76361254369651,5.15692248815536,"Significant",-6.90167108301921
"Lcu.1GRN.Chr1p437235006",1,437235006,1.72425254714208e-08,0.0972222222222222,NA,2.45754939205314e-05,"GLM","NYC","DTF_Sask_2017",7.76339912377954,4.60949774491777,"Significant",2.4317069422126
"Lcu.1GRN.Chr1p437235932",1,437235932,1.72425254714208e-08,0.0972222222222222,NA,2.45754939205314e-05,"GLM","NYC","DTF_Sask_2017",7.76339912377954,4.60949774491777,"Significant",2.4317069422126
"Lcu.1GRN.Chr1p437362313",1,437362313,1.72425254714208e-08,0.0972222222222222,NA,2.45754939205314e-05,"GLM","NYC","DTF_Sask_2017",7.76339912377954,4.60949774491777,"Significant",2.4317069422126
"Lcu.1GRN.Chr1p437612186",1,437612186,1.72425254714208e-08,0.0972222222222222,NA,2.45754939205314e-05,"GLM","NYC","DTF_Sask_2017",7.76339912377954,4.60949774491777,"Significant",2.4317069422126
"Lcu.1GRN.Chr1p437612546",1,437612546,1.72425254714208e-08,0.0972222222222222,NA,2.45754939205314e-05,"GLM","NYC","DTF_Sask_2017",7.76339912377954,4.60949774491777,"Significant",2.4317069422126
"Lcu.1GRN.Chr1p437617578",1,437617578,1.72425254714208e-08,0.0972222222222222,NA,2.45754939205314e-05,"GLM","NYC","DTF_Sask_2017",7.76339912377954,4.60949774491777,"Significant",2.4317069422126
"Lcu.1GRN.Chr1p437618706",1,437618706,1.72425254714208e-08,0.0972222222222222,NA,2.45754939205314e-05,"GLM","NYC","DTF_Sask_2017",7.76339912377954,4.60949774491777,"Significant",2.4317069422126
"Lcu.1GRN.Chr1p437623072",1,437623072,1.72425254714208e-08,0.0972222222222222,NA,2.45754939205314e-05,"GLM","NYC","DTF_Sask_2017",7.76339912377954,4.60949774491777,"Significant",2.4317069422126
"Lcu.1GRN.Chr1p437626636",1,437626636,1.72425254714208e-08,0.0972222222222222,NA,2.45754939205314e-05,"GLM","NYC","DTF_Sask_2017",7.76339912377954,4.60949774491777,"Significant",2.4317069422126
"Lcu.1GRN.Chr1p437627122",1,437627122,1.72425254714208e-08,0.0972222222222222,NA,2.45754939205314e-05,"GLM","NYC","DTF_Sask_2017",7.76339912377954,4.60949774491777,"Significant",2.4317069422126
"Lcu.1GRN.Chr1p437710021",1,437710021,1.72425254714208e-08,0.0972222222222222,NA,2.45754939205314e-05,"GLM","NYC","DTF_Sask_2017",7.76339912377954,4.60949774491777,"Significant",2.4317069422126
"Lcu.1GRN.Chr1p437949978",1,437949978,1.72425254714208e-08,0.0972222222222222,NA,2.45754939205314e-05,"GLM","NYC","DTF_Sask_2017",7.76339912377954,4.60949774491777,"Significant",2.4317069422126
"Lcu.1GRN.Chr1p437950460",1,437950460,1.72425254714208e-08,0.0972222222222222,NA,2.45754939205314e-05,"GLM","NYC","DTF_Sask_2017",7.76339912377954,4.60949774491777,"Significant",2.4317069422126
"Lcu.1GRN.Chr1p437954076",1,437954076,1.72425254714208e-08,0.0972222222222222,NA,2.45754939205314e-05,"GLM","NYC","DTF_Sask_2017",7.76339912377954,4.60949774491777,"Significant",2.4317069422126
"Lcu.1GRN.Chr1p437954579",1,437954579,1.72425254714208e-08,0.0972222222222222,NA,2.45754939205314e-05,"GLM","NYC","DTF_Sask_2017",7.76339912377954,4.60949774491777,"Significant",2.4317069422126
"Lcu.1GRN.Chr1p437958679",1,437958679,1.72425254714208e-08,0.0972222222222222,NA,2.45754939205314e-05,"GLM","NYC","DTF_Sask_2017",7.76339912377954,4.60949774491777,"Significant",2.4317069422126
"Lcu.1GRN.Chr1p439582155",1,439582155,1.72425254714208e-08,0.0972222222222222,NA,2.45754939205314e-05,"GLM","NYC","DTF_Sask_2017",7.76339912377954,4.60949774491777,"Significant",2.4317069422126
"Lcu.1GRN.Chr1p562627116",1,562627116,1.73548819858803e-08,0.171296296296296,NA,7.00793468060575e-06,"GLM","NYC","DTF_Nepal_2017",7.76057833520808,5.154409954783,"Significant",6.17658826135244
"Lcu.1GRN.Chr1p367435455",1,367435455,1.74021441882075e-08,0.388709677419355,NA,1.41389058796009e-05,"MLM","NYC","Cotyledon_RedvsYellow",7.75939723724985,4.84958419653888,"Significant",-0.163489761677832
"Lcu.1GRN.Chr1p362779003",1,362779003,1.75383526056388e-08,0.169354838709677,NA,1.42152362672311e-05,"MLM","NYC","Cotyledon_RedvsYellow",7.7560112027534,4.84724591763362,"Significant",-0.211612397515161
"Lcu.1GRN.Chr3p414295299",3,414295299,1.75874392450979e-08,0.148148148148148,NA,7.0933263507864e-06,"GLM","NYC","DTF_Nepal_2017",7.7547973898025,5.14915005860837,"Significant",5.45770781375842
"Lcu.1GRN.Chr5p1582614",5,1582614,1.76281536151275e-08,0.131172839506173,NA,0.000592952914705959,"MLM","NYC","DTF_Nepal_2017",7.75379317361983,3.22697979178795,"Significant",10.8616565228226
"Lcu.1GRN.Chr5p1584911",5,1584911,1.76281536151275e-08,0.131172839506173,NA,0.000592952914705959,"MLM","NYC","DTF_Nepal_2017",7.75379317361983,3.22697979178795,"Significant",10.8616565228226
"Lcu.1GRN.Chr2p638807865",2,638807865,1.76868870755454e-08,0.319444444444444,NA,7.12489238914966e-06,"GLM","NYC","DTF_Nepal_2017",7.75234859698722,5.14722169063895,"Significant",-4.76465209531767
"Lcu.1GRN.Chr5p149726384",5,149726384,1.77334405804583e-08,0.212962962962963,NA,7.13510072694619e-06,"GLM","NYC","DTF_Nepal_2017",7.75120699591933,5.14659989152647,"Significant",6.16094448682418
"Lcu.1GRN.Chr2p50068967",2,50068967,1.77951955974437e-08,0.367283950617284,NA,2.50973656165376e-05,"GLM","NYC","DTF_Sask_2017",7.74969723404824,4.60037186251278,"Significant",1.52267136601709
"Lcu.1GRN.Chr2p50068974",2,50068974,1.77951955974437e-08,0.367283950617284,NA,2.50973656165376e-05,"GLM","NYC","DTF_Sask_2017",7.74969723404824,4.60037186251278,"Significant",1.52267136601709
"Lcu.1GRN.Chr7p456680961",7,456680961,1.79271211035923e-08,0.058641975308642,NA,7.20441092503231e-06,"GLM","NYC","DTF_Nepal_2017",7.74648944770551,5.14240152386689,"Significant",8.40669506504969
"Lcu.1GRN.Chr3p434003836",3,434003836,1.80171870534004e-08,0.111111111111111,NA,2.50973656165376e-05,"GLM","NYC","DTF_Sask_2017",7.74431301261036,4.60037186251278,"Significant",-1.99791674256528
"Lcu.1GRN.Chr1p445790221",1,445790221,1.804571085027e-08,0.282407407407407,NA,2.50973656165376e-05,"GLM","NYC","DTF_Sask_2017",7.74362600569263,4.60037186251278,"Significant",1.5457090618724
"Lcu.1GRN.Chr1p559349172",1,559349172,1.8050970403239e-08,0.243827160493827,NA,2.50973656165376e-05,"GLM","NYC","DTF_Sask_2017",7.74349944586671,4.60037186251278,"Significant",1.55011141176547
"Lcu.1GRN.Chr3p389317901",3,389317901,1.80563565367652e-08,0.12037037037037,NA,2.50973656165376e-05,"GLM","NYC","DTF_Sask_2017",7.74336987836422,4.60037186251278,"Significant",2.01611604703089
"Lcu.1GRN.Chr1p455457853",1,455457853,1.81135297629898e-08,0.260802469135803,NA,7.2706368326821e-06,"GLM","NYC","DTF_Nepal_2017",7.74199691096609,5.1384275477645,"Significant",6.30432410683784
"Lcu.1GRN.Chr5p456051349",5,456051349,1.81385541276661e-08,0.333333333333333,NA,2.51078643467517e-05,"GLM","NYC","DTF_Sask_2017",7.74139733466306,4.6001902264295,"Significant",-1.47843666071547
"Lcu.1GRN.Chr3p343927028",3,343927028,1.83285158156264e-08,0.219135802469136,NA,7.34816195393896e-06,"GLM","NYC","DTF_Nepal_2017",7.73687270138697,5.1338212803838,"Significant",6.42555932727669
"Lcu.1GRN.Chr4p471082088",4,471082088,1.83720778445568e-08,0.197530864197531,NA,7.35685798611908e-06,"GLM","NYC","DTF_Nepal_2017",7.73584172309573,5.13330762732574,"Significant",-7.32559177759754
"Lcu.1GRN.Chr2p10537941",2,10537941,1.85120154498907e-08,0.0879629629629629,NA,2.5188500319667e-05,"GLM","NYC","DTF_Sask_2017",7.73254629593557,4.59879768888464,"Significant",-2.19656360925546
"Lcu.1GRN.Chr5p456047915",5,456047915,1.85643287562905e-08,0.356481481481482,NA,2.5188500319667e-05,"GLM","NYC","DTF_Sask_2017",7.73132074925006,4.59879768888464,"Significant",-1.46908681835747
"Lcu.1GRN.Chr4p369247463",4,369247463,1.86256127450653e-08,0.0910493827160493,NA,7.44951424758547e-06,"GLM","NYC","DTF_Nepal_2017",7.72988943093278,5.12787204489882,"Significant",6.92654937260977
"Lcu.1GRN.Chr3p180388113",3,180388113,1.8633668503249e-08,0.123456790123457,NA,2.5188500319667e-05,"GLM","NYC","DTF_Sask_2017",7.72970163496549,4.59879768888464,"Significant",2.19759233114149
"Lcu.1GRN.Chr2p54392924",2,54392924,1.86557363560657e-08,0.350308641975309,NA,2.5188500319667e-05,"GLM","NYC","DTF_Sask_2017",7.7291876043522,4.59879768888464,"Significant",1.48282786084653
"Lcu.1GRN.Chr2p248164773",2,248164773,1.87362639364061e-08,0.333333333333333,NA,7.48487041745501e-06,"GLM","NYC","DTF_Nepal_2017",7.72731700435341,5.12581571402118,"Significant",5.63068733461336
"Lcu.1GRN.Chr7p603756952",7,603756952,1.87733577663695e-08,0.0540123456790124,NA,7.49079244578932e-06,"GLM","NYC","DTF_Nepal_2017",7.72645804336228,5.12547223615515,"Significant",9.31199649642963
"Lcu.1GRN.Chr2p81244970",2,81244970,1.87914146929472e-08,0.226851851851852,NA,2.5188500319667e-05,"GLM","NYC","DTF_Sask_2017",7.72604052324099,4.59879768888464,"Significant",1.56955097765371
"Lcu.1GRN.Chr2p44078808",2,44078808,1.88413825826801e-08,0.0740740740740741,NA,2.5188500319667e-05,"GLM","NYC","DTF_Sask_2017",7.72488723179804,4.59879768888464,"Significant",2.3905838108987
"Lcu.1GRN.Chr2p44142916",2,44142916,1.88413825826801e-08,0.0740740740740741,NA,2.5188500319667e-05,"GLM","NYC","DTF_Sask_2017",7.72488723179804,4.59879768888464,"Significant",2.3905838108987
"Lcu.1GRN.Chr2p44193620",2,44193620,1.88413825826801e-08,0.0740740740740741,NA,2.5188500319667e-05,"GLM","NYC","DTF_Sask_2017",7.72488723179804,4.59879768888464,"Significant",2.3905838108987
"Lcu.1GRN.Chr1p560210595",1,560210595,1.89697092701638e-08,0.121913580246914,NA,7.56017085080234e-06,"GLM","NYC","DTF_Nepal_2017",7.72193932505921,5.12146838985299,"Significant",6.19393220509949
"Lcu.1GRN.Chr1p437957678",1,437957678,1.90411680289285e-08,0.0987654320987654,NA,2.5188500319667e-05,"GLM","NYC","DTF_Sask_2017",7.72030641451459,4.59879768888464,"Significant",2.41342395475493
"Lcu.1GRN.Chr1p438510122",1,438510122,1.90411680289285e-08,0.0987654320987654,NA,2.5188500319667e-05,"GLM","NYC","DTF_Sask_2017",7.72030641451459,4.59879768888464,"Significant",2.41342395475493
"Lcu.1GRN.Chr1p439404145",1,439404145,1.90411680289285e-08,0.0987654320987654,NA,2.5188500319667e-05,"GLM","NYC","DTF_Sask_2017",7.72030641451459,4.59879768888464,"Significant",2.41342395475493
"Lcu.1GRN.Chr1p560430673",1,560430673,1.90954153692695e-08,0.441358024691358,NA,2.5188500319667e-05,"GLM","NYC","DTF_Sask_2017",7.71907089028256,4.59879768888464,"Significant",1.34711932001404
"Lcu.1GRN.Chr2p183063405",2,183063405,1.92091017830911e-08,0.263888888888889,NA,7.64651827156568e-06,"GLM","NYC","DTF_Nepal_2017",7.71649294225789,5.11653626937571,"Significant",5.71959205249902
"Lcu.1GRN.Chr6p40076319",6,40076319,1.93050522296739e-08,0.430555555555556,NA,2.53030078328096e-05,"GLM","NYC","DTF_Sask_2017",7.71432901905788,4.59682785006735,"Significant",1.32905725545034
"Lcu.1GRN.Chr1p579204554",1,579204554,1.93788577495994e-08,0.0679012345679012,NA,7.70497428446749e-06,"GLM","NYC","DTF_Nepal_2017",7.71267182520402,5.11322880641117,"Significant",8.44377274829708
"Lcu.1GRN.Chr6p40076311",6,40076311,1.93900574701691e-08,0.432098765432099,NA,2.53030078328096e-05,"GLM","NYC","DTF_Sask_2017",7.71242090371447,4.59682785006735,"Significant",1.32981848792427
"Lcu.1GRN.Chr1p367495221",1,367495221,1.94041769321005e-08,0.246774193548387,NA,1.5689723033942e-05,"MLM","NYC","Cotyledon_RedvsYellow",7.71210477402306,4.80438472281793,"Significant",-0.198970826116617
"Lcu.1GRN.Chr2p561719200",2,561719200,1.94464185259773e-08,0.185185185185185,NA,7.72270774536884e-06,"GLM","NYC","DTF_Nepal_2017",7.7111603715942,5.11223040009303,"Significant",6.24756644365539
"Lcu.1GRN.Chr2p86073180",2,86073180,1.94769818787307e-08,0.473765432098765,NA,2.53030078328096e-05,"GLM","NYC","DTF_Sask_2017",7.71047833980668,4.59682785006735,"Significant",-1.3492198421545
"Lcu.1GRN.Chr1p439819569",1,439819569,1.94831212000514e-08,0.0987654320987654,NA,2.53030078328096e-05,"GLM","NYC","DTF_Sask_2017",7.71034146781797,4.59682785006735,"Significant",2.40644187185904
"Lcu.1GRN.Chr4p501060910",4,501060910,1.95270897243711e-08,0.231481481481482,NA,7.74559975155369e-06,"GLM","NYC","DTF_Nepal_2017",7.70936247820869,5.11094494863353,"Significant",-5.50003620583777
"Lcu.1GRN.Chr2p43989580",2,43989580,1.95764886304925e-08,0.0694444444444444,NA,2.53264798122033e-05,"GLM","NYC","DTF_Sask_2017",7.70826520350107,4.59642516964001,"Significant",2.46775349461524
"Lcu.1GRN.Chr5p1941443",5,1941443,1.96680666639097e-08,0.152777777777778,NA,7.77305157860025e-06,"GLM","NYC","DTF_Nepal_2017",7.70623832836037,5.10940845049506,"Significant",8.68439464755988
"Lcu.1GRN.Chr7p69342883",7,69342883,1.9674731682233e-08,0.0601851851851852,NA,7.77305157860025e-06,"GLM","NYC","DTF_Nepal_2017",7.70609118169928,5.10940845049506,"Significant",8.0421626060936
"Lcu.1GRN.Chr2p183063325",2,183063325,1.96803731638519e-08,0.263888888888889,NA,7.77305157860025e-06,"GLM","NYC","DTF_Nepal_2017",7.70596667107413,5.10940845049506,"Significant",5.75621249706597
"Lcu.1GRN.Chr3p322673053",3,322673053,1.96887326787926e-08,0.28858024691358,NA,7.77305157860025e-06,"GLM","NYC","DTF_Nepal_2017",7.70578223756023,5.10940845049506,"Significant",5.4984868015224
"Lcu.1GRN.Chr6p4522333",6,4522333,1.97431341477135e-08,0.341049382716049,NA,0.000664093880386395,"FarmCPU","NYC","DTF_Nepal_2017",7.70458390359072,3.17777052175885,"Significant",-1.98149273599098
"Lcu.1GRN.Chr2p43311823",2,43311823,1.98478553402507e-08,0.172839506172839,NA,2.55791707173721e-05,"GLM","NYC","DTF_Sask_2017",7.70228641405023,4.59211353955663,"Significant",1.73056940036946
"Lcu.1GRN.Chr1p438510298",1,438510298,1.99335493024492e-08,0.0972222222222222,NA,2.55915579321257e-05,"GLM","NYC","DTF_Sask_2017",7.70041536536233,4.5919032748502,"Significant",2.45055038895708
"Lcu.1GRN.Chr7p630528781",7,630528781,1.99562091535576e-08,0.0540123456790124,NA,7.86019930252307e-06,"GLM","NYC","DTF_Nepal_2017",7.69992195303112,5.10456644188825,"Significant",9.30964201619281
"Lcu.1GRN.Chr7p630552414",7,630552414,1.99562091535576e-08,0.0540123456790124,NA,7.86019930252307e-06,"GLM","NYC","DTF_Nepal_2017",7.69992195303112,5.10456644188825,"Significant",9.30964201619281
"Lcu.1GRN.Chr7p1559280",7,1559280,2.00272726063987e-08,0.364197530864197,NA,7.87198519068946e-06,"GLM","NYC","DTF_Nepal_2017",7.69837819062863,5.10391573160008,"Significant",4.37234329789567
"Lcu.1GRN.Chr1p593637108",1,593637108,2.00563411643261e-08,0.0555555555555556,NA,7.87198519068946e-06,"GLM","NYC","DTF_Nepal_2017",7.69774829150875,5.10391573160008,"Significant",8.76060332802535
"Lcu.1GRN.Chr1p593649081",1,593649081,2.00563411643261e-08,0.0555555555555556,NA,7.87198519068946e-06,"GLM","NYC","DTF_Nepal_2017",7.69774829150875,5.10391573160008,"Significant",8.76060332802535
"Lcu.1GRN.Chr2p48689201",2,48689201,2.01176267675105e-08,0.348765432098765,NA,2.57296797068715e-05,"GLM","NYC","DTF_Sask_2017",7.6964232533659,4.58956562002378,"Significant",1.70735536675326
"Lcu.1GRN.Chr7p645795388",7,645795388,2.02091806165136e-08,0.108024691358025,NA,7.92272897020377e-06,"GLM","NYC","DTF_Nepal_2017",7.69445129464604,5.10112520066287,"Significant",6.49492970343931
"Lcu.1GRN.Chr2p54495270",2,54495270,2.04054737961678e-08,0.376543209876543,NA,2.59508682311843e-05,"GLM","NYC","DTF_Sask_2017",7.69025331685874,4.58584810749936,"Significant",1.51381956513437
"Lcu.1GRN.Chr5p154004710",5,154004710,2.04465963014093e-08,0.325617283950617,NA,8.00647294309212e-06,"GLM","NYC","DTF_Nepal_2017",7.68937897765889,5.09655875965826,"Significant",4.89590483224691
"Lcu.1GRN.Chr5p456050643",5,456050643,2.04557568034782e-08,0.328703703703704,NA,2.59508682311843e-05,"GLM","NYC","DTF_Sask_2017",7.68918444823628,4.58584810749936,"Significant",-1.49698441115376
"Lcu.1GRN.Chr1p559406094",1,559406094,2.05232672246076e-08,0.435185185185185,NA,8.02715096109254e-06,"GLM","NYC","DTF_Nepal_2017",7.6877535000579,5.0954385694696,"Significant",4.57690236318487
"Lcu.1GRN.Chr1p437626533",1,437626533,2.05512190449095e-08,0.123456790123457,NA,8.0287478472463e-06,"GLM","NYC","DTF_Nepal_2017",7.68716241180373,5.09535218142551,"Significant",7.02548842131739
"Lcu.1GRN.Chr5p456048934",5,456048934,2.05991723853e-08,0.33641975308642,NA,2.59508682311843e-05,"GLM","NYC","DTF_Sask_2017",7.68615022796665,4.58584810749936,"Significant",-1.46990905855128
"Lcu.1GRN.Chr5p456054027",5,456054027,2.05991723853e-08,0.33641975308642,NA,2.59508682311843e-05,"GLM","NYC","DTF_Sask_2017",7.68615022796665,4.58584810749936,"Significant",-1.46990905855128
"Lcu.1GRN.Chr2p67747094",2,67747094,2.07477656166894e-08,0.109567901234568,NA,8.09612955590367e-06,"GLM","NYC","DTF_Nepal_2017",7.68302866678764,5.09172255078048,"Significant",6.37445726947783
"Lcu.1GRN.Chr2p48991603",2,48991603,2.0903447710653e-08,0.138888888888889,NA,2.62359328212284e-05,"GLM","NYC","DTF_Sask_2017",7.67978207761026,4.58110348980717,"Significant",2.96656597480478
"Lcu.1GRN.Chr3p404089232",3,404089232,2.09931016736023e-08,0.114197530864197,NA,8.18237153029501e-06,"GLM","NYC","DTF_Nepal_2017",7.67792339084997,5.08712080473331,"Significant",7.18881309495964
"Lcu.1GRN.Chr2p187260992",2,187260992,2.1023170067344e-08,0.262345679012346,NA,8.18460722921561e-06,"GLM","NYC","DTF_Nepal_2017",7.67730179644524,5.08700215709226,"Significant",5.77361120629507
"Lcu.1GRN.Chr6p430928861",6,430928861,2.10621298322499e-08,0.111111111111111,NA,8.19029528934614e-06,"GLM","NYC","DTF_Nepal_2017",7.67649771445991,5.08670044009285,"Significant",9.81227528091608
"Lcu.1GRN.Chr2p48573924",2,48573924,2.10651512578586e-08,0.344135802469136,NA,2.63406012384837e-05,"GLM","NYC","DTF_Sask_2017",7.67643541808389,4.57937431625443,"Significant",1.73218698749531
"Lcu.1GRN.Chr4p496227537",4,496227537,2.11676426996346e-08,0.367283950617284,NA,8.22182040640644e-06,"GLM","NYC","DTF_Nepal_2017",7.67432750379181,5.08503201397728,"Significant",-4.6710504149313
"Lcu.1GRN.Chr3p349260942",3,349260942,2.12805912116522e-08,0.424382716049383,NA,8.25615758257187e-06,"GLM","NYC","DTF_Nepal_2017",7.67201631075709,5.08322202640142,"Significant",4.71053177698855
"Lcu.1GRN.Chr1p436049603",1,436049603,2.12942613094888e-08,0.469135802469136,NA,2.65284696069957e-05,"GLM","NYC","DTF_Sask_2017",7.67173742085331,4.57628780318042,"Significant",1.6223405906691
"Lcu.1GRN.Chr3p297576312",3,297576312,2.13848273663267e-08,0.0570987654320988,NA,8.28703943171567e-06,"GLM","NYC","DTF_Nepal_2017",7.66989425132975,5.08160059467437,"Significant",9.16064805327915
"Lcu.1GRN.Chr1p360325528",1,360325528,2.13937752116116e-08,0.125806451612903,NA,1.72569783851419e-05,"MLM","NYC","Cotyledon_RedvsYellow",7.66971257172103,4.76303524486292,"Significant",-0.201205229676639
"Lcu.1GRN.Chr1p381165558",1,381165558,2.14606299894514e-08,0.37258064516129,NA,1.72694921714397e-05,"MLM","NYC","Cotyledon_RedvsYellow",7.66835753321226,4.76272043315542,"Significant",-0.23018105634147
"Lcu.1GRN.Chr3p375788939",3,375788939,2.14770740135431e-08,0.185185185185185,NA,8.31320938402009e-06,"GLM","NYC","DTF_Nepal_2017",7.66802488620943,5.08023128082623,"Significant",5.30423566479692
"Lcu.1GRN.Chr3p333870663",3,333870663,2.15406202598464e-08,0.0632716049382716,NA,8.32822277579741e-06,"GLM","NYC","DTF_Nepal_2017",7.66674179539503,5.07944766618178,"Significant",8.76421670083073
"Lcu.1GRN.Chr1p541125647",1,541125647,2.15685311143071e-08,0.237654320987654,NA,2.67710040786943e-05,"GLM","NYC","DTF_Sask_2017",7.66617943072838,4.57233533977091,"Significant",-1.6883511863104
"Lcu.1GRN.Chr4p451381610",4,451381610,2.16249212559711e-08,0.351851851851852,NA,8.35121686349856e-06,"GLM","NYC","DTF_Nepal_2017",7.66504546528093,5.07825023845672,"Significant",-4.92230384328599
"Lcu.1GRN.Chr5p10367330",5,10367330,2.17088909832443e-08,0.208333333333333,NA,8.37403042816621e-06,"GLM","NYC","DTF_Nepal_2017",7.6633623622738,5.07706546537449,"Significant",-5.84005390063533
"Lcu.1GRN.Chr4p500367440",4,500367440,2.17992105000849e-08,0.307098765432099,NA,8.39923830272858e-06,"GLM","NYC","DTF_Nepal_2017",7.66155923491216,5.07576009678585,"Significant",-4.82663360160677
"Lcu.1GRN.Chr4p460173722",4,460173722,2.19267864380181e-08,0.169753086419753,NA,8.42908271291067e-06,"GLM","NYC","DTF_Nepal_2017",7.65902501330661,5.07421968449705,"Significant",5.40339394611664
"Lcu.1GRN.Chr4p460176977",4,460176977,2.19267864380181e-08,0.169753086419753,NA,8.42908271291067e-06,"GLM","NYC","DTF_Nepal_2017",7.65902501330661,5.07421968449705,"Significant",5.40339394611664
"Lcu.1GRN.Chr3p434005923",3,434005923,2.19317898305889e-08,0.114197530864197,NA,2.71218027571533e-05,"GLM","NYC","DTF_Sask_2017",7.6589259245546,4.56668144675692,"Significant",-1.97183472037318
"Lcu.1GRN.Chr1p472346884",1,472346884,2.20747498254248e-08,0.304012345679012,NA,8.47627554169939e-06,"GLM","NYC","DTF_Nepal_2017",7.65610420961011,5.07179493394631,"Significant",5.27115921096782
"Lcu.1GRN.Chr3p430356238",3,430356238,2.21177940081775e-08,0.106481481481482,NA,8.48311974589354e-06,"GLM","NYC","DTF_Nepal_2017",7.65525819101342,5.07144440254758,"Significant",6.26787083958322
"Lcu.1GRN.Chr6p379883470",6,379883470,2.21665324682159e-08,0.459627329192547,NA,0.000414227223707576,"BLINK","NYC","DTF_Sask_2017_b",7.65430223867173,3.38276136194317,"Significant",-0.613237293987829
"Lcu.1GRN.Chr7p176404911",7,176404911,2.23468425501608e-08,0.0787037037037037,NA,8.55693722345406e-06,"GLM","NYC","DTF_Nepal_2017",7.65078383091738,5.06768165412821,"Significant",7.54459206558181
"Lcu.1GRN.Chr1p562581100",1,562581100,2.23859224160214e-08,0.37037037037037,NA,8.55693722345406e-06,"GLM","NYC","DTF_Nepal_2017",7.6500250057284,5.06768165412821,"Significant",4.90770051951398
"Lcu.1GRN.Chr5p457793475",5,457793475,2.23865740594041e-08,0.41820987654321,NA,8.55693722345406e-06,"GLM","NYC","DTF_Nepal_2017",7.65001236380992,5.06768165412821,"Significant",5.16203219740351
"Lcu.1GRN.Chr1p364661667",1,364661667,2.24640041145241e-08,0.443548387096774,NA,1.80337701002151e-05,"MLM","NYC","Cotyledon_RedvsYellow",7.64851283000457,4.74391347113899,"Significant",-0.221897034493524
"Lcu.1GRN.Chr5p467139367",5,467139367,2.24649329919113e-08,0.305555555555556,NA,8.57714201553942e-06,"GLM","NYC","DTF_Nepal_2017",7.64849487247655,5.06665739905672,"Significant",-4.27866413013965
"Lcu.1GRN.Chr5p416061140",5,416061140,2.25258085494469e-08,0.382716049382716,NA,8.59063338361882e-06,"GLM","NYC","DTF_Nepal_2017",7.6473196113473,5.06597481464725,"Significant",-4.9588205643683
"Lcu.1GRN.Chr4p471039146",4,471039146,2.26227170625414e-08,0.310185185185185,NA,8.61782046452534e-06,"GLM","NYC","DTF_Nepal_2017",7.64545523608587,5.06460255783156,"Significant",-4.91684745480575
"Lcu.1GRN.Chr1p584903195",1,584903195,2.26935689685491e-08,0.0709876543209876,NA,8.63503134982346e-06,"GLM","NYC","DTF_Nepal_2017",7.64409719818914,5.06373608137034,"Significant",8.17058778049454
"Lcu.1GRN.Chr2p44071765",2,44071765,2.2710690550586e-08,0.0709876543209876,NA,2.79821496279449e-05,"GLM","NYC","DTF_Sask_2017",7.64376966024308,4.55311892545196,"Significant",2.44117114967543
"Lcu.1GRN.Chr5p27370281",5,27370281,2.27561778967194e-08,0.362654320987654,NA,8.64907038484271e-06,"GLM","NYC","DTF_Nepal_2017",7.64290067978818,5.06303056865413,"Significant",6.42588216109351
"Lcu.1GRN.Chr3p375779376",3,375779376,2.28560391566121e-08,0.185185185185185,NA,8.67722045484441e-06,"GLM","NYC","DTF_Nepal_2017",7.6409990285981,5.06161936865328,"Significant",5.08892527188016
"Lcu.1GRN.Chr2p246701656",2,246701656,2.2890197282379e-08,0.311728395061728,NA,8.68039119422997e-06,"GLM","NYC","DTF_Nepal_2017",7.64035046428136,5.06146070228121,"Significant",5.54714563109064
"Lcu.1GRN.Chr3p344655190",3,344655190,2.29900349981731e-08,0.356481481481482,NA,8.70843367368297e-06,"GLM","NYC","DTF_Nepal_2017",7.63846036759536,5.06005995154209,"Significant",4.68316070131317
"Lcu.1GRN.Chr2p187430115",2,187430115,2.32766641966189e-08,0.262345679012346,NA,8.80708853298552e-06,"GLM","NYC","DTF_Nepal_2017",7.63307925876463,5.05516763790297,"Significant",5.72524840306534
"Lcu.1GRN.Chr5p456047817",5,456047817,2.33129735388589e-08,0.365740740740741,NA,2.8601432957203e-05,"GLM","NYC","DTF_Sask_2017",7.63240232926119,4.54361220778647,"Significant",-1.49598227529643
"Lcu.1GRN.Chr1p541521195",1,541521195,2.33833701380659e-08,0.138888888888889,NA,2.8601432957203e-05,"GLM","NYC","DTF_Sask_2017",7.63109289578808,4.54361220778647,"Significant",1.79225008715736
"Lcu.1GRN.Chr2p248135132",2,248135132,2.34100300080815e-08,0.353395061728395,NA,8.84759726261611e-06,"GLM","NYC","DTF_Nepal_2017",7.63059802960385,5.05317465441689,"Significant",5.48892917637369
"Lcu.1GRN.Chr4p39749797",4,39749797,2.3451466847151e-08,0.222222222222222,NA,8.85331038044405e-06,"GLM","NYC","DTF_Nepal_2017",7.62982998775913,5.05289430996413,"Significant",4.66146144921919
"Lcu.1GRN.Chr7p645657645",7,645657645,2.34894733896624e-08,0.0941358024691358,NA,8.85771714760153e-06,"GLM","NYC","DTF_Nepal_2017",7.62912671955817,5.05267819210242,"Significant",7.06862438290943
"Lcu.1GRN.Chr4p471079431",4,471079431,2.35905380250425e-08,0.308641975308642,NA,8.88495787977565e-06,"GLM","NYC","DTF_Nepal_2017",7.62726215412744,5.05134462667966,"Significant",-4.92801212978304
"Lcu.1GRN.Chr1p437949617",1,437949617,2.36007803012125e-08,0.101851851851852,NA,2.87627669115143e-05,"GLM","NYC","DTF_Sask_2017",7.6270736379236,4.54116933815694,"Significant",2.36007516754785
"Lcu.1GRN.Chr4p496367748",4,496367748,2.36194682510876e-08,0.375,NA,8.88495787977565e-06,"GLM","NYC","DTF_Nepal_2017",7.62672988395442,5.05134462667966,"Significant",-4.47184867006956
"Lcu.1GRN.Chr4p471038002",4,471038002,2.364095557055e-08,0.310185185185185,NA,8.88495787977565e-06,"GLM","NYC","DTF_Nepal_2017",7.62633497319562,5.05134462667966,"Significant",-4.91683154034109
"Lcu.1GRN.Chr7p604607934",7,604607934,2.369134339217e-08,0.0740740740740741,NA,8.88644767982432e-06,"GLM","NYC","DTF_Nepal_2017",7.62541031237707,5.05127181173661,"Significant",8.6440758047595
"Lcu.1GRN.Chr5p135646668",5,135646668,2.36977574161627e-08,0.344135802469136,NA,8.88644767982432e-06,"GLM","NYC","DTF_Nepal_2017",7.6252927505244,5.05127181173661,"Significant",4.64326165609532
"Lcu.1GRN.Chr2p183249869",2,183249869,2.37487461289298e-08,0.132716049382716,NA,8.89270892582485e-06,"GLM","NYC","DTF_Nepal_2017",7.62435931503541,5.0509659226823,"Significant",11.3118502464317
"Lcu.1GRN.Chr2p183063198",2,183063198,2.37673295071055e-08,0.262345679012346,NA,8.89270892582485e-06,"GLM","NYC","DTF_Nepal_2017",7.62401961278095,5.0509659226823,"Significant",5.66862513623698
"Lcu.1GRN.Chr4p14485081",4,14485081,2.38037041441183e-08,0.0555555555555556,NA,0.00133446342530744,"FarmCPU","NYC","DTF_Sask_2017",7.6233554562133,2.87469332476507,"Significant",-1.33598696136916
"Lcu.1GRN.Chr4p351316709",4,351316709,2.39542583845079e-08,0.0509259259259259,NA,8.92058743238072e-06,"GLM","NYC","DTF_Nepal_2017",7.62061727020352,5.04960654582104,"Significant",9.5787405742617
"Lcu.1GRN.Chr4p351317561",4,351317561,2.39542583845079e-08,0.0509259259259259,NA,8.92058743238072e-06,"GLM","NYC","DTF_Nepal_2017",7.62061727020352,5.04960654582104,"Significant",9.5787405742617
"Lcu.1GRN.Chr4p351628551",4,351628551,2.39542583845079e-08,0.0509259259259259,NA,8.92058743238072e-06,"GLM","NYC","DTF_Nepal_2017",7.62061727020352,5.04960654582104,"Significant",9.5787405742617
"Lcu.1GRN.Chr4p351632697",4,351632697,2.39542583845079e-08,0.0509259259259259,NA,8.92058743238072e-06,"GLM","NYC","DTF_Nepal_2017",7.62061727020352,5.04960654582104,"Significant",9.5787405742617
"Lcu.1GRN.Chr5p10231016",5,10231016,2.39744417225e-08,0.205246913580247,NA,8.92058743238072e-06,"GLM","NYC","DTF_Nepal_2017",7.62025149717755,5.04960654582104,"Significant",-5.89067165067138
"Lcu.1GRN.Chr1p437626545",1,437626545,2.40852623803078e-08,0.118827160493827,NA,8.95191983544419e-06,"GLM","NYC","DTF_Nepal_2017",7.61824861820156,5.04808381557489,"Significant",7.08874066978512
"Lcu.1GRN.Chr4p176125148",4,176125148,2.41190151962507e-08,0.0648148148148148,NA,8.95269242153667e-06,"GLM","NYC","DTF_Nepal_2017",7.61764042885218,5.04804633586049,"Significant",7.94922018305556
"Lcu.1GRN.Chr2p48482862",2,48482862,2.41405727266164e-08,0.21141975308642,NA,8.95269242153667e-06,"GLM","NYC","DTF_Nepal_2017",7.61725243063227,5.04804633586049,"Significant",4.90349669700726
"Lcu.1GRN.Chr4p451382652",4,451382652,2.41826323811025e-08,0.469135802469136,NA,8.95452255424973e-06,"GLM","NYC","DTF_Nepal_2017",7.61649642612362,5.04795756532389,"Significant",4.63148340387693
"Lcu.1GRN.Chr1p508707102",1,508707102,2.41987501800504e-08,0.0694444444444444,NA,8.95452255424973e-06,"GLM","NYC","DTF_Nepal_2017",7.6162070639338,5.04795756532389,"Significant",8.56754838845472
"Lcu.1GRN.Chr2p10271134",2,10271134,2.42265373798502e-08,0.172839506172839,NA,2.94188003568523e-05,"GLM","NYC","DTF_Sask_2017",7.61570865372404,4.53137504095661,"Significant",-1.68170676672364
"Lcu.1GRN.Chr6p435557150",6,435557150,2.43538878538962e-08,0.158950617283951,NA,9.00096622015012e-06,"GLM","NYC","DTF_Nepal_2017",7.61343169815725,5.04571086816555,"Significant",7.4738733212979
"Lcu.1GRN.Chr1p579204936",1,579204936,2.43777785173836e-08,0.066358024691358,NA,9.00096622015012e-06,"GLM","NYC","DTF_Nepal_2017",7.61300587302442,5.04571086816555,"Significant",8.46469632937624
"Lcu.1GRN.Chr5p1104922",5,1104922,2.44170477298013e-08,0.0941358024691358,NA,9.00558014663384e-06,"GLM","NYC","DTF_Nepal_2017",7.61230684785084,5.04548830434739,"Significant",9.06883577260896
"Lcu.1GRN.Chr1p372874805",1,372874805,2.44948291304811e-08,0.106451612903226,NA,1.96172671193632e-05,"MLM","NYC","Cotyledon_RedvsYellow",7.61092558572176,4.70736149428778,"Significant",-0.394693011836001
"Lcu.1GRN.Chr5p27272120",5,27272120,2.45428006097246e-08,0.0617283950617284,NA,9.04204623514921e-06,"GLM","NYC","DTF_Nepal_2017",7.61007588089383,5.04373327659626,"Significant",8.97419212430691
"Lcu.1GRN.Chr2p45678256",2,45678256,2.45843206501666e-08,0.212962962962963,NA,9.04743346185405e-06,"GLM","NYC","DTF_Nepal_2017",7.60934178826706,5.04347460216902,"Significant",4.68936301670311
"Lcu.1GRN.Chr4p501005116",4,501005116,2.47028811843608e-08,0.342592592592593,NA,9.07844899774393e-06,"GLM","NYC","DTF_Nepal_2017",7.60725239048545,5.04198834192579,"Significant",4.40084190538684
"Lcu.1GRN.Chr5p362340912",5,362340912,2.47405933330593e-08,0.308641975308642,NA,9.07844899774393e-06,"GLM","NYC","DTF_Nepal_2017",7.60658988925889,5.04198834192579,"Significant",6.1366990183331
"Lcu.1GRN.Chr2p47410520",2,47410520,2.47495673800676e-08,0.219135802469136,NA,9.07844899774393e-06,"GLM","NYC","DTF_Nepal_2017",7.60643238808764,5.04198834192579,"Significant",4.64202325311999
"Lcu.1GRN.Chr2p45342783",2,45342783,2.48274341040544e-08,0.290123456790123,NA,2.99741764708493e-05,"GLM","NYC","DTF_Sask_2017",7.60506816212212,4.52325274014167,"Significant",1.48268561603459
"Lcu.1GRN.Chr5p467139367",5,467139367,2.49364302136827e-08,0.305555555555556,NA,2.99741764708493e-05,"GLM","NYC","DTF_Sask_2017",7.60316571803725,4.52325274014167,"Significant",-1.36326922990357
"Lcu.1GRN.Chr1p572593644",1,572593644,2.49512271175169e-08,0.484567901234568,NA,2.99741764708493e-05,"GLM","NYC","DTF_Sask_2017",7.60290809063133,4.52325274014167,"Significant",1.38957675092841
"Lcu.1GRN.Chr4p451382560",4,451382560,2.5217468094341e-08,0.341049382716049,NA,9.24000445587059e-06,"GLM","NYC","DTF_Nepal_2017",7.59829851997767,5.03432781934704,"Significant",-4.76086794403363
"Lcu.1GRN.Chr5p27324191",5,27324191,2.54989554835427e-08,0.367283950617284,NA,9.33297841037301e-06,"GLM","NYC","DTF_Nepal_2017",7.59347760925328,5.02997973880752,"Significant",6.42283307426368
"Lcu.1GRN.Chr4p470977401",4,470977401,2.55408096841531e-08,0.314814814814815,NA,9.33813644677122e-06,"GLM","NYC","DTF_Nepal_2017",7.59276533903087,5.02973978454455,"Significant",-5.10975861279138
"Lcu.1GRN.Chr5p131540092",5,131540092,2.56185021991163e-08,0.484567901234568,NA,9.34824669558401e-06,"GLM","NYC","DTF_Nepal_2017",7.59144626513286,5.02926983531306,"Significant",-4.69585364111032
"Lcu.1GRN.Chr4p182547413",4,182547413,2.56240459180849e-08,0.371913580246914,NA,9.34824669558401e-06,"GLM","NYC","DTF_Nepal_2017",7.59135229609131,5.02926983531306,"Significant",-6.65659609145337
"Lcu.1GRN.Chr1p539711268",1,539711268,2.56347921974749e-08,0.236111111111111,NA,3.06349824907391e-05,"GLM","NYC","DTF_Sask_2017",7.59117019871727,4.51378236355065,"Significant",-1.69200354838989
"Lcu.1GRN.Chr2p45095167",2,45095167,2.56561453245119e-08,0.256172839506173,NA,9.34981650527637e-06,"GLM","NYC","DTF_Nepal_2017",7.59080859309151,5.02919691228555,"Significant",4.4907724030229
"Lcu.1GRN.Chr2p51671173",2,51671173,2.56834501077348e-08,0.137345679012346,NA,3.06349824907391e-05,"GLM","NYC","DTF_Sask_2017",7.59034663706317,4.51378236355065,"Significant",1.80582495409539
"Lcu.1GRN.Chr3p297059660",3,297059660,2.5755400307995e-08,0.283950617283951,NA,9.37582980021575e-06,"GLM","NYC","DTF_Nepal_2017",7.58913169562995,5.02799028501818,"Significant",4.96745948328294
"Lcu.1GRN.Chr3p402981859",3,402981859,2.58061066907124e-08,0.058641975308642,NA,9.38413263701067e-06,"GLM","NYC","DTF_Nepal_2017",7.58827751154603,5.02760586245319,"Significant",9.27621208439632
"Lcu.1GRN.Chr1p363538835",1,363538835,2.59808808788761e-08,0.148387096774194,NA,2.07579832745485e-05,"MLM","NYC","Cotyledon_RedvsYellow",7.58534612830727,4.68281484231106,"Significant",-0.229614065343439
"Lcu.1GRN.Chr2p45386213",2,45386213,2.60375848740065e-08,0.209876543209877,NA,9.43623639021574e-06,"GLM","NYC","DTF_Nepal_2017",7.58439930138399,5.02520118799836,"Significant",4.89065674820529
"Lcu.1GRN.Chr1p446625469",1,446625469,2.60545943068389e-08,0.246913580246914,NA,9.43623639021574e-06,"GLM","NYC","DTF_Nepal_2017",7.58411568479516,5.02520118799836,"Significant",5.23957759686868
"Lcu.1GRN.Chr3p389188154",3,389188154,2.61357088645698e-08,0.222222222222222,NA,9.43623639021574e-06,"GLM","NYC","DTF_Nepal_2017",7.58276571627424,5.02520118799836,"Significant",7.09698395166629
"Lcu.1GRN.Chr4p39603215",4,39603215,2.6182183035007e-08,0.135802469135803,NA,9.43623639021574e-06,"GLM","NYC","DTF_Nepal_2017",7.5819941453891,5.02520118799836,"Significant",5.98096679854609
"Lcu.1GRN.Chr1p542937863",1,542937863,2.62227853057143e-08,0.0771604938271605,NA,3.11677725262446e-05,"GLM","NYC","DTF_Sask_2017",7.5813211807368,4.50629423442921,"Significant",2.24910217083539
"Lcu.1GRN.Chr2p632000956",2,632000956,2.62868747805467e-08,0.0570987654320988,NA,9.43623639021574e-06,"GLM","NYC","DTF_Nepal_2017",7.58026104364799,5.02520118799836,"Significant",8.23135959546539
"Lcu.1GRN.Chr2p183690527",2,183690527,2.63719505661968e-08,0.287037037037037,NA,9.43623639021574e-06,"GLM","NYC","DTF_Nepal_2017",7.57885774700569,5.02520118799836,"Significant",5.53544762215813
"Lcu.1GRN.Chr2p248632077",2,248632077,2.64194569554007e-08,0.305555555555556,NA,9.43623639021574e-06,"GLM","NYC","DTF_Nepal_2017",7.57807611343219,5.02520118799836,"Significant",5.74147187776867
"Lcu.1GRN.Chr3p375779559",3,375779559,2.64432776399825e-08,0.188271604938272,NA,9.43623639021574e-06,"GLM","NYC","DTF_Nepal_2017",7.57768471511924,5.02520118799836,"Significant",5.10211458700144
"Lcu.1GRN.Chr7p51478088",7,51478088,2.65874880370567e-08,0.487654320987654,NA,3.13954136849999e-05,"GLM","NYC","DTF_Sask_2017",7.57532269249839,4.5031337900406,"Significant",1.51562537375528
"Lcu.1GRN.Chr1p541129377",1,541129377,2.66009831529995e-08,0.236111111111111,NA,3.13954136849999e-05,"GLM","NYC","DTF_Sask_2017",7.57510231186397,4.5031337900406,"Significant",-1.68076601810716
"Lcu.1GRN.Chr1p437235006",1,437235006,2.66507254597061e-08,0.0972222222222222,NA,9.43623639021574e-06,"GLM","NYC","DTF_Nepal_2017",7.57429096454139,5.02520118799836,"Significant",7.4990758028174
"Lcu.1GRN.Chr1p437235932",1,437235932,2.66507254597061e-08,0.0972222222222222,NA,9.43623639021574e-06,"GLM","NYC","DTF_Nepal_2017",7.57429096454139,5.02520118799836,"Significant",7.4990758028174
"Lcu.1GRN.Chr1p437362313",1,437362313,2.66507254597061e-08,0.0972222222222222,NA,9.43623639021574e-06,"GLM","NYC","DTF_Nepal_2017",7.57429096454139,5.02520118799836,"Significant",7.4990758028174
"Lcu.1GRN.Chr1p437612186",1,437612186,2.66507254597061e-08,0.0972222222222222,NA,9.43623639021574e-06,"GLM","NYC","DTF_Nepal_2017",7.57429096454139,5.02520118799836,"Significant",7.4990758028174
"Lcu.1GRN.Chr1p437612546",1,437612546,2.66507254597061e-08,0.0972222222222222,NA,9.43623639021574e-06,"GLM","NYC","DTF_Nepal_2017",7.57429096454139,5.02520118799836,"Significant",7.4990758028174
"Lcu.1GRN.Chr1p437617578",1,437617578,2.66507254597061e-08,0.0972222222222222,NA,9.43623639021574e-06,"GLM","NYC","DTF_Nepal_2017",7.57429096454139,5.02520118799836,"Significant",7.4990758028174
"Lcu.1GRN.Chr1p437618706",1,437618706,2.66507254597061e-08,0.0972222222222222,NA,9.43623639021574e-06,"GLM","NYC","DTF_Nepal_2017",7.57429096454139,5.02520118799836,"Significant",7.4990758028174
"Lcu.1GRN.Chr1p437623072",1,437623072,2.66507254597061e-08,0.0972222222222222,NA,9.43623639021574e-06,"GLM","NYC","DTF_Nepal_2017",7.57429096454139,5.02520118799836,"Significant",7.4990758028174
"Lcu.1GRN.Chr1p437626636",1,437626636,2.66507254597061e-08,0.0972222222222222,NA,9.43623639021574e-06,"GLM","NYC","DTF_Nepal_2017",7.57429096454139,5.02520118799836,"Significant",7.4990758028174
"Lcu.1GRN.Chr1p437627122",1,437627122,2.66507254597061e-08,0.0972222222222222,NA,9.43623639021574e-06,"GLM","NYC","DTF_Nepal_2017",7.57429096454139,5.02520118799836,"Significant",7.4990758028174
"Lcu.1GRN.Chr1p437710021",1,437710021,2.66507254597061e-08,0.0972222222222222,NA,9.43623639021574e-06,"GLM","NYC","DTF_Nepal_2017",7.57429096454139,5.02520118799836,"Significant",7.4990758028174
"Lcu.1GRN.Chr1p437949978",1,437949978,2.66507254597061e-08,0.0972222222222222,NA,9.43623639021574e-06,"GLM","NYC","DTF_Nepal_2017",7.57429096454139,5.02520118799836,"Significant",7.4990758028174
"Lcu.1GRN.Chr1p437950460",1,437950460,2.66507254597061e-08,0.0972222222222222,NA,9.43623639021574e-06,"GLM","NYC","DTF_Nepal_2017",7.57429096454139,5.02520118799836,"Significant",7.4990758028174
"Lcu.1GRN.Chr1p437954076",1,437954076,2.66507254597061e-08,0.0972222222222222,NA,9.43623639021574e-06,"GLM","NYC","DTF_Nepal_2017",7.57429096454139,5.02520118799836,"Significant",7.4990758028174
"Lcu.1GRN.Chr1p437954579",1,437954579,2.66507254597061e-08,0.0972222222222222,NA,9.43623639021574e-06,"GLM","NYC","DTF_Nepal_2017",7.57429096454139,5.02520118799836,"Significant",7.4990758028174
"Lcu.1GRN.Chr1p437958679",1,437958679,2.66507254597061e-08,0.0972222222222222,NA,9.43623639021574e-06,"GLM","NYC","DTF_Nepal_2017",7.57429096454139,5.02520118799836,"Significant",7.4990758028174
"Lcu.1GRN.Chr1p439582155",1,439582155,2.66507254597061e-08,0.0972222222222222,NA,9.43623639021574e-06,"GLM","NYC","DTF_Nepal_2017",7.57429096454139,5.02520118799836,"Significant",7.4990758028174
"Lcu.1GRN.Chr5p4032704",5,4032704,2.67018376493823e-08,0.132716049382716,NA,9.44439224459494e-06,"GLM","NYC","DTF_Nepal_2017",7.57345884899035,5.02482598409589,"Significant",11.1446456029521
"Lcu.1GRN.Chr2p187265674",2,187265674,2.67526827152988e-08,0.263888888888889,NA,9.45243658287491e-06,"GLM","NYC","DTF_Nepal_2017",7.57263266111818,5.02445622767078,"Significant",5.68472717791701
"Lcu.1GRN.Chr2p48443358",2,48443358,2.68469884278046e-08,0.20679012345679,NA,3.15749683793543e-05,"GLM","NYC","DTF_Sask_2017",7.57110442439799,4.50065707569516,"Significant",2.11398775480234
"Lcu.1GRN.Chr2p187429085",2,187429085,2.6876832025575e-08,0.262345679012346,NA,9.4863372066596e-06,"GLM","NYC","DTF_Nepal_2017",7.57062192292823,5.02290144173468,"Significant",5.75792575560519
"Lcu.1GRN.Chr2p51670538",2,51670538,2.69912820898686e-08,0.145061728395062,NA,3.16340647481632e-05,"GLM","NYC","DTF_Sask_2017",7.56877648590177,4.49984500080389,"Significant",1.81447909198457
"Lcu.1GRN.Chr5p459572366",5,459572366,2.70038365204765e-08,0.141975308641975,NA,9.52117345794875e-06,"GLM","NYC","DTF_Nepal_2017",7.56857452986667,5.02130952273889,"Significant",-5.67034058914487
"Lcu.1GRN.Chr1p362372518",1,362372518,2.7047568576205e-08,0.129032258064516,NA,2.15468847652291e-05,"MLM","NYC","Cotyledon_RedvsYellow",7.5678717694261,4.66661551098209,"Significant",-0.202042871442129
"Lcu.1GRN.Chr1p365199241",1,365199241,2.70963924989428e-08,0.383870967741936,NA,2.15468847652291e-05,"MLM","NYC","Cotyledon_RedvsYellow",7.56708852543892,4.66661551098209,"Significant",-0.180640077162218
"Lcu.1GRN.Chr7p67768137",7,67768137,2.71648543164265e-08,0.0601851851851852,NA,9.5679168082235e-06,"GLM","NYC","DTF_Nepal_2017",7.5659926197207,5.01918260947257,"Significant",7.95666651936449
"Lcu.1GRN.Chr1p436568375",1,436568375,2.72368570640753e-08,0.469135802469136,NA,3.18110413196938e-05,"GLM","NYC","DTF_Sask_2017",7.56484300830401,4.49742211423137,"Significant",1.58101207878804
"Lcu.1GRN.Chr2p43812657",2,43812657,2.73896979911597e-08,0.256172839506173,NA,3.18788600145066e-05,"GLM","NYC","DTF_Sask_2017",7.56241275640964,4.49649721733431,"Significant",1.51280793102143
"Lcu.1GRN.Chr5p1781265",5,1781265,2.75108659028799e-08,0.148148148148148,NA,9.67965212463808e-06,"GLM","NYC","DTF_Nepal_2017",7.56049574000202,5.01414025044624,"Significant",8.72890030047984
"Lcu.1GRN.Chr1p537190191",1,537190191,2.75404505929955e-08,0.231481481481482,NA,3.19437887745315e-05,"GLM","NYC","DTF_Sask_2017",7.56002895847086,4.49561357453795,"Significant",-1.7041980495348
"Lcu.1GRN.Chr5p1919004",5,1919004,2.76817535031177e-08,0.160493827160494,NA,9.72960123362925e-06,"GLM","NYC","DTF_Nepal_2017",7.55780640292165,5.01190495886662,"Significant",7.56218226504711
"Lcu.1GRN.Chr7p1560731",7,1560731,2.77243017611876e-08,0.371913580246914,NA,9.73438435334593e-06,"GLM","NYC","DTF_Nepal_2017",7.5571393827832,5.01169151002987,"Significant",4.30012042377575
"Lcu.1GRN.Chr6p40076993",6,40076993,2.77266720603618e-08,0.450617283950617,NA,3.20492697626382e-05,"GLM","NYC","DTF_Sask_2017",7.55710225420703,4.49418186136107,"Significant",1.40009640076397
"Lcu.1GRN.Chr1p572630821",1,572630821,2.79037011263569e-08,0.262345679012346,NA,9.78715770257486e-06,"GLM","NYC","DTF_Nepal_2017",7.55433818840568,5.00934341374447,"Significant",-6.42546526426599
"Lcu.1GRN.Chr4p3903034",4,3903034,2.79455664378724e-08,0.24537037037037,NA,0.000854542395091619,"FarmCPU","NYC","DTF_Nepal_2017",7.55368708310125,3.0682663864276,"Significant",1.9131945058036
"Lcu.1GRN.Chr2p561520994",2,561520994,2.80241673549679e-08,0.458333333333333,NA,3.22185305581274e-05,"GLM","NYC","DTF_Sask_2017",7.55246728215903,4.49189427102573,"Significant",-1.38027765781544
"Lcu.1GRN.Chr2p45088314",2,45088314,2.80945310858704e-08,0.0725308641975309,NA,9.84142911007646e-06,"GLM","NYC","DTF_Nepal_2017",7.5513782121371,5.006941831492,"Significant",8.3198665649843
"Lcu.1GRN.Chr5p456047981",5,456047981,2.81144061527471e-08,0.390432098765432,NA,3.22185305581274e-05,"GLM","NYC","DTF_Sask_2017",7.55107108545384,4.49189427102573,"Significant",-1.47012646983137
"Lcu.1GRN.Chr1p446650108",1,446650108,2.81351862150259e-08,0.180555555555556,NA,9.84142911007646e-06,"GLM","NYC","DTF_Nepal_2017",7.55075020608701,5.006941831492,"Significant",6.28948854997532
"Lcu.1GRN.Chr2p248135185",2,248135185,2.81462057927608e-08,0.33641975308642,NA,9.84142911007646e-06,"GLM","NYC","DTF_Nepal_2017",7.55058014128606,5.006941831492,"Significant",5.56381029413438
"Lcu.1GRN.Chr3p433895946",3,433895946,2.81604556454392e-08,0.109567901234568,NA,3.22185305581274e-05,"GLM","NYC","DTF_Sask_2017",7.55036032244544,4.49189427102573,"Significant",-1.98746489661477
"Lcu.1GRN.Chr1p562751598",1,562751598,2.82518794575454e-08,0.427469135802469,NA,9.86812039200017e-06,"GLM","NYC","DTF_Nepal_2017",7.54895265542365,5.00576556071631,"Significant",4.67389817589117
"Lcu.1GRN.Chr3p180387971",3,180387971,2.82669038522817e-08,0.123456790123457,NA,3.22306903324761e-05,"GLM","NYC","DTF_Sask_2017",7.54872175831301,4.4917303924593,"Significant",2.17498975951185
"Lcu.1GRN.Chr1p363538795",1,363538795,2.82712000474118e-08,0.17741935483871,NA,2.24280630810089e-05,"MLM","NYC","Cotyledon_RedvsYellow",7.54865575631743,4.64920823107829,"Significant",-0.198942633697613
"Lcu.1GRN.Chr2p45339428",2,45339428,2.8370725332656e-08,0.234567901234568,NA,3.2239782999897e-05,"GLM","NYC","DTF_Sask_2017",7.54712956078704,4.49160789001411,"Significant",1.74165166384785
"Lcu.1GRN.Chr5p457714799",5,457714799,2.83863095044859e-08,0.436728395061728,NA,9.8928957399819e-06,"GLM","NYC","DTF_Nepal_2017",7.54689106629838,5.00467656787489,"Significant",5.14358730646745
"Lcu.1GRN.Chr4p182563453",4,182563453,2.83875661510898e-08,0.371913580246914,NA,9.8928957399819e-06,"GLM","NYC","DTF_Nepal_2017",7.54687184074157,5.00467656787489,"Significant",-6.54202907424531
"Lcu.1GRN.Chr4p500606999",4,500606999,2.84110429525563e-08,0.305555555555556,NA,9.8928957399819e-06,"GLM","NYC","DTF_Nepal_2017",7.54651282329128,5.00467656787489,"Significant",-4.76785897739944
"Lcu.1GRN.Chr1p342359925",1,342359925,2.84705148840129e-08,0.435483870967742,NA,2.25330392470371e-05,"MLM","NYC","Cotyledon_RedvsYellow",7.54560467864638,4.64718022686482,"Significant",-0.222757213201015
"Lcu.1GRN.Chr4p498064262",4,498064262,2.84903915726561e-08,0.0694444444444444,NA,9.91026633104405e-06,"GLM","NYC","DTF_Nepal_2017",7.54530158176526,5.00391467401638,"Significant",7.72497684354994
"Lcu.1GRN.Chr7p630529134",7,630529134,2.86128890933821e-08,0.0555555555555556,NA,9.94259469594387e-06,"GLM","NYC","DTF_Nepal_2017",7.54343828850841,5.00250026398493,"Significant",9.10895602599226
"Lcu.1GRN.Chr6p436559474",6,436559474,2.87260949262107e-08,0.118827160493827,NA,9.97163093090271e-06,"GLM","NYC","DTF_Nepal_2017",7.54172340871979,5.00123380393868,"Significant",10.1009515343853
"Lcu.1GRN.Chr4p501060401",4,501060401,2.89149305571541e-08,0.473765432098765,NA,1.0026833450225e-05,"GLM","NYC","DTF_Nepal_2017",7.53887784637201,4.99883619880638,"Significant",-4.11336180368849
"Lcu.1GRN.Chr2p248165344",2,248165344,2.9023720352032e-08,0.334876543209877,NA,1.00541933508259e-05,"GLM","NYC","DTF_Nepal_2017",7.53724691909335,4.99765276716948,"Significant",5.50733570022999
"Lcu.1GRN.Chr2p561528244",2,561528244,2.90855891594075e-08,0.0725308641975309,NA,1.0065259638665e-05,"GLM","NYC","DTF_Nepal_2017",7.5363221346819,4.99717501777631,"Significant",8.10268902793791
"Lcu.1GRN.Chr2p43614088",2,43614088,2.91235358960013e-08,0.253086419753086,NA,3.28766079116704e-05,"GLM","NYC","DTF_Sask_2017",7.53575589835288,4.48311299773901,"Significant",1.50916735830012
"Lcu.1GRN.Chr5p455417858",5,455417858,2.91266062297365e-08,0.416666666666667,NA,3.28766079116704e-05,"GLM","NYC","DTF_Sask_2017",7.53571011549463,4.48311299773901,"Significant",-1.34120883939822
"Lcu.1GRN.Chr2p44146735",2,44146735,2.91531378563421e-08,0.199074074074074,NA,1.00782667228409e-05,"GLM","NYC","DTF_Nepal_2017",7.53531469372306,4.99661415215953,"Significant",5.49462853960853
"Lcu.1GRN.Chr1p437708442",1,437708442,2.92253272061664e-08,0.0972222222222222,NA,1.00928497293189e-05,"GLM","NYC","DTF_Nepal_2017",7.53424061778675,4.99598619283349,"Significant",7.53279678663318
"Lcu.1GRN.Chr1p472347424",1,472347424,2.94094717322255e-08,0.297839506172839,NA,1.01460264391318e-05,"GLM","NYC","DTF_Nepal_2017",7.53151277643954,4.99370401030621,"Significant",5.25121446601059
"Lcu.1GRN.Chr2p43828039",2,43828039,2.94952261825141e-08,0.351851851851852,NA,1.01651851898911e-05,"GLM","NYC","DTF_Nepal_2017",7.5302482691188,4.99288470495362,"Significant",-4.42798054431191
"Lcu.1GRN.Chr3p434028973",3,434028973,2.95207416122882e-08,0.114197530864197,NA,3.31982145152158e-05,"GLM","NYC","DTF_Sask_2017",7.52987273648047,4.47888527313455,"Significant",-1.96764046290116
"Lcu.1GRN.Chr6p439809446",6,439809446,2.9579680096081e-08,0.138888888888889,NA,1.01838569650752e-05,"GLM","NYC","DTF_Nepal_2017",7.52900652720383,4.99208770909073,"Significant",9.18978909732732
"Lcu.1GRN.Chr1p549619874",1,549619874,2.9608922262186e-08,0.126543209876543,NA,3.31982145152158e-05,"GLM","NYC","DTF_Sask_2017",7.52857740024676,4.47888527313455,"Significant",2.09522041211164
"Lcu.1GRN.Chr4p497110951",4,497110951,2.96816353637856e-08,0.358024691358025,NA,1.02042441833258e-05,"GLM","NYC","DTF_Nepal_2017",7.52751217448796,4.9912191574513,"Significant",-4.79370392701838
"Lcu.1GRN.Chr4p460172465",4,460172465,2.96995693854509e-08,0.169753086419753,NA,1.02042441833258e-05,"GLM","NYC","DTF_Nepal_2017",7.52724984748003,4.9912191574513,"Significant",5.42219758587549
"Lcu.1GRN.Chr3p347698171",3,347698171,2.99445947199375e-08,0.490740740740741,NA,1.02745403414065e-05,"GLM","NYC","DTF_Nepal_2017",7.52368156042535,4.98823759832353,"Significant",5.11669746852942
"Lcu.1GRN.Chr4p182601936",4,182601936,2.99652584079881e-08,0.37037037037037,NA,1.02745403414065e-05,"GLM","NYC","DTF_Nepal_2017",7.52338197277546,4.98823759832353,"Significant",-6.68355655560254
"Lcu.1GRN.Chr1p364394369",1,364394369,2.99692591229878e-08,0.0903225806451613,NA,2.366354409254e-05,"MLM","NYC","Cotyledon_RedvsYellow",7.52332399321636,4.6259202104872,"Significant",-0.221322209178722
"Lcu.1GRN.Chr2p33986457",2,33986457,3.00128514904652e-08,0.200617283950617,NA,1.02803796510115e-05,"GLM","NYC","DTF_Nepal_2017",7.52269274073831,4.98799084669339,"Significant",5.08969564349786
"Lcu.1GRN.Chr5p10017108",5,10017108,3.01179146828116e-08,0.266975308641975,NA,1.03058724395863e-05,"GLM","NYC","DTF_Nepal_2017",7.52117510129935,4.98691523729961,"Significant",-5.30282261948724
"Lcu.1GRN.Chr1p559749511",1,559749511,3.01343551997553e-08,0.182098765432099,NA,3.35227091036818e-05,"GLM","NYC","DTF_Sask_2017",7.52093809691829,4.47466089155615,"Significant",1.69361024715874
"Lcu.1GRN.Chr2p50744372",2,50744372,3.02666897420035e-08,0.330246913580247,NA,3.35227091036818e-05,"GLM","NYC","DTF_Sask_2017",7.51903507509216,4.47466089155615,"Significant",1.62452430246051
"Lcu.1GRN.Chr2p86834630",2,86834630,3.03225652073424e-08,0.424382716049383,NA,3.35227091036818e-05,"GLM","NYC","DTF_Sask_2017",7.51823406134245,4.47466089155615,"Significant",-1.32525479083544
"Lcu.1GRN.Chr2p86834661",2,86834661,3.03225652073424e-08,0.424382716049383,NA,3.35227091036818e-05,"GLM","NYC","DTF_Sask_2017",7.51823406134245,4.47466089155615,"Significant",-1.32525479083544
"Lcu.1GRN.Chr1p537925505",1,537925505,3.04381232140087e-08,0.277777777777778,NA,3.35227091036818e-05,"GLM","NYC","DTF_Sask_2017",7.5165821292644,4.47466089155615,"Significant",-1.51781245330017
"Lcu.1GRN.Chr6p394417257",6,394417257,3.05103991104283e-08,0.12037037037037,NA,1.04295644487576e-05,"GLM","NYC","DTF_Nepal_2017",7.51555211125884,4.9817338278583,"Significant",8.44475469814915
"Lcu.1GRN.Chr5p459526343",5,459526343,3.06581129840357e-08,0.137345679012346,NA,1.0469381778344e-05,"GLM","NYC","DTF_Nepal_2017",7.51345457961344,4.98007896284655,"Significant",-5.73090610675456
"Lcu.1GRN.Chr2p33986457",2,33986457,3.0666987315984e-08,0.200617283950617,NA,3.35227091036818e-05,"GLM","NYC","DTF_Sask_2017",7.51332888643385,4.47466089155615,"Significant",1.626060396117
"Lcu.1GRN.Chr2p37560854",2,37560854,3.06891295324665e-08,0.058641975308642,NA,1.0469381778344e-05,"GLM","NYC","DTF_Nepal_2017",7.51301542973722,4.98007896284655,"Significant",8.40894920854907
"Lcu.1GRN.Chr2p14107999",2,14107999,3.07672160584492e-08,0.0632716049382716,NA,3.35227091036818e-05,"GLM","NYC","DTF_Sask_2017",7.5119117986876,4.47466089155615,"Significant",2.52977337497714
"Lcu.1GRN.Chr2p14203941",2,14203941,3.07672160584492e-08,0.0632716049382716,NA,3.35227091036818e-05,"GLM","NYC","DTF_Sask_2017",7.5119117986876,4.47466089155615,"Significant",2.52977337497714
"Lcu.1GRN.Chr3p434223418",3,434223418,3.07952834643044e-08,0.108024691358025,NA,3.35227091036818e-05,"GLM","NYC","DTF_Sask_2017",7.51151579396319,4.47466089155615,"Significant",-1.98285821043839
"Lcu.1GRN.Chr5p37927783",5,37927783,3.08974331687906e-08,0.148148148148148,NA,1.05297638325092e-05,"GLM","NYC","DTF_Nepal_2017",7.51007759846946,4.97758136930723,"Significant",7.39736528355036
"Lcu.1GRN.Chr2p49724493",2,49724493,3.10131364064522e-08,0.165123456790123,NA,3.36509537213842e-05,"GLM","NYC","DTF_Sask_2017",7.50845431066896,4.47300262267136,"Significant",2.4789133086885
"Lcu.1GRN.Chr3p401387609",3,401387609,3.10718474188193e-08,0.180555555555556,NA,1.05784859319089e-05,"GLM","NYC","DTF_Nepal_2017",7.50763292441008,4.97557648716583,"Significant",5.23046072837684
"Lcu.1GRN.Chr4p496563262",4,496563262,3.11520627514571e-08,0.24537037037037,NA,1.05950716799994e-05,"GLM","NYC","DTF_Nepal_2017",7.5065131909979,4.9748961007632,"Significant",4.77955496673644
"Lcu.1GRN.Chr2p79721021",2,79721021,3.12712361846141e-08,0.231481481481482,NA,3.38219032209328e-05,"GLM","NYC","DTF_Sask_2017",7.50485495030344,4.4708019574984,"Significant",2.02485719356409
"Lcu.1GRN.Chr5p132010634",5,132010634,3.12879504335839e-08,0.490740740740741,NA,1.06236557085541e-05,"GLM","NYC","DTF_Nepal_2017",7.50462288506532,4.97372601236404,"Significant",-4.62416821154852
"Lcu.1GRN.Chr4p304459507",4,304459507,3.12992737313026e-08,0.307098765432099,NA,1.06236557085541e-05,"GLM","NYC","DTF_Nepal_2017",7.50446573971065,4.97372601236404,"Significant",5.07994450685277
"Lcu.1GRN.Chr1p408097291",1,408097291,3.13168957877146e-08,0.388709677419355,NA,2.45244476657396e-05,"MLM","NYC","Cotyledon_RedvsYellow",7.50422129288101,4.61040076492345,"Significant",0.191968767517675
"Lcu.1GRN.Chr1p408097676",1,408097676,3.13168957877146e-08,0.388709677419355,NA,2.45244476657396e-05,"MLM","NYC","Cotyledon_RedvsYellow",7.50422129288101,4.61040076492345,"Significant",0.191968767517675
"Lcu.1GRN.Chr1p373681768",1,373681768,3.13335419062257e-08,0.398387096774194,NA,2.45244476657396e-05,"MLM","NYC","Cotyledon_RedvsYellow",7.5039905102129,4.61040076492345,"Significant",-0.181321715524106
"Lcu.1GRN.Chr1p370889672",1,370889672,3.13512101254524e-08,0.185483870967742,NA,2.45244476657396e-05,"MLM","NYC","Cotyledon_RedvsYellow",7.50374569117574,4.61040076492345,"Significant",-0.260624002067318
"Lcu.1GRN.Chr2p247847184",2,247847184,3.1357244642151e-08,0.313271604938272,NA,1.06326031336153e-05,"GLM","NYC","DTF_Nepal_2017",7.50366210572236,4.97336039604467,"Significant",5.50184927381764
"Lcu.1GRN.Chr2p247397187",2,247397187,3.15015194296179e-08,0.308641975308642,NA,1.06655571152365e-05,"GLM","NYC","DTF_Nepal_2017",7.50166849814741,4.97201645425546,"Significant",5.72659758606341
"Lcu.1GRN.Chr3p375778403",3,375778403,3.15458953026244e-08,0.186728395061728,NA,1.06655571152365e-05,"GLM","NYC","DTF_Nepal_2017",7.50105714239109,4.97201645425546,"Significant",5.00170725871499
"Lcu.1GRN.Chr2p561717172",2,561717172,3.15812635804808e-08,0.202160493827161,NA,1.06655571152365e-05,"GLM","NYC","DTF_Nepal_2017",7.50057049766364,4.97201645425546,"Significant",5.97396272095898
"Lcu.1GRN.Chr2p561717173",2,561717173,3.15812635804808e-08,0.202160493827161,NA,1.06655571152365e-05,"GLM","NYC","DTF_Nepal_2017",7.50057049766364,4.97201645425546,"Significant",5.97396272095898
"Lcu.1GRN.Chr1p559227190",1,559227190,3.16668126842321e-08,0.259259259259259,NA,3.41399704556317e-05,"GLM","NYC","DTF_Sask_2017",7.49939564686839,4.46673685905496,"Significant",1.50971433504921
"Lcu.1GRN.Chr3p375775559",3,375775559,3.17398695263485e-08,0.20679012345679,NA,1.07083698023764e-05,"GLM","NYC","DTF_Nepal_2017",7.49839486283962,4.97027663931941,"Significant",4.90653948971385
"Lcu.1GRN.Chr4p471952891",4,471952891,3.18308797620928e-08,0.487654320987654,NA,1.07283141612584e-05,"GLM","NYC","DTF_Nepal_2017",7.4971513579061,4.9694685173616,"Significant",3.96007643941348
"Lcu.1GRN.Chr7p1563355",7,1563355,3.19082976013359e-08,0.319444444444444,NA,1.07436419812498e-05,"GLM","NYC","DTF_Nepal_2017",7.4960963660374,4.96884847243151,"Significant",4.73194807931463
"Lcu.1GRN.Chr4p180280478",4,180280478,3.19745613326844e-08,0.368827160493827,NA,1.07551872717911e-05,"GLM","NYC","DTF_Nepal_2017",7.49519540500729,4.96838202317541,"Significant",-6.70053544488746
"Lcu.1GRN.Chr6p1286012",6,1286012,3.20141612007265e-08,0.0555555555555556,NA,3.44041768709417e-05,"GLM","NYC","DTF_Sask_2017",7.49465787258941,4.46338882830398,"Significant",2.61305815641651
"Lcu.1GRN.Chr1p354861253",1,354861253,3.22444104585742e-08,0.387096774193548,NA,2.51646301919239e-05,"MLM","NYC","Cotyledon_RedvsYellow",7.49154555908727,4.59920944741613,"Significant",0.203539120489457
"Lcu.1GRN.Chr1p367555594",1,367555594,3.343239808117e-08,0.266129032258065,NA,2.60313783457613e-05,"MLM","NYC","Cotyledon_RedvsYellow",7.47583247066838,4.58450283565142,"Significant",-0.1690574034926
"Lcu.1GRN.Chr1p362772961",1,362772961,3.41189122744038e-08,0.146774193548387,NA,2.65045638914651e-05,"MLM","NYC","Cotyledon_RedvsYellow",7.46700482277867,4.57667933730016,"Significant",-0.226835598793659
"Lcu.1GRN.Chr2p65079812",2,65079812,3.42208067890723e-08,0.25,NA,3.66584398637576e-05,"GLM","NYC","DTF_Sask_2017",7.465709755756,4.43582602199734,"Significant",1.51147833117079
"Lcu.1GRN.Chr2p45380038",2,45380038,3.44219496385567e-08,0.358024691358025,NA,3.67568505843569e-05,"GLM","NYC","DTF_Sask_2017",7.46316453513316,4.43466170709089,"Significant",1.63367622691587
"Lcu.1GRN.Chr2p86012819",2,86012819,3.45937118563311e-08,0.462962962962963,NA,3.6823364164489e-05,"GLM","NYC","DTF_Sask_2017",7.46100283630208,4.43387653708861,"Significant",-1.38130980397912
"Lcu.1GRN.Chr6p431654960",6,431654960,3.51353743322744e-08,0.152173913043478,NA,0.00045455309453939,"FarmCPU","NYC","DTF_Sask_2017_b",7.45425541512875,3.34241538126769,"Significant",0.267985277088087
"Lcu.1GRN.Chr5p1635413",5,1635413,3.54266898825733e-08,0.172839506172839,NA,0.00108330630870287,"MLM","NYC","DTF_Nepal_2017",7.45066942437839,2.96524872770474,"Significant",6.8235342775032
"Lcu.1GRN.Chr2p43812951",2,43812951,3.63490395488628e-08,0.260802469135803,NA,3.85576939428776e-05,"GLM","NYC","DTF_Sask_2017",7.43950706002199,4.41388894826069,"Significant",1.49480462723471
"Lcu.1GRN.Chr5p456051802",5,456051802,3.6478224434798e-08,0.33641975308642,NA,3.85576939428776e-05,"GLM","NYC","DTF_Sask_2017",7.43796630896577,4.41388894826069,"Significant",-1.45500778171693
"Lcu.1GRN.Chr1p541522127",1,541522127,3.65669175863802e-08,0.234567901234568,NA,3.85576939428776e-05,"GLM","NYC","DTF_Sask_2017",7.43691164703539,4.41388894826069,"Significant",-1.68024543142769
"Lcu.1GRN.Chr1p356473222",1,356473222,3.70176287206637e-08,0.47258064516129,NA,2.86901122577961e-05,"MLM","NYC","Cotyledon_RedvsYellow",7.43159140477584,4.54226775245648,"Significant",-0.19638122320893
"Lcu.1GRN.Chr4p302779223",4,302779223,3.76985539224951e-08,0.274691358024691,NA,3.91079464471649e-05,"GLM","NYC","DTF_Sask_2017",7.42367530856147,4.40773498819207,"Significant",2.5515332407607
"Lcu.1GRN.Chr2p63175172",2,63175172,3.77412949566499e-08,0.279320987654321,NA,3.91079464471649e-05,"GLM","NYC","DTF_Sask_2017",7.42318320266396,4.40773498819207,"Significant",1.42679965138197
"Lcu.1GRN.Chr2p63175261",2,63175261,3.77412949566499e-08,0.279320987654321,NA,3.91079464471649e-05,"GLM","NYC","DTF_Sask_2017",7.42318320266396,4.40773498819207,"Significant",1.42679965138197
"Lcu.1GRN.Chr2p63177279",2,63177279,3.77412949566499e-08,0.279320987654321,NA,3.91079464471649e-05,"GLM","NYC","DTF_Sask_2017",7.42318320266396,4.40773498819207,"Significant",1.42679965138197
"Lcu.1GRN.Chr1p540512508",1,540512508,3.77661538102971e-08,0.183641975308642,NA,3.91079464471649e-05,"GLM","NYC","DTF_Sask_2017",7.4228972424433,4.40773498819207,"Significant",1.81852986598656
"Lcu.1GRN.Chr5p456051113",5,456051113,3.77863541766243e-08,0.314814814814815,NA,3.91079464471649e-05,"GLM","NYC","DTF_Sask_2017",7.42266500904507,4.40773498819207,"Significant",-1.50195862057555
"Lcu.1GRN.Chr2p64061619",2,64061619,3.79112437916495e-08,0.225308641975309,NA,3.91168446026558e-05,"GLM","NYC","DTF_Sask_2017",7.42123196701147,4.40763618524754,"Significant",1.70664745430398
"Lcu.1GRN.Chr6p40077100",6,40077100,3.84241682368038e-08,0.49537037037037,NA,3.94246555179482e-05,"GLM","NYC","DTF_Sask_2017",7.41539552484516,4.40423209273103,"Significant",-1.31232092700274
"Lcu.1GRN.Chr2p86460714",2,86460714,3.84439823463271e-08,0.458333333333333,NA,3.94246555179482e-05,"GLM","NYC","DTF_Sask_2017",7.41517163085122,4.40423209273103,"Significant",-1.3605668067238
"Lcu.1GRN.Chr1p437708442",1,437708442,3.88185782399256e-08,0.0972222222222222,NA,3.94933801904657e-05,"GLM","NYC","DTF_Sask_2017",7.41096037502345,4.40347569393519,"Significant",2.38559904639942
"Lcu.1GRN.Chr2p561729565",2,561729565,3.88910873569226e-08,0.449074074074074,NA,3.94933801904657e-05,"GLM","NYC","DTF_Sask_2017",7.41014991423208,4.40347569393519,"Significant",-1.39801491473824
"Lcu.1GRN.Chr4p1361589",4,1361589,3.89657962548332e-08,0.154320987654321,NA,3.94933801904657e-05,"GLM","NYC","DTF_Sask_2017",7.40931644465136,4.40347569393519,"Significant",-1.87606663118754
"Lcu.1GRN.Chr1p446409683",1,446409683,3.90723972920712e-08,0.25462962962963,NA,3.94933801904657e-05,"GLM","NYC","DTF_Sask_2017",7.40812994176272,4.40347569393519,"Significant",1.58404443405811
"Lcu.1GRN.Chr2p63176494",2,63176494,3.9098055408007e-08,0.280864197530864,NA,3.94933801904657e-05,"GLM","NYC","DTF_Sask_2017",7.40784484226075,4.40347569393519,"Significant",1.42587228727575
"Lcu.1GRN.Chr2p47823651",2,47823651,3.93250887397921e-08,0.345679012345679,NA,3.95769126090021e-05,"GLM","NYC","DTF_Sask_2017",7.40533028868793,4.40255808807737,"Significant",1.6971936250205
"Lcu.1GRN.Chr2p44486352",2,44486352,3.95214028312728e-08,0.0802469135802469,NA,3.95769126090021e-05,"GLM","NYC","DTF_Sask_2017",7.40316764831852,4.40255808807737,"Significant",2.20971759689678
"Lcu.1GRN.Chr1p559270308",1,559270308,3.95337314202187e-08,0.242283950617284,NA,3.95769126090021e-05,"GLM","NYC","DTF_Sask_2017",7.4030321925194,4.40255808807737,"Significant",1.52807613442667
"Lcu.1GRN.Chr5p2102310",5,2102310,3.95766083914973e-08,0.117283950617284,NA,0.00110935541956856,"FarmCPU","NYC","DTF_Nepal_2017",7.40256142639971,2.95492929061546,"Significant",-2.59911082050266
"Lcu.1GRN.Chr1p559940276",1,559940276,4.03590765997779e-08,0.21141975308642,NA,4.01749616599499e-05,"GLM","NYC","DTF_Sask_2017",7.39405877881294,4.39604452902336,"Significant",1.59647271739024
"Lcu.1GRN.Chr2p63862067",2,63862067,4.04646695613812e-08,0.202160493827161,NA,4.01749616599499e-05,"GLM","NYC","DTF_Sask_2017",7.39292400174998,4.39604452902336,"Significant",1.60760835778038
"Lcu.1GRN.Chr5p455448855",5,455448855,4.04894416001659e-08,0.427469135802469,NA,4.01749616599499e-05,"GLM","NYC","DTF_Sask_2017",7.39265821265216,4.39604452902336,"Significant",-1.45547990770616
"Lcu.1GRN.Chr1p364634077",1,364634077,4.09878862478025e-08,0.5,NA,3.16711150075848e-05,"MLM","NYC","Cotyledon_RedvsYellow",7.3873444777456,4.49933664666544,"Significant",-0.2050485129021
"Lcu.1GRN.Chr1p103469075",1,103469075,4.10522023364569e-08,0.114516129032258,NA,3.16711150075848e-05,"MLM","NYC","Cotyledon_RedvsYellow",7.38666353922872,4.49933664666544,"Significant",0.3018407050629
"Lcu.1GRN.Chr1p446542207",1,446542207,4.16476227777017e-08,0.270061728395062,NA,4.12026056790212e-05,"GLM","NYC","DTF_Sask_2017",7.3804097828284,4.38507531803878,"Significant",1.51492211865241
"Lcu.1GRN.Chr2p43812707",2,43812707,4.21873904793411e-08,0.251543209876543,NA,4.12277452490928e-05,"GLM","NYC","DTF_Sask_2017",7.37481733727449,4.38481041617253,"Significant",1.49511138087095
"Lcu.1GRN.Chr2p43812709",2,43812709,4.21873904793411e-08,0.251543209876543,NA,4.12277452490928e-05,"GLM","NYC","DTF_Sask_2017",7.37481733727449,4.38481041617253,"Significant",1.49511138087095
"Lcu.1GRN.Chr1p537083456",1,537083456,4.23355588574995e-08,0.234567901234568,NA,4.12277452490928e-05,"GLM","NYC","DTF_Sask_2017",7.37329470287883,4.38481041617253,"Significant",-1.67206654084876
"Lcu.1GRN.Chr1p537083527",1,537083527,4.23355588574995e-08,0.234567901234568,NA,4.12277452490928e-05,"GLM","NYC","DTF_Sask_2017",7.37329470287883,4.38481041617253,"Significant",-1.67206654084876
"Lcu.1GRN.Chr6p420993340",6,420993340,4.24041290846159e-08,0.212962962962963,NA,4.12277452490928e-05,"GLM","NYC","DTF_Sask_2017",7.37259185210177,4.38481041617253,"Significant",-1.75645012228304
"Lcu.1GRN.Chr2p48675467",2,48675467,4.24279222665592e-08,0.354938271604938,NA,4.12277452490928e-05,"GLM","NYC","DTF_Sask_2017",7.37234823550329,4.38481041617253,"Significant",1.69680135887316
"Lcu.1GRN.Chr7p4845669",7,4845669,4.25793479961047e-08,0.118827160493827,NA,0.00204604107820082,"FarmCPU","NYC","DTF_Sask_2017",7.37080099305885,2.68908565124123,"Significant",0.975739136816406
"Lcu.1GRN.Chr2p65058543",2,65058543,4.2768951090836e-08,0.25,NA,4.12277452490928e-05,"GLM","NYC","DTF_Sask_2017",7.36887140069123,4.38481041617253,"Significant",1.48390530606449
"Lcu.1GRN.Chr2p14060760",2,14060760,4.28863501599873e-08,0.058641975308642,NA,4.12277452490928e-05,"GLM","NYC","DTF_Sask_2017",7.3676809127916,4.38481041617253,"Significant",2.57312334478428
"Lcu.1GRN.Chr2p561528064",2,561528064,4.30534389130116e-08,0.0709876543209876,NA,4.12277452490928e-05,"GLM","NYC","DTF_Sask_2017",7.3659921533556,4.38481041617253,"Significant",2.44308510459399
"Lcu.1GRN.Chr2p561717594",2,561717594,4.30534389130116e-08,0.0709876543209876,NA,4.12277452490928e-05,"GLM","NYC","DTF_Sask_2017",7.3659921533556,4.38481041617253,"Significant",2.44308510459399
"Lcu.1GRN.Chr2p561727775",2,561727775,4.30534389130116e-08,0.0709876543209876,NA,4.12277452490928e-05,"GLM","NYC","DTF_Sask_2017",7.3659921533556,4.38481041617253,"Significant",2.44308510459399
"Lcu.1GRN.Chr1p538135576",1,538135576,4.33150389648401e-08,0.237654320987654,NA,4.12277452490928e-05,"GLM","NYC","DTF_Sask_2017",7.36336129058721,4.38481041617253,"Significant",-1.66577024979924
"Lcu.1GRN.Chr6p40023007",6,40023007,4.3359597991413e-08,0.388888888888889,NA,4.12277452490928e-05,"GLM","NYC","DTF_Sask_2017",7.36291475301304,4.38481041617253,"Significant",-1.43349601507396
"Lcu.1GRN.Chr4p390294343",4,390294343,4.35052299306501e-08,0.476851851851852,NA,4.12277452490928e-05,"GLM","NYC","DTF_Sask_2017",7.36145853170067,4.38481041617253,"Significant",1.4602507841482
"Lcu.1GRN.Chr4p1361588",4,1361588,4.35115500730688e-08,0.154320987654321,NA,4.12277452490928e-05,"GLM","NYC","DTF_Sask_2017",7.36139544494931,4.38481041617253,"Significant",-1.86636768189246
"Lcu.1GRN.Chr2p63174448",2,63174448,4.39158374038369e-08,0.280864197530864,NA,4.13776988235753e-05,"GLM","NYC","DTF_Sask_2017",7.35737883154107,4.38323366582139,"Significant",1.41600924099264
"Lcu.1GRN.Chr2p63174474",2,63174474,4.39158374038369e-08,0.280864197530864,NA,4.13776988235753e-05,"GLM","NYC","DTF_Sask_2017",7.35737883154107,4.38323366582139,"Significant",1.41600924099264
"Lcu.1GRN.Chr2p79926599",2,79926599,4.41422017635823e-08,0.229938271604938,NA,4.14284870387431e-05,"GLM","NYC","DTF_Sask_2017",7.35514600851178,4.38270092677226,"Significant",1.55890887351629
"Lcu.1GRN.Chr2p48676656",2,48676656,4.4250020613025e-08,0.351851851851852,NA,4.14284870387431e-05,"GLM","NYC","DTF_Sask_2017",7.35408652265834,4.38270092677226,"Significant",1.67037227209471
"Lcu.1GRN.Chr2p51670153",2,51670153,4.45923477369414e-08,0.219135802469136,NA,4.14284870387431e-05,"GLM","NYC","DTF_Sask_2017",7.35073966193257,4.38270092677226,"Significant",1.73193144910195
"Lcu.1GRN.Chr1p445786371",1,445786371,4.46658361846289e-08,0.274691358024691,NA,4.14284870387431e-05,"GLM","NYC","DTF_Sask_2017",7.35002453121574,4.38270092677226,"Significant",1.51087919001748
"Lcu.1GRN.Chr1p363513735",1,363513735,4.48312429234876e-08,0.0741935483870968,NA,3.45074386463267e-05,"MLM","NYC","Cotyledon_RedvsYellow",7.3484192203729,4.46208727551145,"Significant",-0.240339671798683
"Lcu.1GRN.Chr2p44193346",2,44193346,4.4923879592045e-08,0.0725308641975309,NA,4.14284870387431e-05,"GLM","NYC","DTF_Sask_2017",7.34752274545015,4.38270092677226,"Significant",2.33402927029289
"Lcu.1GRN.Chr1p437611660",1,437611660,4.49717884355986e-08,0.109567901234568,NA,4.14284870387431e-05,"GLM","NYC","DTF_Sask_2017",7.34705984108966,4.38270092677226,"Significant",2.30263495317905
"Lcu.1GRN.Chr1p437611661",1,437611661,4.49717884355986e-08,0.109567901234568,NA,4.14284870387431e-05,"GLM","NYC","DTF_Sask_2017",7.34705984108966,4.38270092677226,"Significant",2.30263495317905
"Lcu.1GRN.Chr1p437367605",1,437367605,4.50887565167037e-08,0.12962962962963,NA,4.14284870387431e-05,"GLM","NYC","DTF_Sask_2017",7.34593174174778,4.38270092677226,"Significant",2.20303794173026
"Lcu.1GRN.Chr1p437956256",1,437956256,4.52013864119212e-08,0.101851851851852,NA,4.14284870387431e-05,"GLM","NYC","DTF_Sask_2017",7.34484824435205,4.38270092677226,"Significant",2.31016776978271
"Lcu.1GRN.Chr1p437956265",1,437956265,4.52013864119212e-08,0.101851851851852,NA,4.14284870387431e-05,"GLM","NYC","DTF_Sask_2017",7.34484824435205,4.38270092677226,"Significant",2.31016776978271
"Lcu.1GRN.Chr4p412171997",4,412171997,4.5342375429967e-08,0.0972222222222222,NA,4.14447793376405e-05,"GLM","NYC","DTF_Sask_2017",7.34349573147233,4.38253016831398,"Significant",1.97547033623982
"Lcu.1GRN.Chr1p536092447",1,536092447,4.55912917224031e-08,0.246913580246914,NA,4.15593659154189e-05,"GLM","NYC","DTF_Sask_2017",7.34111810290739,4.38133108723458,"Significant",-1.63912547847329
"Lcu.1GRN.Chr1p24279937",1,24279937,4.60858160903673e-08,0.175925925925926,NA,0.00516724923362286,"MLMM","NYC","DTF_Nepal_2017",7.33643271759352,2.2867405904813,"Significant",5.79313955730113
"Lcu.1GRN.Chr4p5718644",4,5718644,4.6313592143431e-08,0.310185185185185,NA,4.21036866175931e-05,"GLM","NYC","DTF_Sask_2017",7.3342915332456,4.37567987548072,"Significant",-1.41855754110742
"Lcu.1GRN.Chr1p437612502",1,437612502,4.65157800567112e-08,0.103395061728395,NA,4.21735131814981e-05,"GLM","NYC","DTF_Sask_2017",7.33239969164809,4.37496021943126,"Significant",2.31885098968678
"Lcu.1GRN.Chr2p561719193",2,561719193,4.70348917002015e-08,0.0771604938271605,NA,4.24841278430099e-05,"GLM","NYC","DTF_Sask_2017",7.32757985161904,4.37177329295419,"Significant",2.3991221669026
"Lcu.1GRN.Chr2p43812694",2,43812694,4.71109820090636e-08,0.25,NA,4.24841278430099e-05,"GLM","NYC","DTF_Sask_2017",7.32687784297738,4.37177329295419,"Significant",1.49349122677273
"Lcu.1GRN.Chr1p363516854",1,363516854,4.74498451825929e-08,0.0741935483870968,NA,3.64396394395736e-05,"MLM","NYC","Cotyledon_RedvsYellow",7.32376520023259,4.43842592890481,"Significant",-0.240832782374781
"Lcu.1GRN.Chr6p420550105",6,420550105,4.79232790985626e-08,0.145061728395062,NA,4.31010952421022e-05,"GLM","NYC","DTF_Sask_2017",7.31945347347164,4.36551169384025,"Significant",1.66650978699661
"Lcu.1GRN.Chr2p45520372",2,45520372,4.82680564066052e-08,0.212962962962963,NA,4.31940286523498e-05,"GLM","NYC","DTF_Sask_2017",7.31634018841728,4.36457628796709,"Significant",1.63745061797025
"Lcu.1GRN.Chr5p455416233",5,455416233,4.82834367618806e-08,0.41820987654321,NA,4.31940286523498e-05,"GLM","NYC","DTF_Sask_2017",7.3162018248713,4.36457628796709,"Significant",-1.31499324796738
"Lcu.1GRN.Chr1p356198206",1,356198206,4.83164314809918e-08,0.185483870967742,NA,3.69517176079438e-05,"MLM","NYC","Cotyledon_RedvsYellow",7.31590514900083,4.43236536970988,"Significant",-0.236282057477092
"Lcu.1GRN.Chr1p351348070",1,351348070,4.83363580478919e-08,0.198387096774194,NA,3.69517176079438e-05,"MLM","NYC","Cotyledon_RedvsYellow",7.31572607505557,4.43236536970988,"Significant",-0.205576094757361
"Lcu.1GRN.Chr2p561528088",2,561528088,4.90485974649994e-08,0.0725308641975309,NA,4.34643964961892e-05,"GLM","NYC","DTF_Sask_2017",7.3093734066718,4.36186634618247,"Significant",2.41853837408092
"Lcu.1GRN.Chr6p424247915",6,424247915,4.92157370132837e-08,0.216049382716049,NA,4.34643964961892e-05,"GLM","NYC","DTF_Sask_2017",7.30789600688245,4.36186634618247,"Significant",1.44336953721987
"Lcu.1GRN.Chr2p48483953",2,48483953,4.92570941240679e-08,0.342592592592593,NA,4.34643964961892e-05,"GLM","NYC","DTF_Sask_2017",7.30753121253563,4.36186634618247,"Significant",1.67735140637976
"Lcu.1GRN.Chr2p64327706",2,64327706,4.93671202060692e-08,0.253086419753086,NA,4.34643964961892e-05,"GLM","NYC","DTF_Sask_2017",7.30656220628444,4.36186634618247,"Significant",1.46771443995169
"Lcu.1GRN.Chr2p65263036",2,65263036,4.93671202060692e-08,0.253086419753086,NA,4.34643964961892e-05,"GLM","NYC","DTF_Sask_2017",7.30656220628444,4.36186634618247,"Significant",1.46771443995169
"Lcu.1GRN.Chr2p14111309",2,14111309,4.98778329845943e-08,0.0617283950617284,NA,4.34643964961892e-05,"GLM","NYC","DTF_Sask_2017",7.30209242334259,4.36186634618247,"Significant",2.50576531821378
"Lcu.1GRN.Chr2p14111852",2,14111852,4.98778329845943e-08,0.0617283950617284,NA,4.34643964961892e-05,"GLM","NYC","DTF_Sask_2017",7.30209242334259,4.36186634618247,"Significant",2.50576531821378
"Lcu.1GRN.Chr2p14162561",2,14162561,4.98778329845943e-08,0.0617283950617284,NA,4.34643964961892e-05,"GLM","NYC","DTF_Sask_2017",7.30209242334259,4.36186634618247,"Significant",2.50576531821378
"Lcu.1GRN.Chr2p14165859",2,14165859,4.98778329845943e-08,0.0617283950617284,NA,4.34643964961892e-05,"GLM","NYC","DTF_Sask_2017",7.30209242334259,4.36186634618247,"Significant",2.50576531821378
"Lcu.1GRN.Chr2p14200760",2,14200760,4.98778329845943e-08,0.0617283950617284,NA,4.34643964961892e-05,"GLM","NYC","DTF_Sask_2017",7.30209242334259,4.36186634618247,"Significant",2.50576531821378
"Lcu.1GRN.Chr2p43311657",2,43311657,5.00455248214791e-08,0.118827160493827,NA,4.34978373323681e-05,"GLM","NYC","DTF_Sask_2017",7.3006347519955,4.36153233518254,"Significant",2.21294816368641
"Lcu.1GRN.Chr1p559940231",1,559940231,5.07572302903051e-08,0.260802469135803,NA,4.39725898600804e-05,"GLM","NYC","DTF_Sask_2017",7.29450208441924,4.35681795492115,"Significant",1.53116732394545
"Lcu.1GRN.Chr2p48573048",2,48573048,5.09253246730652e-08,0.339506172839506,NA,4.39725898600804e-05,"GLM","NYC","DTF_Sask_2017",7.29306619348595,4.35681795492115,"Significant",1.7138747526345
"Lcu.1GRN.Chr2p47375141",2,47375141,5.10960208802271e-08,0.475308641975309,NA,4.39725898600804e-05,"GLM","NYC","DTF_Sask_2017",7.29161291937697,4.35681795492115,"Significant",1.54450870724862
"Lcu.1GRN.Chr2p610714333",2,610714333,5.11146534448726e-08,0.148148148148148,NA,4.39725898600804e-05,"GLM","NYC","DTF_Sask_2017",7.29145457935716,4.35681795492115,"Significant",2.18724549638301
"Lcu.1GRN.Chr2p45520255",2,45520255,5.14943255306696e-08,0.183641975308642,NA,4.41862035606498e-05,"GLM","NYC","DTF_Sask_2017",7.28824062584223,4.35471331103081,"Significant",1.73436493998656
"Lcu.1GRN.Chr1p363517540",1,363517540,5.15439333172241e-08,0.12258064516129,NA,3.9260592604029e-05,"MLM","NYC","Cotyledon_RedvsYellow",7.2878224435114,4.40604314939426,"Significant",-0.26508666467919
"Lcu.1GRN.Chr4p20270748",4,20270748,5.15900249756391e-08,0.491935483870968,NA,3.9260592604029e-05,"MLM","NYC","Cotyledon_RedvsYellow",7.28743426187704,4.40604314939426,"Significant",-0.162971523320611
"Lcu.1GRN.Chr2p63862075",2,63862075,5.17602221831063e-08,0.25,NA,4.42771600950988e-05,"GLM","NYC","DTF_Sask_2017",7.28600386810655,4.35382024223279,"Significant",1.47054394977701
"Lcu.1GRN.Chr1p363513801",1,363513801,5.17856622363327e-08,0.0645161290322581,NA,3.93205143328409e-05,"MLM","NYC","Cotyledon_RedvsYellow",7.28579046561316,4.40538081000435,"Significant",-0.287581333334622
"Lcu.1GRN.Chr6p40076105",6,40076105,5.19609709822464e-08,0.416666666666667,NA,4.42771600950988e-05,"GLM","NYC","DTF_Sask_2017",7.28432274196599,4.35382024223279,"Significant",1.30221200001994
"Lcu.1GRN.Chr1p437956275",1,437956275,5.19952261594153e-08,0.104938271604938,NA,4.42771600950988e-05,"GLM","NYC","DTF_Sask_2017",7.28403652843821,4.35382024223279,"Significant",2.28597945642235
"Lcu.1GRN.Chr1p361518129",1,361518129,5.25209330294575e-08,0.0758064516129032,NA,3.96105575791917e-05,"MLM","NYC","Cotyledon_RedvsYellow",7.27966756731322,4.40218904419349,"Significant",-0.237901719681789
"Lcu.1GRN.Chr1p364455902",1,364455902,5.25209330294575e-08,0.0758064516129032,NA,3.96105575791917e-05,"MLM","NYC","Cotyledon_RedvsYellow",7.27966756731322,4.40218904419349,"Significant",-0.237901719681789
"Lcu.1GRN.Chr1p364455989",1,364455989,5.25209330294575e-08,0.0758064516129032,NA,3.96105575791917e-05,"MLM","NYC","Cotyledon_RedvsYellow",7.27966756731322,4.40218904419349,"Significant",-0.237901719681789
"Lcu.1GRN.Chr2p48311792",2,48311792,5.28068589471176e-08,0.146604938271605,NA,4.44074471707626e-05,"GLM","NYC","DTF_Sask_2017",7.27730966440895,4.35254419218362,"Significant",1.97245525889355
"Lcu.1GRN.Chr4p302779352",4,302779352,5.28596218373695e-08,0.265432098765432,NA,4.44074471707626e-05,"GLM","NYC","DTF_Sask_2017",7.27687594817614,4.35254419218362,"Significant",2.4776908967138
"Lcu.1GRN.Chr2p48991602",2,48991602,5.28675244289565e-08,0.137345679012346,NA,4.44074471707626e-05,"GLM","NYC","DTF_Sask_2017",7.27681102536215,4.35254419218362,"Significant",2.88498741020135
"Lcu.1GRN.Chr2p85992834",2,85992834,5.29516706848839e-08,0.438271604938272,NA,4.44074471707626e-05,"GLM","NYC","DTF_Sask_2017",7.27612033286,4.35254419218362,"Significant",1.40683912987049
"Lcu.1GRN.Chr6p40077356",6,40077356,5.32916625982253e-08,0.445987654320988,NA,4.44074471707626e-05,"GLM","NYC","DTF_Sask_2017",7.27334073038826,4.35254419218362,"Significant",1.36341824915104
"Lcu.1GRN.Chr1p359675688",1,359675688,5.34892349452157e-08,0.22258064516129,NA,4.02505894649158e-05,"MLM","NYC","Cotyledon_RedvsYellow",7.27173361376038,4.39522775506044,"Significant",-0.212309804592783
"Lcu.1GRN.Chr3p389084966",3,389084966,5.36040433554227e-08,0.095679012345679,NA,4.44074471707626e-05,"GLM","NYC","DTF_Sask_2017",7.27080245021919,4.35254419218362,"Significant",1.98972347007015
"Lcu.1GRN.Chr3p387941231",3,387941231,5.40582079525271e-08,0.0895061728395061,NA,4.44074471707626e-05,"GLM","NYC","DTF_Sask_2017",7.26713835540438,4.35254419218362,"Significant",2.12421974298371
"Lcu.1GRN.Chr2p51457410",2,51457410,5.43267582988705e-08,0.143518518518518,NA,4.44074471707626e-05,"GLM","NYC","DTF_Sask_2017",7.26498620873244,4.35254419218362,"Significant",1.76800967761281
"Lcu.1GRN.Chr1p445787353",1,445787353,5.44992769298295e-08,0.256172839506173,NA,4.44074471707626e-05,"GLM","NYC","DTF_Sask_2017",7.26360925969525,4.35254419218362,"Significant",1.56680757548011
"Lcu.1GRN.Chr1p446412701",1,446412701,5.44992769298295e-08,0.256172839506173,NA,4.44074471707626e-05,"GLM","NYC","DTF_Sask_2017",7.26360925969525,4.35254419218362,"Significant",1.56680757548011
"Lcu.1GRN.Chr1p446413390",1,446413390,5.44992769298295e-08,0.256172839506173,NA,4.44074471707626e-05,"GLM","NYC","DTF_Sask_2017",7.26360925969525,4.35254419218362,"Significant",1.56680757548011
"Lcu.1GRN.Chr1p446440597",1,446440597,5.44992769298295e-08,0.256172839506173,NA,4.44074471707626e-05,"GLM","NYC","DTF_Sask_2017",7.26360925969525,4.35254419218362,"Significant",1.56680757548011
"Lcu.1GRN.Chr1p367887183",1,367887183,5.48112993309414e-08,0.370967741935484,NA,4.11533757188633e-05,"MLM","NYC","Cotyledon_RedvsYellow",7.26112990262458,4.38559453479085,"Significant",-0.170826936216323
"Lcu.1GRN.Chr1p542936771",1,542936771,5.50742513869828e-08,0.0725308641975309,NA,4.44074471707626e-05,"GLM","NYC","DTF_Sask_2017",7.259051397413,4.35254419218362,"Significant",2.21980721259723
"Lcu.1GRN.Chr1p542938449",1,542938449,5.50742513869828e-08,0.0725308641975309,NA,4.44074471707626e-05,"GLM","NYC","DTF_Sask_2017",7.259051397413,4.35254419218362,"Significant",2.21980721259723
"Lcu.1GRN.Chr1p542984723",1,542984723,5.50742513869828e-08,0.0725308641975309,NA,4.44074471707626e-05,"GLM","NYC","DTF_Sask_2017",7.259051397413,4.35254419218362,"Significant",2.21980721259723
"Lcu.1GRN.Chr1p543105172",1,543105172,5.50742513869828e-08,0.0725308641975309,NA,4.44074471707626e-05,"GLM","NYC","DTF_Sask_2017",7.259051397413,4.35254419218362,"Significant",2.21980721259723
"Lcu.1GRN.Chr1p543105755",1,543105755,5.50742513869828e-08,0.0725308641975309,NA,4.44074471707626e-05,"GLM","NYC","DTF_Sask_2017",7.259051397413,4.35254419218362,"Significant",2.21980721259723
"Lcu.1GRN.Chr1p543155255",1,543155255,5.50742513869828e-08,0.0725308641975309,NA,4.44074471707626e-05,"GLM","NYC","DTF_Sask_2017",7.259051397413,4.35254419218362,"Significant",2.21980721259723
"Lcu.1GRN.Chr1p543164825",1,543164825,5.50742513869828e-08,0.0725308641975309,NA,4.44074471707626e-05,"GLM","NYC","DTF_Sask_2017",7.259051397413,4.35254419218362,"Significant",2.21980721259723
"Lcu.1GRN.Chr1p543173381",1,543173381,5.50742513869828e-08,0.0725308641975309,NA,4.44074471707626e-05,"GLM","NYC","DTF_Sask_2017",7.259051397413,4.35254419218362,"Significant",2.21980721259723
"Lcu.1GRN.Chr1p543272314",1,543272314,5.50742513869828e-08,0.0725308641975309,NA,4.44074471707626e-05,"GLM","NYC","DTF_Sask_2017",7.259051397413,4.35254419218362,"Significant",2.21980721259723
"Lcu.1GRN.Chr6p1280503",6,1280503,5.52388407357962e-08,0.0540123456790124,NA,4.44074471707626e-05,"GLM","NYC","DTF_Sask_2017",7.25775544427389,4.35254419218362,"Significant",2.57914932527751
"Lcu.1GRN.Chr6p1283585",6,1283585,5.52388407357962e-08,0.0540123456790124,NA,4.44074471707626e-05,"GLM","NYC","DTF_Sask_2017",7.25775544427389,4.35254419218362,"Significant",2.57914932527751
"Lcu.1GRN.Chr1p540116154",1,540116154,5.53167235922356e-08,0.0879629629629629,NA,4.44074471707626e-05,"GLM","NYC","DTF_Sask_2017",7.2571435510492,4.35254419218362,"Significant",2.08475845002636
"Lcu.1GRN.Chr5p456049375",5,456049375,5.57015063745484e-08,0.353395061728395,NA,4.45918277845089e-05,"GLM","NYC","DTF_Sask_2017",7.25413305973995,4.35074472589086,"Significant",-1.44713043546504
"Lcu.1GRN.Chr7p647926344",7,647926344,5.58115376873422e-08,0.0570987654320988,NA,4.45918277845089e-05,"GLM","NYC","DTF_Sask_2017",7.25327601188707,4.35074472589086,"Significant",2.68137297538783
"Lcu.1GRN.Chr1p572593674",1,572593674,5.59810687750305e-08,0.483024691358025,NA,4.46212894802149e-05,"GLM","NYC","DTF_Sask_2017",7.25195881436097,4.35045788349077,"Significant",1.3775134606505
"Lcu.1GRN.Chr2p51670863",2,51670863,5.63153384824467e-08,0.135802469135803,NA,4.4752676725702e-05,"GLM","NYC","DTF_Sask_2017",7.24937330122277,4.34918098375732,"Significant",1.75769626953465
"Lcu.1GRN.Chr2p86834654",2,86834654,5.64119991904605e-08,0.425925925925926,NA,4.4752676725702e-05,"GLM","NYC","DTF_Sask_2017",7.24862850899646,4.34918098375732,"Significant",-1.29527070004936
"Lcu.1GRN.Chr1p537006543",1,537006543,5.66009113015831e-08,0.24537037037037,NA,4.47968911335991e-05,"GLM","NYC","DTF_Sask_2017",7.24717657640779,4.34875212462623,"Significant",-1.61601117196113
"Lcu.1GRN.Chr6p40077295",6,40077295,5.67998003596499e-08,0.49537037037037,NA,4.48487756985314e-05,"GLM","NYC","DTF_Sask_2017",7.24565319074769,4.34824940801854,"Significant",-1.297788157464
"Lcu.1GRN.Chr1p358910834",1,358910834,5.69511748887733e-08,0.232258064516129,NA,4.26648014338798e-05,"MLM","NYC","Cotyledon_RedvsYellow",7.24449731210379,4.36993027127524,"Significant",-0.224687381220277
"Lcu.1GRN.Chr2p63097240",2,63097240,5.72695624916907e-08,0.277777777777778,NA,4.50271567330456e-05,"GLM","NYC","DTF_Sask_2017",7.24207613464763,4.34652547595811,"Significant",1.41299143504159
"Lcu.1GRN.Chr2p86103472",2,86103472,5.72934416329293e-08,0.441358024691358,NA,4.50271567330456e-05,"GLM","NYC","DTF_Sask_2017",7.24189508877681,4.34652547595811,"Significant",-1.39123950849392
"Lcu.1GRN.Chr4p317703417",4,317703417,5.78599711365908e-08,0.192901234567901,NA,4.53663983946425e-05,"GLM","NYC","DTF_Sask_2017",7.2376217873355,4.34326569768835,"Significant",2.69670827092722
"Lcu.1GRN.Chr5p455415359",5,455415359,5.8328703222615e-08,0.479938271604938,NA,4.56275602718171e-05,"GLM","NYC","DTF_Sask_2017",7.23411767879925,4.34077275254696,"Significant",1.42380951424504
"Lcu.1GRN.Chr4p14484871",4,14484871,5.84480868909686e-08,0.0725308641975309,NA,0.00218444529369494,"BLINK","NYC","DTF_Sask_2017",7.23322969949432,2.66065882710177,"Significant",-1.20020493073955
"Lcu.1GRN.Chr2p44640760",2,44640760,5.86017097447173e-08,0.108024691358025,NA,4.57347594006991e-05,"GLM","NYC","DTF_Sask_2017",7.23208971296034,4.33975360128919,"Significant",2.1202132837044
"Lcu.1GRN.Chr1p361401636",1,361401636,5.8786006616653e-08,0.067741935483871,NA,4.39414948613861e-05,"MLM","NYC","Cotyledon_RedvsYellow",7.23072604080185,4.35712517274532,"Significant",-0.250063506782737
"Lcu.1GRN.Chr1p535824509",1,535824509,5.89528068637547e-08,0.242283950617284,NA,4.59022657091217e-05,"GLM","NYC","DTF_Sask_2017",7.22949551242776,4.33816587741079,"Significant",-1.63686183278566
"Lcu.1GRN.Chr1p364568878",1,364568878,5.93860788789527e-08,0.474193548387097,NA,4.42916124041611e-05,"MLM","NYC","Cotyledon_RedvsYellow",7.22631534920441,4.3536785092505,"Significant",-0.171090465001596
"Lcu.1GRN.Chr5p459385447",5,459385447,5.9549764301863e-08,0.143518518518518,NA,4.62599897665698e-05,"GLM","NYC","DTF_Sask_2017",7.2251199531166,4.33479446763809,"Significant",-1.71644239553979
"Lcu.1GRN.Chr2p45088038",2,45088038,5.9792176340764e-08,0.115740740740741,NA,4.63412787539488e-05,"GLM","NYC","DTF_Sask_2017",7.22335563865908,4.33403198633971,"Significant",2.76381752771533
"Lcu.1GRN.Chr3p345919091",3,345919091,5.99695211035701e-08,0.398148148148148,NA,4.63445085182658e-05,"GLM","NYC","DTF_Sask_2017",7.22206941927807,4.33400171915717,"Significant",1.49430873858363
"Lcu.1GRN.Chr2p14200756",2,14200756,6.00719027549191e-08,0.0601851851851852,NA,4.63445085182658e-05,"GLM","NYC","DTF_Sask_2017",7.22132861172046,4.33400171915717,"Significant",2.52787979007348
"Lcu.1GRN.Chr5p3022920",5,3022920,6.05429742301015e-08,0.41358024691358,NA,4.63971838418943e-05,"GLM","NYC","DTF_Sask_2017",7.21793624773371,4.33350837890723,"Significant",1.42408677976131
"Lcu.1GRN.Chr2p14058220",2,14058220,6.07682967766536e-08,0.0632716049382716,NA,4.63971838418943e-05,"GLM","NYC","DTF_Sask_2017",7.21632293595591,4.33350837890723,"Significant",2.49135218018819
"Lcu.1GRN.Chr1p543172863",1,543172863,6.11642535174615e-08,0.0895061728395061,NA,4.63971838418943e-05,"GLM","NYC","DTF_Sask_2017",7.21350232026874,4.33350837890723,"Significant",2.17880578728494
"Lcu.1GRN.Chr2p63096621",2,63096621,6.13816064288202e-08,0.280864197530864,NA,4.63971838418943e-05,"GLM","NYC","DTF_Sask_2017",7.21196174975818,4.33350837890723,"Significant",1.40511563954821
"Lcu.1GRN.Chr2p63108475",2,63108475,6.13816064288202e-08,0.280864197530864,NA,4.63971838418943e-05,"GLM","NYC","DTF_Sask_2017",7.21196174975818,4.33350837890723,"Significant",1.40511563954821
"Lcu.1GRN.Chr2p63174041",2,63174041,6.13816064288202e-08,0.280864197530864,NA,4.63971838418943e-05,"GLM","NYC","DTF_Sask_2017",7.21196174975818,4.33350837890723,"Significant",1.40511563954821
"Lcu.1GRN.Chr2p63174310",2,63174310,6.13816064288202e-08,0.280864197530864,NA,4.63971838418943e-05,"GLM","NYC","DTF_Sask_2017",7.21196174975818,4.33350837890723,"Significant",1.40511563954821
"Lcu.1GRN.Chr2p63175294",2,63175294,6.13816064288202e-08,0.280864197530864,NA,4.63971838418943e-05,"GLM","NYC","DTF_Sask_2017",7.21196174975818,4.33350837890723,"Significant",1.40511563954821
"Lcu.1GRN.Chr2p63176767",2,63176767,6.13816064288202e-08,0.280864197530864,NA,4.63971838418943e-05,"GLM","NYC","DTF_Sask_2017",7.21196174975818,4.33350837890723,"Significant",1.40511563954821
"Lcu.1GRN.Chr1p367805799",1,367805799,6.16024756761024e-08,0.119354838709677,NA,4.58430087073972e-05,"MLM","NYC","Cotyledon_RedvsYellow",7.21040183408776,4.33872688706727,"Significant",-0.21891616415393
"Lcu.1GRN.Chr4p491731805",4,491731805,6.24443011148335e-08,0.130645161290323,NA,0.00150030015950666,"BLINK","NYC","Cotyledon_RedvsYellow",7.20450719071364,2.82382184456,"Significant",0.0424712828287609
"Lcu.1GRN.Chr6p40077021",6,40077021,6.26575006360656e-08,0.493827160493827,NA,4.72554159561693e-05,"GLM","NYC","DTF_Sask_2017",7.20302693281234,4.3255484096926,"Significant",-1.31139960865056
"Lcu.1GRN.Chr2p49203643",2,49203643,6.29547338722782e-08,0.16358024691358,NA,4.7373366819724e-05,"GLM","NYC","DTF_Sask_2017",7.20097160761632,4.32446574891638,"Significant",-1.96662428146431
"Lcu.1GRN.Chr1p439820276",1,439820276,6.314771633398e-08,0.104938271604938,NA,4.74125176341782e-05,"GLM","NYC","DTF_Sask_2017",7.19964235059533,4.3241069827616,"Significant",2.28517737326757
"Lcu.1GRN.Chr2p48152982",2,48152982,6.37421412404314e-08,0.353395061728395,NA,4.77522334579514e-05,"GLM","NYC","DTF_Sask_2017",7.19557335169874,4.32100631087019,"Significant",1.68563209055628
"Lcu.1GRN.Chr3p268826823",3,268826823,6.39411881910109e-08,0.305555555555556,NA,4.77949014405461e-05,"GLM","NYC","DTF_Sask_2017",7.19421929768577,4.32061842962924,"Significant",1.40020983349183
"Lcu.1GRN.Chr5p1690994",5,1690994,6.41179809124302e-08,0.128086419753086,NA,0.00179726440713095,"MLM","NYC","DTF_Nepal_2017",7.19302016211946,2.74538802633521,"Significant",9.2832454057531
"Lcu.1GRN.Chr1p543167762",1,543167762,6.51098082673409e-08,0.115740740740741,NA,4.85605119234161e-05,"GLM","NYC","DTF_Sask_2017",7.18635358354357,4.31371674358966,"Significant",2.14075472093646
"Lcu.1GRN.Chr6p431598156",6,431598156,6.55182961893851e-08,0.31055900621118,NA,0.000816229360530922,"FarmCPU","NYC","DTF_Sask_2017_b",7.18363740497733,3.08818778730444,"Significant",0.235205695968233
"Lcu.1GRN.Chr7p647947892",7,647947892,6.57284698632173e-08,0.058641975308642,NA,4.89134695187628e-05,"GLM","NYC","DTF_Sask_2017",7.18224647783216,4.31057153081167,"Significant",2.64757118300304
"Lcu.1GRN.Chr5p456050634",5,456050634,6.6239743815116e-08,0.322530864197531,NA,4.91851300394241e-05,"GLM","NYC","DTF_Sask_2017",7.17888135587137,4.30816617605233,"Significant",-1.4300224934323
"Lcu.1GRN.Chr2p2758159",2,2758159,6.67507074637087e-08,0.100308641975309,NA,4.94553639150778e-05,"GLM","NYC","DTF_Sask_2017",7.17554412702771,4.30578659805294,"Significant",2.2291094012985
"Lcu.1GRN.Chr1p361401359",1,361401359,6.71823694837771e-08,0.0596774193548387,NA,4.98850597707498e-05,"MLM","NYC","Cotyledon_RedvsYellow",7.17274468290605,4.30202950308701,"Significant",-0.288417560841589
"Lcu.1GRN.Chr6p3269280",6,3269280,6.72386155026166e-08,0.281055900621118,NA,0.0226168513807686,"MLM","NYC","DTF_Sask_2017_b",7.17238123761454,1.64556785578267,"Significant",-2.09043825601501
"Lcu.1GRN.Chr5p456047890",5,456047890,6.77978968317323e-08,0.342592592592593,NA,4.99631733627452e-05,"GLM","NYC","DTF_Sask_2017",7.1687837782353,4.30134998562693,"Significant",-1.39787940154071
"Lcu.1GRN.Chr2p44270435",2,44270435,6.78711681954759e-08,0.276234567901235,NA,4.99631733627452e-05,"GLM","NYC","DTF_Sask_2017",7.16831467568723,4.30134998562693,"Significant",1.34470196015985
"Lcu.1GRN.Chr2p63862079",2,63862079,6.78817191543003e-08,0.248456790123457,NA,4.99631733627452e-05,"GLM","NYC","DTF_Sask_2017",7.16824716738896,4.30134998562693,"Significant",1.46827924339942
"Lcu.1GRN.Chr3p429446521",3,429446521,6.82555115426127e-08,0.172839506172839,NA,5.00518931404905e-05,"GLM","NYC","DTF_Sask_2017",7.16586227416414,4.30057949131315,"Significant",-1.52491781857677
"Lcu.1GRN.Chr1p543167760",1,543167760,6.82998598301413e-08,0.12037037037037,NA,5.00518931404905e-05,"GLM","NYC","DTF_Sask_2017",7.16558018760776,4.30057949131315,"Significant",2.11786352871525
"Lcu.1GRN.Chr2p579643736",2,579643736,6.93268046145149e-08,0.378086419753086,NA,5.06940201908055e-05,"GLM","NYC","DTF_Sask_2017",7.15909881668086,4.29504326653056,"Significant",1.65192514943101
"Lcu.1GRN.Chr1p540097949",1,540097949,6.97016169038005e-08,0.0817901234567902,NA,5.08575352995242e-05,"GLM","NYC","DTF_Sask_2017",7.15675714723551,4.29364469079329,"Significant",2.09832164715721
"Lcu.1GRN.Chr1p538139644",1,538139644,7.03618336174429e-08,0.243827160493827,NA,5.12281361220745e-05,"GLM","NYC","DTF_Sask_2017",7.15266285142661,4.29049144515086,"Significant",-1.6376739155715
"Lcu.1GRN.Chr7p8380767",7,8380767,7.06347937261003e-08,0.0548387096774193,NA,0.00158394757741781,"BLINK","NYC","Cotyledon_RedvsYellow",7.15098131876446,2.80025919598826,"Significant",0.0493442745952592
"Lcu.1GRN.Chr2p50068622",2,50068622,7.10971292157813e-08,0.256172839506173,NA,5.16516804814789e-05,"GLM","NYC","DTF_Sask_2017",7.14814793500745,4.28691554419352,"Significant",1.58128053139032
"Lcu.1GRN.Chr1p361330343",1,361330343,7.23329935162363e-08,0.0661290322580645,NA,5.32394573962273e-05,"MLM","NYC","Cotyledon_RedvsYellow",7.14066356116196,4.27376637939994,"Significant",-0.250050345645858
"Lcu.1GRN.Chr1p361401711",1,361401711,7.23329935162363e-08,0.0661290322580645,NA,5.32394573962273e-05,"MLM","NYC","Cotyledon_RedvsYellow",7.14066356116196,4.27376637939994,"Significant",-0.250050345645858
"Lcu.1GRN.Chr1p361401865",1,361401865,7.23329935162363e-08,0.0661290322580645,NA,5.32394573962273e-05,"MLM","NYC","Cotyledon_RedvsYellow",7.14066356116196,4.27376637939994,"Significant",-0.250050345645858
"Lcu.1GRN.Chr1p361402694",1,361402694,7.23329935162363e-08,0.0661290322580645,NA,5.32394573962273e-05,"MLM","NYC","Cotyledon_RedvsYellow",7.14066356116196,4.27376637939994,"Significant",-0.250050345645858
"Lcu.1GRN.Chr6p167176504",6,167176504,7.25561361462484e-08,0.186728395061728,NA,5.25980384635886e-05,"GLM","NYC","DTF_Sask_2017",7.1393258529469,4.27903045166991,"Significant",1.58964839468834
"Lcu.1GRN.Chr2p65068960",2,65068960,7.32927152954581e-08,0.243827160493827,NA,5.30177435823384e-05,"GLM","NYC","DTF_Sask_2017",7.13493918858129,4.27557875963937,"Significant",1.48339350212143
"Lcu.1GRN.Chr2p44545877",2,44545877,7.34942880613598e-08,0.066358024691358,NA,0.00190161947633349,"MLM","NYC","DTF_Nepal_2017",7.1337464127502,2.72087638322516,"Significant",10.0067701393829
"Lcu.1GRN.Chr4p439922511",4,439922511,7.35014099417561e-08,0.268518518518518,NA,5.30376441503873e-05,"GLM","NYC","DTF_Sask_2017",7.13370432997633,4.27541577485987,"Significant",1.79099023993894
"Lcu.1GRN.Chr1p538430166",1,538430166,7.36373412358626e-08,0.237654320987654,NA,5.30376441503873e-05,"GLM","NYC","DTF_Sask_2017",7.13290190060581,4.27541577485987,"Significant",-1.63616553595148
"Lcu.1GRN.Chr7p5551045",7,5551045,7.37932599285342e-08,0.0725308641975309,NA,5.30376441503873e-05,"GLM","NYC","DTF_Sask_2017",7.13198330361763,4.27541577485987,"Significant",2.35238324958107
"Lcu.1GRN.Chr1p361279446",1,361279446,7.38650677775207e-08,0.0725806451612904,NA,5.42484088496099e-05,"MLM","NYC","Cotyledon_RedvsYellow",7.13156089933451,4.2656129955065,"Significant",-0.237361690535088
"Lcu.1GRN.Chr2p49101955",2,49101955,7.39796250099198e-08,0.311728395061728,NA,5.3058218604929e-05,"GLM","NYC","DTF_Sask_2017",7.13088787437958,4.27524733526279,"Significant",1.47086565914155
"Lcu.1GRN.Chr1p357375621",1,357375621,7.43610765885505e-08,0.451612903225806,NA,5.44937086031829e-05,"MLM","NYC","Cotyledon_RedvsYellow",7.12865433120404,4.26365363490942,"Significant",-0.188058146019251
"Lcu.1GRN.Chr6p421034657",6,421034657,7.46035793069709e-08,0.145061728395062,NA,5.33918769377614e-05,"GLM","NYC","DTF_Sask_2017",7.12724033558395,4.2725248116878,"Significant",1.83522504582572
"Lcu.1GRN.Chr2p63174726",2,63174726,7.48290380915355e-08,0.279320987654321,NA,5.34395309038971e-05,"GLM","NYC","DTF_Sask_2017",7.12592983748742,4.27213736278444,"Significant",1.40178446685077
"Lcu.1GRN.Chr1p537924942",1,537924942,7.54810192419303e-08,0.270061728395062,NA,5.37909406765898e-05,"GLM","NYC","DTF_Sask_2017",7.12216224406411,4.26929086086632,"Significant",-1.44695772250218
"Lcu.1GRN.Chr1p374024152",1,374024152,7.58989052759879e-08,0.324193548387097,NA,5.54997545021049e-05,"MLM","NYC","Cotyledon_RedvsYellow",7.11976448808379,4.25570893793348,"Significant",-0.20155122937439
"Lcu.1GRN.Chr1p538138331",1,538138331,7.59561360197481e-08,0.291666666666667,NA,5.40150900730541e-05,"GLM","NYC","DTF_Sask_2017",7.1194371364572,4.26748489536313,"Significant",-1.55800004256409
"Lcu.1GRN.Chr5p458061435",5,458061435,7.68755787008935e-08,0.496913580246914,NA,5.42493280146974e-05,"GLM","NYC","DTF_Sask_2017",7.11421160193967,4.26560563704287,"Significant",1.35217261984282
"Lcu.1GRN.Chr4p412156388",4,412156388,7.69306426106326e-08,0.095679012345679,NA,5.42493280146974e-05,"GLM","NYC","DTF_Sask_2017",7.11390063983463,4.26560563704287,"Significant",1.96138638362152
"Lcu.1GRN.Chr4p412156400",4,412156400,7.69306426106326e-08,0.095679012345679,NA,5.42493280146974e-05,"GLM","NYC","DTF_Sask_2017",7.11390063983463,4.26560563704287,"Significant",1.96138638362152
"Lcu.1GRN.Chr4p412173114",4,412173114,7.69306426106326e-08,0.095679012345679,NA,5.42493280146974e-05,"GLM","NYC","DTF_Sask_2017",7.11390063983463,4.26560563704287,"Significant",1.96138638362152
"Lcu.1GRN.Chr1p541591048",1,541591048,7.78841080407219e-08,0.257716049382716,NA,5.46354893515366e-05,"GLM","NYC","DTF_Sask_2017",7.10855114944317,4.2625251627416,"Significant",-1.67939492966875
"Lcu.1GRN.Chr1p488887977",1,488887977,7.79323419696418e-08,0.0725308641975309,NA,5.46354893515366e-05,"GLM","NYC","DTF_Sask_2017",7.10828227244285,4.2625251627416,"Significant",2.50136715861726
"Lcu.1GRN.Chr1p535832908",1,535832908,7.79655402840873e-08,0.239197530864197,NA,5.46354893515366e-05,"GLM","NYC","DTF_Sask_2017",7.10809730719788,4.2625251627416,"Significant",-1.63012027753061
"Lcu.1GRN.Chr1p488887945",1,488887945,7.83303782573329e-08,0.0725308641975309,NA,5.47770360567241e-05,"GLM","NYC","DTF_Sask_2017",7.10606977624463,4.26140147078659,"Significant",2.52756645575636
"Lcu.1GRN.Chr1p363513837",1,363513837,7.92907197707779e-08,0.0870967741935483,NA,5.78541898853303e-05,"MLM","NYC","Cotyledon_RedvsYellow",7.1007776397718,4.23766518332958,"Significant",-0.340041479901336
"Lcu.1GRN.Chr2p63174486",2,63174486,7.93675756935833e-08,0.282407407407407,NA,5.53872060857334e-05,"GLM","NYC","DTF_Sask_2017",7.10035688514704,4.25659054155402,"Significant",1.38992032317942
"Lcu.1GRN.Chr3p324331258",3,324331258,8.0103227280773e-08,0.238709677419355,NA,0.00168400514067198,"BLINK","NYC","Cotyledon_RedvsYellow",7.09634998626287,2.77365658708692,"Significant",0.0385567470239366
"Lcu.1GRN.Chr2p81000458",2,81000458,8.07715591932131e-08,0.214506172839506,NA,5.62502837497796e-05,"GLM","NYC","DTF_Sask_2017",7.0927415335298,4.24987528244944,"Significant",1.50983986800676
"Lcu.1GRN.Chr2p63023926",2,63023926,8.13350429406695e-08,0.285493827160494,NA,5.64834870028272e-05,"GLM","NYC","DTF_Sask_2017",7.08972229971008,4.2480784999991,"Significant",1.39187332198823
"Lcu.1GRN.Chr4p5717677",4,5717677,8.14422675124825e-08,0.310185185185185,NA,5.64834870028272e-05,"GLM","NYC","DTF_Sask_2017",7.08915014322871,4.2480784999991,"Significant",-1.3917644340374
"Lcu.1GRN.Chr2p63174579",2,63174579,8.30170365278176e-08,0.268518518518518,NA,5.73550961392212e-05,"GLM","NYC","DTF_Sask_2017",7.08083277375908,4.2414279879316,"Significant",1.41444293546927
"Lcu.1GRN.Chr2p45342800",2,45342800,8.32939721035705e-08,0.291666666666667,NA,5.73550961392212e-05,"GLM","NYC","DTF_Sask_2017",7.0793864268871,4.2414279879316,"Significant",1.44104481966265
"Lcu.1GRN.Chr4p412171023",4,412171023,8.33333314030174e-08,0.0972222222222222,NA,5.73550961392212e-05,"GLM","NYC","DTF_Sask_2017",7.07918125610753,4.2414279879316,"Significant",1.94833405273664
"Lcu.1GRN.Chr2p44268354",2,44268354,8.33810748738109e-08,0.274691358024691,NA,5.73550961392212e-05,"GLM","NYC","DTF_Sask_2017",7.07893251063985,4.2414279879316,"Significant",1.32663177660307
"Lcu.1GRN.Chr4p390522339",4,390522339,8.37898365130555e-08,0.109567901234568,NA,5.75186447722182e-05,"GLM","NYC","DTF_Sask_2017",7.07680865695428,4.24019135515092,"Significant",1.92858518634642
"Lcu.1GRN.Chr2p610338751",2,610338751,8.42477089276174e-08,0.246913580246914,NA,5.77151713011321e-05,"GLM","NYC","DTF_Sask_2017",7.07444190070734,4.23871001099843,"Significant",-1.60243564208955
"Lcu.1GRN.Chr1p536416594",1,536416594,8.46800465551271e-08,0.242283950617284,NA,5.7796589214275e-05,"GLM","NYC","DTF_Sask_2017",7.07221891188752,4.23809779011107,"Significant",-1.61782592784357
"Lcu.1GRN.Chr2p63177005",2,63177005,8.47102078463035e-08,0.280864197530864,NA,5.7796589214275e-05,"GLM","NYC","DTF_Sask_2017",7.07206425266572,4.23809779011107,"Significant",1.37773607389065
"Lcu.1GRN.Chr1p536205864",1,536205864,8.49381852881156e-08,0.294753086419753,NA,5.78348230178291e-05,"GLM","NYC","DTF_Sask_2017",7.07089702198646,4.23781058907823,"Significant",-1.54246188506312
"Lcu.1GRN.Chr1p543172902",1,543172902,8.6529562569645e-08,0.0817901234567902,NA,5.87993724704319e-05,"GLM","NYC","DTF_Sask_2017",7.06283549175555,4.23062730885724,"Significant",2.12111552322358
"Lcu.1GRN.Chr1p367805801",1,367805801,8.65320975336298e-08,0.117741935483871,NA,6.30011732707672e-05,"MLM","NYC","Cotyledon_RedvsYellow",7.06282276888129,4.20065136260554,"Significant",-0.218783689140132
"Lcu.1GRN.Chr3p433424796",3,433424796,8.70930502966803e-08,0.478395061728395,NA,5.90629597764989e-05,"GLM","NYC","DTF_Sask_2017",7.06001649870325,4.22868479336157,"Significant",-1.63123426930949
"Lcu.1GRN.Chr1p368085616",1,368085616,8.88209276770512e-08,0.12258064516129,NA,6.45279243627358e-05,"MLM","NYC","Cotyledon_RedvsYellow",7.05148469521413,4.19025230440021,"Significant",-0.231435207744348
"Lcu.1GRN.Chr2p43812670",2,43812670,8.91677154304419e-08,0.251543209876543,NA,6.03482433323772e-05,"GLM","NYC","DTF_Sask_2017",7.04979236029167,4.21933536719312,"Significant",1.45147448214149
"Lcu.1GRN.Chr1p363211898",1,363211898,8.96647057584261e-08,0.182258064516129,NA,6.50005346591476e-05,"MLM","NYC","Cotyledon_RedvsYellow",7.04737847234856,4.18708307107157,"Significant",-0.184952304906207
"Lcu.1GRN.Chr3p389085071",3,389085071,9.0354342719257e-08,0.0987654320987654,NA,6.10285526053179e-05,"GLM","NYC","DTF_Sask_2017",7.04405096901688,4.21446692994473,"Significant",1.93639410920451
"Lcu.1GRN.Chr3p389084910",3,389084910,9.24861930385002e-08,0.0910493827160493,NA,6.21094229901142e-05,"GLM","NYC","DTF_Sask_2017",7.03392309682585,4.20684250542477,"Significant",1.97341895849473
"Lcu.1GRN.Chr3p389093449",3,389093449,9.24861930385002e-08,0.0910493827160493,NA,6.21094229901142e-05,"GLM","NYC","DTF_Sask_2017",7.03392309682585,4.20684250542477,"Significant",1.97341895849473
"Lcu.1GRN.Chr3p389085143",3,389085143,9.25085425087693e-08,0.0925925925925926,NA,6.21094229901142e-05,"GLM","NYC","DTF_Sask_2017",7.0338181613894,4.20684250542477,"Significant",1.96321499437977
"Lcu.1GRN.Chr1p367805753",1,367805753,9.27171042320091e-08,0.448387096774194,NA,6.70687617187273e-05,"MLM","NYC","Cotyledon_RedvsYellow",7.03284014084621,4.17347971190429,"Significant",-0.207361246819476
"Lcu.1GRN.Chr2p51078438",2,51078438,9.27415012892363e-08,0.421296296296296,NA,6.21417939525031e-05,"GLM","NYC","DTF_Sask_2017",7.03272587807194,4.20661621338509,"Significant",1.28489289971679
"Lcu.1GRN.Chr1p537456507",1,537456507,9.32052614612823e-08,0.273148148148148,NA,6.23283780953224e-05,"GLM","NYC","DTF_Sask_2017",7.03055957091742,4.20531417414147,"Significant",-1.48311012205525
"Lcu.1GRN.Chr1p535789384",1,535789384,9.35994360746985e-08,0.236111111111111,NA,6.23436240044755e-05,"GLM","NYC","DTF_Sask_2017",7.02872676782583,4.20520795599885,"Significant",-1.62253124723378
"Lcu.1GRN.Chr1p438919314",1,438919314,9.36743695168591e-08,0.103395061728395,NA,6.23436240044755e-05,"GLM","NYC","DTF_Sask_2017",7.02837922127949,4.20520795599885,"Significant",2.25118208134876
"Lcu.1GRN.Chr2p14199260",2,14199260,9.37840922155402e-08,0.125,NA,6.23436240044755e-05,"GLM","NYC","DTF_Sask_2017",7.02787082099093,4.20520795599885,"Significant",1.83575851278766
"Lcu.1GRN.Chr4p390522327",4,390522327,9.40467515961717e-08,0.109567901234568,NA,6.23633027729506e-05,"GLM","NYC","DTF_Sask_2017",7.02665620052,4.20507089255176,"Significant",1.92242178040595
"Lcu.1GRN.Chr2p64072932",2,64072932,9.43382788829819e-08,0.225308641975309,NA,6.23633027729506e-05,"GLM","NYC","DTF_Sask_2017",7.02531205133011,4.20507089255176,"Significant",1.56788957150744
"Lcu.1GRN.Chr2p50068638",2,50068638,9.43699028484716e-08,0.24537037037037,NA,6.23633027729506e-05,"GLM","NYC","DTF_Sask_2017",7.02516649204688,4.20507089255176,"Significant",1.56903789063693
"Lcu.1GRN.Chr1p370889779",1,370889779,9.51444087265902e-08,0.204838709677419,NA,6.86769084337703e-05,"MLM","NYC","Cotyledon_RedvsYellow",7.0216167284546,4.16318926331272,"Significant",-0.211763472740884
"Lcu.1GRN.Chr2p34021031",2,34021031,9.51776177198338e-08,0.0864197530864198,NA,6.26696964502669e-05,"GLM","NYC","DTF_Sask_2017",7.0214651697209,4.20294240886303,"Significant",1.99095328626794
"Lcu.1GRN.Chr2p80978138",2,80978138,9.52061732752808e-08,0.225308641975309,NA,6.26696964502669e-05,"GLM","NYC","DTF_Sask_2017",7.02133489056019,4.20294240886303,"Significant",1.50932686523711
"Lcu.1GRN.Chr2p14111019",2,14111019,9.65099262801117e-08,0.0617283950617284,NA,6.34038171348874e-05,"GLM","NYC","DTF_Sask_2017",7.0154280161176,4.19788459526155,"Significant",2.48710376551924
"Lcu.1GRN.Chr2p63178448",2,63178448,9.68361096051177e-08,0.29320987654321,NA,6.34940968412176e-05,"GLM","NYC","DTF_Sask_2017",7.01396266667938,4.19726664995933,"Significant",1.37323294610485
"Lcu.1GRN.Chr1p543172350",1,543172350,9.70381531965522e-08,0.0771604938271605,NA,6.35027869188029e-05,"GLM","NYC","DTF_Sask_2017",7.01305747743599,4.19720721459939,"Significant",2.1506928149077
"Lcu.1GRN.Chr1p364662726",1,364662726,9.7203285799482e-08,0.441935483870968,NA,7.00128000739065e-05,"MLM","NYC","Cotyledon_RedvsYellow",7.01231905420475,4.15482255293899,"Significant",-0.215523342805004
"Lcu.1GRN.Chr1p371692416",1,371692416,9.76999973665903e-08,0.206451612903226,NA,7.02202030218117e-05,"MLM","NYC","Cotyledon_RedvsYellow",7.01010544798722,4.15353791922947,"Significant",-0.213605586527884
"Lcu.1GRN.Chr1p537093741",1,537093741,9.77236588897601e-08,0.260802469135803,NA,6.37449415899576e-05,"GLM","NYC","DTF_Sask_2017",7.0100002808934,4.19555427248978,"Significant",-1.48911697103293
"Lcu.1GRN.Chr6p158725441",6,158725441,9.77872081994313e-08,0.259259259259259,NA,6.37449415899576e-05,"GLM","NYC","DTF_Sask_2017",7.00971795269444,4.19555427248978,"Significant",2.24626799130817
"Lcu.1GRN.Chr1p543109915",1,543109915,9.83920188726176e-08,0.223765432098765,NA,6.3979068817447e-05,"GLM","NYC","DTF_Sask_2017",7.00704012819628,4.19396208513949,"Significant",-1.5992295735609
"Lcu.1GRN.Chr1p537190124",1,537190124,9.85267807110613e-08,0.243827160493827,NA,6.3979068817447e-05,"GLM","NYC","DTF_Sask_2017",7.00644570722613,4.19396208513949,"Significant",-1.61651362367496
"Lcu.1GRN.Chr2p48573031",2,48573031,9.88783479959585e-08,0.33641975308642,NA,6.408364793903e-05,"GLM","NYC","DTF_Sask_2017",7.00489879814354,4.19325277416012,"Significant",1.65147948016772
"Lcu.1GRN.Chr1p572633339",1,572633339,9.98047011318426e-08,0.498456790123457,NA,6.44981337391498e-05,"GLM","NYC","DTF_Sask_2017",7.00084900152293,4.19045285154326,"Significant",-1.22710892669141
"Lcu.1GRN.Chr2p37308739",2,37308739,9.99013805697261e-08,0.21141975308642,NA,6.44981337391498e-05,"GLM","NYC","DTF_Sask_2017",7.00042851007561,4.19045285154326,"Significant",1.646214051095
"Lcu.1GRN.Chr2p85169620",2,85169620,1.0094154632564e-07,0.462962962962963,NA,6.49773881035788e-05,"GLM","NYC","DTF_Sask_2017",6.99593004658521,4.18723774997782,"Significant",-1.29962603546925
"Lcu.1GRN.Chr2p48673628",2,48673628,1.01030047472468e-07,0.351851851851852,NA,6.49773881035788e-05,"GLM","NYC","DTF_Sask_2017",6.99554944294242,4.18723774997782,"Significant",1.61253486537333
"Lcu.1GRN.Chr2p48673924",2,48673924,1.01226894527406e-07,0.347222222222222,NA,6.49797458616413e-05,"GLM","NYC","DTF_Sask_2017",6.99470408637878,4.18722199153063,"Significant",1.62576206465428
"Lcu.1GRN.Chr1p535954220",1,535954220,1.01423326974362e-07,0.239197530864197,NA,6.49818289988289e-05,"GLM","NYC","DTF_Sask_2017",6.99386214745696,4.18720806903105,"Significant",-1.60997255589174
"Lcu.1GRN.Chr1p558990405",1,558990405,1.02277602732082e-07,0.233024691358025,NA,6.54045825060498e-05,"GLM","NYC","DTF_Sask_2017",6.99021945988338,4.18439182220524,"Significant",1.47074497853188
"Lcu.1GRN.Chr2p65059962",2,65059962,1.03168969671219e-07,0.256172839506173,NA,6.58218201079774e-05,"GLM","NYC","DTF_Sask_2017",6.98645090665265,4.18163011274474,"Significant",1.43000935205237
"Lcu.1GRN.Chr4p412482227",4,412482227,1.03321434674068e-07,0.0848765432098766,NA,6.58218201079774e-05,"GLM","NYC","DTF_Sask_2017",6.9858095720428,4.18163011274474,"Significant",2.08916393658654
"Lcu.1GRN.Chr3p389105142",3,389105142,1.04834267659122e-07,0.0925925925925926,NA,6.66593348009377e-05,"GLM","NYC","DTF_Sask_2017",6.97949673431142,4.17613902451473,"Significant",1.98307720809515
"Lcu.1GRN.Chr1p539380960",1,539380960,1.05570755272013e-07,0.233024691358025,NA,6.69545142678119e-05,"GLM","NYC","DTF_Sask_2017",6.97645637141385,4.17422013626949,"Significant",-1.60170056357572
"Lcu.1GRN.Chr6p421420643",6,421420643,1.05696596503843e-07,0.246913580246914,NA,6.69545142678119e-05,"GLM","NYC","DTF_Sask_2017",6.9759389970199,4.17422013626949,"Significant",-1.59469762500282
"Lcu.1GRN.Chr1p367658856",1,367658856,1.05830207616327e-07,0.345161290322581,NA,7.59014700325825e-05,"MLM","NYC","Cotyledon_RedvsYellow",6.97539035187933,4.11974981276254,"Significant",-0.197369112067024
"Lcu.1GRN.Chr2p610276907",2,610276907,1.06701621641589e-07,0.212962962962963,NA,6.7320029737711e-05,"GLM","NYC","DTF_Sask_2017",6.97182898015714,4.17185570085247,"Significant",-1.7323043345572
"Lcu.1GRN.Chr2p3378293",2,3378293,1.06755844093674e-07,0.200617283950617,NA,6.7320029737711e-05,"GLM","NYC","DTF_Sask_2017",6.97160834123818,4.17185570085247,"Significant",1.58392885021559
"Lcu.1GRN.Chr1p374030020",1,374030020,1.06954804837066e-07,0.385483870967742,NA,7.65448230609138e-05,"MLM","NYC","Cotyledon_RedvsYellow",6.97079970041128,4.11608417651512,"Significant",-0.208583757523081
"Lcu.1GRN.Chr4p412510715",4,412510715,1.06995314590362e-07,0.0972222222222222,NA,6.7320029737711e-05,"GLM","NYC","DTF_Sask_2017",6.97063523999801,4.17185570085247,"Significant",1.98361280744587
"Lcu.1GRN.Chr1p543251491",1,543251491,1.07074165746567e-07,0.0617283950617284,NA,6.7320029737711e-05,"GLM","NYC","DTF_Sask_2017",6.97031530066311,4.17185570085247,"Significant",2.46179426589509
"Lcu.1GRN.Chr2p37308560",2,37308560,1.07937016112673e-07,0.242283950617284,NA,6.7735914736514e-05,"GLM","NYC","DTF_Sask_2017",6.96682959204913,4.16918099991003,"Significant",1.61184887426603
"Lcu.1GRN.Chr6p420063538",6,420063538,1.08428545850504e-07,0.319444444444444,NA,6.79176623502727e-05,"GLM","NYC","DTF_Sask_2017",6.96485636656793,4.16801727043561,"Significant",1.35574910734699
"Lcu.1GRN.Chr1p371177859",1,371177859,1.09233373294635e-07,0.103225806451613,NA,7.80095585456403e-05,"MLM","NYC","Cotyledon_RedvsYellow",6.96164465445749,4.10785217975451,"Significant",-0.395145964362449
"Lcu.1GRN.Chr2p49123919",2,49123919,1.09312715027387e-07,0.444444444444444,NA,6.83442193598832e-05,"GLM","NYC","DTF_Sask_2017",6.96132931888231,4.16529821271682,"Significant",1.36289978769581
"Lcu.1GRN.Chr2p44558948",2,44558948,1.09578550586439e-07,0.0709876543209876,NA,0.00248797352828144,"MLM","NYC","DTF_Nepal_2017",6.96027444834806,2.6041542447941,"Significant",9.42389303956335
"Lcu.1GRN.Chr1p363533924",1,363533924,1.10940654163647e-07,0.0774193548387097,NA,7.90609640234395e-05,"MLM","NYC","Cotyledon_RedvsYellow",6.95490927762408,4.10203789442629,"Significant",-0.231112123827008
"Lcu.1GRN.Chr5p1658331",5,1658331,1.1094906136518e-07,0.126543209876543,NA,0.00248797352828144,"MLM","NYC","DTF_Nepal_2017",6.9548763675703,2.6041542447941,"Significant",9.55530087163159
"Lcu.1GRN.Chr6p165766103",6,165766103,1.11151666312968e-07,0.217592592592593,NA,6.92483363762518e-05,"GLM","NYC","DTF_Sask_2017",6.95408402225781,4.15959065563958,"Significant",1.46295367209152
"Lcu.1GRN.Chr1p559270263",1,559270263,1.11208829297062e-07,0.256172839506173,NA,6.92483363762518e-05,"GLM","NYC","DTF_Sask_2017",6.95386073107437,4.15959065563958,"Significant",1.55909121264855
"Lcu.1GRN.Chr3p345919243",3,345919243,1.11376413202104e-07,0.430555555555556,NA,6.92483363762518e-05,"GLM","NYC","DTF_Sask_2017",6.95320677236488,4.15959065563958,"Significant",1.47312795830395
"Lcu.1GRN.Chr6p417768576",6,417768576,1.12212284950748e-07,0.237654320987654,NA,6.95923108198642e-05,"GLM","NYC","DTF_Sask_2017",6.94995959411143,4.15743874247246,"Significant",1.50999202519483
"Lcu.1GRN.Chr1p559245152",1,559245152,1.12343436708079e-07,0.356481481481482,NA,6.95923108198642e-05,"GLM","NYC","DTF_Sask_2017",6.94945229471548,4.15743874247246,"Significant",1.31831928373681
"Lcu.1GRN.Chr4p1361603",4,1361603,1.13342332432751e-07,0.172839506172839,NA,6.98933757126234e-05,"GLM","NYC","DTF_Sask_2017",6.94560785440627,4.15556398345005,"Significant",-1.87426055188996
"Lcu.1GRN.Chr5p456047797",5,456047797,1.13473547372428e-07,0.37962962962963,NA,6.98933757126234e-05,"GLM","NYC","DTF_Sask_2017",6.94510536815486,4.15556398345005,"Significant",-1.46066586739681
"Lcu.1GRN.Chr1p509134127",1,509134127,1.13585976609465e-07,0.095679012345679,NA,6.98933757126234e-05,"GLM","NYC","DTF_Sask_2017",6.94467528356396,4.15556398345005,"Significant",2.51414412638974
"Lcu.1GRN.Chr1p439819620",1,439819620,1.13820039802948e-07,0.115740740740741,NA,6.98933757126234e-05,"GLM","NYC","DTF_Sask_2017",6.94378126685458,4.15556398345005,"Significant",2.18171185391327
"Lcu.1GRN.Chr6p420693025",6,420693025,1.1386839342301e-07,0.183641975308642,NA,6.98933757126234e-05,"GLM","NYC","DTF_Sask_2017",6.94359680679755,4.15556398345005,"Significant",1.47745299356797
"Lcu.1GRN.Chr1p543048126",1,543048126,1.14339158007448e-07,0.0848765432098766,NA,7.00544982905122e-05,"GLM","NYC","DTF_Sask_2017",6.94180501025071,4.15456397286893,"Significant",2.08517785097746
"Lcu.1GRN.Chr6p39896693",6,39896693,1.148057630732e-07,0.447530864197531,NA,7.02124911048057e-05,"GLM","NYC","DTF_Sask_2017",6.94003631047404,4.1535856181364,"Significant",-1.31345831000544
"Lcu.1GRN.Chr1p363414756",1,363414756,1.14903337807199e-07,0.151612903225806,NA,8.17118203555899e-05,"MLM","NYC","Cotyledon_RedvsYellow",6.93966735538314,4.08771511428908,"Significant",-0.196027645691135
"Lcu.1GRN.Chr3p434006093",3,434006093,1.16189438803938e-07,0.138888888888889,NA,7.09297512924939e-05,"GLM","NYC","DTF_Sask_2017",6.93483334593555,4.14917156295546,"Significant",-1.79805088975607
"Lcu.1GRN.Chr2p65208667",2,65208667,1.19116771768691e-07,0.248456790123457,NA,7.25850564665203e-05,"GLM","NYC","DTF_Sask_2017",6.92402708508498,4.1391527809823,"Significant",1.42961862513991
"Lcu.1GRN.Chr6p424247705",6,424247705,1.20341960730651e-07,0.217592592592593,NA,7.31990312931048e-05,"GLM","NYC","DTF_Sask_2017",6.91958291683003,4.13549466630285,"Significant",1.37125653231114
"Lcu.1GRN.Chr2p89837311",2,89837311,1.20864508192236e-07,0.191358024691358,NA,7.33805286671038e-05,"GLM","NYC","DTF_Sask_2017",6.91770121079502,4.13441916371146,"Significant",-1.79948053457221
"Lcu.1GRN.Chr6p420961528",6,420961528,1.21376706290232e-07,0.489197530864197,NA,7.33805286671038e-05,"GLM","NYC","DTF_Sask_2017",6.9158646518133,4.13441916371146,"Significant",-1.34138906385071
"Lcu.1GRN.Chr1p437613395",1,437613395,1.21461430421781e-07,0.101851851851852,NA,7.33805286671038e-05,"GLM","NYC","DTF_Sask_2017",6.91556160860265,4.13441916371146,"Significant",2.23404343436664
"Lcu.1GRN.Chr4p390294247",4,390294247,1.21512973827923e-07,0.479938271604938,NA,7.33805286671038e-05,"GLM","NYC","DTF_Sask_2017",6.9153773503696,4.13441916371146,"Significant",1.30495267179828
"Lcu.1GRN.Chr4p59789734",4,59789734,1.22406309768771e-07,0.16820987654321,NA,7.37341652278549e-05,"GLM","NYC","DTF_Sask_2017",6.91219619471391,4.13233123219782,"Significant",-2.36861556340307
"Lcu.1GRN.Chr6p420963168",6,420963168,1.22536985977729e-07,0.490740740740741,NA,7.37341652278549e-05,"GLM","NYC","DTF_Sask_2017",6.91173280614327,4.13233123219782,"Significant",-1.34731331743581
"Lcu.1GRN.Chr1p362573151",1,362573151,1.22947710637366e-07,0.151612903225806,NA,8.72480012319805e-05,"MLM","NYC","Cotyledon_RedvsYellow",6.91027955368261,4.05924451352482,"Significant",-0.206360038690257
"Lcu.1GRN.Chr2p610338709",2,610338709,1.24608392180302e-07,0.262345679012346,NA,7.48466983080563e-05,"GLM","NYC","DTF_Sask_2017",6.90445270763783,4.12582735281216,"Significant",-1.57498583800987
"Lcu.1GRN.Chr2p44213560",2,44213560,1.25897506017497e-07,0.279320987654321,NA,7.54862146284984e-05,"GLM","NYC","DTF_Sask_2017",6.89998287301817,4.12213235244245,"Significant",1.30450315106897
"Lcu.1GRN.Chr1p364679376",1,364679376,1.25943869688315e-07,0.451612903225806,NA,8.91860244535777e-05,"MLM","NYC","Cotyledon_RedvsYellow",6.89982296691403,4.04970319470702,"Significant",-0.171952656793842
"Lcu.1GRN.Chr1p535789405",1,535789405,1.26146270478771e-07,0.239197530864197,NA,7.55007874771043e-05,"GLM","NYC","DTF_Sask_2017",6.89912558489617,4.12204851863336,"Significant",-1.61193889108378
"Lcu.1GRN.Chr2p48689157",2,48689157,1.2668233681605e-07,0.344135802469136,NA,7.56869584152832e-05,"GLM","NYC","DTF_Sask_2017",6.89728393411481,4.12097894713428,"Significant",1.60429703162561
"Lcu.1GRN.Chr1p363513639",1,363513639,1.26926787848272e-07,0.106451612903226,NA,8.96169197868633e-05,"MLM","NYC","Cotyledon_RedvsYellow",6.89644671055349,4.04760998725356,"Significant",-0.197885467525686
"Lcu.1GRN.Chr1p371437268",1,371437268,1.27085209721328e-07,0.209677419354839,NA,8.96169197868633e-05,"MLM","NYC","Cotyledon_RedvsYellow",6.89590499004532,4.04760998725356,"Significant",-0.201171284471667
"Lcu.1GRN.Chr5p455774604",5,455774604,1.27637863579917e-07,0.294753086419753,NA,7.61226334375638e-05,"GLM","NYC","DTF_Sask_2017",6.89402047369835,4.11848619584982,"Significant",1.30578254286711
"Lcu.1GRN.Chr1p356304338",1,356304338,1.2781508083598e-07,0.458064516129032,NA,8.99430445513723e-05,"MLM","NYC","Cotyledon_RedvsYellow",6.89341790097069,4.04603241575093,"Significant",-0.178952875484238
"Lcu.1GRN.Chr1p535782366",1,535782366,1.29296521623437e-07,0.237654320987654,NA,7.69753682989569e-05,"GLM","NYC","DTF_Sask_2017",6.88841315849213,4.11364822447969,"Significant",-1.60231522253213
"Lcu.1GRN.Chr5p455351362",5,455351362,1.29777310211981e-07,0.208333333333333,NA,7.70265267370851e-05,"GLM","NYC","DTF_Sask_2017",6.88680123135002,4.11335968480693,"Significant",1.85107000187992
"Lcu.1GRN.Chr2p34022168",2,34022168,1.29840444098045e-07,0.0895061728395061,NA,7.70265267370851e-05,"GLM","NYC","DTF_Sask_2017",6.8865900077459,4.11335968480693,"Significant",1.95568730119129
"Lcu.1GRN.Chr7p639543409",7,639543409,1.30389101025292e-07,0.353395061728395,NA,7.72158287756592e-05,"GLM","NYC","DTF_Sask_2017",6.88475870892921,4.11229366280836,"Significant",-1.21046548755379
"Lcu.1GRN.Chr1p559837442",1,559837442,1.31880994986713e-07,0.186728395061728,NA,7.75986049014398e-05,"GLM","NYC","DTF_Sask_2017",6.87981778494708,4.11014608659043,"Significant",1.58138447462193
"Lcu.1GRN.Chr2p10278916",2,10278916,1.31958253941747e-07,0.0601851851851852,NA,7.75986049014398e-05,"GLM","NYC","DTF_Sask_2017",6.87956343962928,4.11014608659043,"Significant",2.47226622156006
"Lcu.1GRN.Chr2p10408286",2,10408286,1.31958253941747e-07,0.0601851851851852,NA,7.75986049014398e-05,"GLM","NYC","DTF_Sask_2017",6.87956343962928,4.11014608659043,"Significant",2.47226622156006
"Lcu.1GRN.Chr2p10422948",2,10422948,1.31958253941747e-07,0.0601851851851852,NA,7.75986049014398e-05,"GLM","NYC","DTF_Sask_2017",6.87956343962928,4.11014608659043,"Significant",2.47226622156006
"Lcu.1GRN.Chr5p2101990",5,2101990,1.32227114917396e-07,0.123456790123457,NA,0.00277980237271373,"MLM","NYC","DTF_Nepal_2017",6.87867947789484,2.55598607871889,"Significant",7.99034052954137
"Lcu.1GRN.Chr6p424043746",6,424043746,1.32714126274272e-07,0.46141975308642,NA,7.79068979275711e-05,"GLM","NYC","DTF_Sask_2017",6.87708284777273,4.10842408790825,"Significant",1.3765394473559
"Lcu.1GRN.Chr2p561727458",2,561727458,1.34291511245043e-07,0.438271604938272,NA,7.86890290208091e-05,"GLM","NYC","DTF_Sask_2017",6.87195143882758,4.10408581361115,"Significant",-1.30556630078651
"Lcu.1GRN.Chr2p49724495",2,49724495,1.34514359871703e-07,0.166666666666667,NA,7.86890290208091e-05,"GLM","NYC","DTF_Sask_2017",6.87123135075339,4.10408581361115,"Significant",2.29832767542257
"Lcu.1GRN.Chr3p434028554",3,434028554,1.35296967905549e-07,0.118827160493827,NA,7.9009436117163e-05,"GLM","NYC","DTF_Sask_2017",6.86871193611963,4.10232103771096,"Significant",-1.84345780545948
"Lcu.1GRN.Chr1p361413551",1,361413551,1.35818561898959e-07,0.109677419354839,NA,0.00456848822102672,"FarmCPU","NYC","Cotyledon_RedvsYellow",6.86704087232792,2.34022749049604,"Significant",-0.237233317504291
"Lcu.1GRN.Chr1p361180162",1,361180162,1.36044602680706e-07,0.17741935483871,NA,9.55342690394592e-05,"MLM","NYC","Cotyledon_RedvsYellow",6.86631868337693,4.01984081495962,"Significant",-0.174659292234757
"Lcu.1GRN.Chr6p1286429",6,1286429,1.36430076775276e-07,0.0555555555555556,NA,7.95330600254231e-05,"GLM","NYC","DTF_Sask_2017",6.86508987647122,4.09945230779508,"Significant",2.48474388953383
"Lcu.1GRN.Chr2p44213826",2,44213826,1.36791976588287e-07,0.0833333333333334,NA,7.96060671091215e-05,"GLM","NYC","DTF_Sask_2017",6.86393937502542,4.09905383161407,"Significant",2.19359508625729
"Lcu.1GRN.Chr1p408097730",1,408097730,1.37631708793656e-07,0.388709677419355,NA,9.64474270662413e-05,"MLM","NYC","Cotyledon_RedvsYellow",6.86128149802162,4.01570935356533,"Significant",0.181641269064313
"Lcu.1GRN.Chr2p561724675",2,561724675,1.37770309744045e-07,0.0725308641975309,NA,8.00178062483768e-05,"GLM","NYC","DTF_Sask_2017",6.86084436518329,4.09681335932149,"Significant",2.32677105138225
"Lcu.1GRN.Chr2p610276900",2,610276900,1.38244024028227e-07,0.212962962962963,NA,8.00178062483768e-05,"GLM","NYC","DTF_Sask_2017",6.85935363317089,4.09681335932149,"Significant",-1.71645782787689
"Lcu.1GRN.Chr5p459452302",5,459452302,1.38357274231465e-07,0.123456790123457,NA,8.00178062483768e-05,"GLM","NYC","DTF_Sask_2017",6.85899800258348,4.09681335932149,"Significant",-1.97488564160437
"Lcu.1GRN.Chr1p559940430",1,559940430,1.38534383630387e-07,0.209876543209877,NA,8.00178062483768e-05,"GLM","NYC","DTF_Sask_2017",6.85844242322274,4.09681335932149,"Significant",1.53967843285741
"Lcu.1GRN.Chr2p63176322",2,63176322,1.38688935129795e-07,0.294753086419753,NA,8.00178062483768e-05,"GLM","NYC","DTF_Sask_2017",6.85795818639435,4.09681335932149,"Significant",1.37007142584761
"Lcu.1GRN.Chr5p456046651",5,456046651,1.39891397355582e-07,0.325617283950617,NA,8.0479809339812e-05,"GLM","NYC","DTF_Sask_2017",6.8542089916974,4.09431306114955,"Significant",-1.42476092296842
"Lcu.1GRN.Chr1p437613055",1,437613055,1.39968214669662e-07,0.103395061728395,NA,8.0479809339812e-05,"GLM","NYC","DTF_Sask_2017",6.85397057689924,4.09431306114955,"Significant",2.21089436290134
"Lcu.1GRN.Chr3p434029073",3,434029073,1.4049175678873e-07,0.126543209876543,NA,8.06429876378065e-05,"GLM","NYC","DTF_Sask_2017",6.85234915679941,4.09343339098563,"Significant",-1.81858226333591
"Lcu.1GRN.Chr7p52676815",7,52676815,1.40970267807696e-07,0.444444444444444,NA,8.07798059142611e-05,"GLM","NYC","DTF_Sask_2017",6.85087247520742,4.09269719462316,"Significant",1.41132564641482
"Lcu.1GRN.Chr1p437955122",1,437955122,1.41369177263271e-07,0.104938271604938,NA,8.08706225314876e-05,"GLM","NYC","DTF_Sask_2017",6.84964526949007,4.09220921373433,"Significant",2.1983145517267
"Lcu.1GRN.Chr2p63108700",2,63108700,1.4325680772141e-07,0.300925925925926,NA,8.17483157972019e-05,"GLM","NYC","DTF_Sask_2017",6.8438847307177,4.08752118603791,"Significant",1.52304855370616
"Lcu.1GRN.Chr1p437370413",1,437370413,1.43451014659516e-07,0.104938271604938,NA,8.17483157972019e-05,"GLM","NYC","DTF_Sask_2017",6.84329637554994,4.08752118603791,"Significant",2.24744812793995
"Lcu.1GRN.Chr1p488896637",1,488896637,1.43632563943985e-07,0.0709876543209876,NA,8.17483157972019e-05,"GLM","NYC","DTF_Sask_2017",6.84274708698852,4.08752118603791,"Significant",2.48546039810947
"Lcu.1GRN.Chr2p44546658",2,44546658,1.43849814786445e-07,0.0679012345679012,NA,0.00284625474413366,"MLM","NYC","DTF_Nepal_2017",6.84209069294833,2.54572623249473,"Significant",9.52058737894954
"Lcu.1GRN.Chr2p64994334",2,64994334,1.45061515249999e-07,0.248456790123457,NA,8.24221396961086e-05,"GLM","NYC","DTF_Sask_2017",6.83844779039781,4.08395611528885,"Significant",1.42317596875449
"Lcu.1GRN.Chr1p434743687",1,434743687,1.4553512918251e-07,0.493827160493827,NA,8.2524519946861e-05,"GLM","NYC","DTF_Sask_2017",6.83703216428166,4.08341699332344,"Significant",-1.4155028077611
"Lcu.1GRN.Chr1p543111427",1,543111427,1.45732384117453e-07,0.0787037037037037,NA,8.2524519946861e-05,"GLM","NYC","DTF_Sask_2017",6.83644393017412,4.08341699332344,"Significant",2.10086294914584
"Lcu.1GRN.Chr1p329127295",1,329127295,1.46292212825707e-07,0.0983870967741935,NA,0.000102303269753731,"MLM","NYC","Cotyledon_RedvsYellow",6.83477879087287,3.99011048541483,"Significant",0.250467591259707
"Lcu.1GRN.Chr2p80294701",2,80294701,1.46857853294175e-07,0.228395061728395,NA,8.30220765361374e-05,"GLM","NYC","DTF_Sask_2017",6.83310282441438,4.08080640831106,"Significant",1.46072236575853
"Lcu.1GRN.Chr1p362780451",1,362780451,1.47473574194314e-07,0.180645161290323,NA,0.00010291544342535,"MLM","NYC","Cotyledon_RedvsYellow",6.83128579398936,3.98751945039634,"Significant",-0.167312048084511
"Lcu.1GRN.Chr1p535788167",1,535788167,1.4865323075849e-07,0.234567901234568,NA,8.38450715155015e-05,"GLM","NYC","DTF_Sask_2017",6.82782564760713,4.07652246050606,"Significant",-1.61689145444652
"Lcu.1GRN.Chr5p393506057",5,393506057,1.48812183403112e-07,0.225308641975309,NA,8.38450715155015e-05,"GLM","NYC","DTF_Sask_2017",6.82736151120856,4.07652246050606,"Significant",2.55295389356377
"Lcu.1GRN.Chr1p558988082",1,558988082,1.4976057516388e-07,0.243827160493827,NA,8.42383200437273e-05,"GLM","NYC","DTF_Sask_2017",6.82460250067048,4.07449030282701,"Significant",1.50283795631734
"Lcu.1GRN.Chr1p559768039",1,559768039,1.50038437144447e-07,0.385802469135803,NA,8.42537211802438e-05,"GLM","NYC","DTF_Sask_2017",6.82379746826883,4.07441090882627,"Significant",-1.40119245801472
"Lcu.1GRN.Chr2p613264210",2,613264210,1.51210290627231e-07,0.212962962962963,NA,8.47642773905206e-05,"GLM","NYC","DTF_Sask_2017",6.82041865188677,4.07178713596043,"Significant",-1.72504750787712
"Lcu.1GRN.Chr1p543108070",1,543108070,1.51451630842808e-07,0.225308641975309,NA,8.47642773905206e-05,"GLM","NYC","DTF_Sask_2017",6.81972604578957,4.07178713596043,"Significant",-1.57469229580275
"Lcu.1GRN.Chr1p360345715",1,360345715,1.52289011413291e-07,0.119354838709677,NA,0.000106055896277545,"MLM","NYC","Cotyledon_RedvsYellow",6.81733143254539,3.97446518146503,"Significant",-0.182409283492444
"Lcu.1GRN.Chr2p48311644",2,48311644,1.53087098848383e-07,0.202160493827161,NA,8.54719190025319e-05,"GLM","NYC","DTF_Sask_2017",6.81506140717919,4.06817654521771,"Significant",1.88892544964773
"Lcu.1GRN.Chr3p389084292",3,389084292,1.53224207958946e-07,0.0925925925925926,NA,8.54719190025319e-05,"GLM","NYC","DTF_Sask_2017",6.81467261490944,4.06817654521771,"Significant",1.93057593454341
"Lcu.1GRN.Chr4p390294326",4,390294326,1.55566809429921e-07,0.475308641975309,NA,8.66159584123347e-05,"GLM","NYC","DTF_Sask_2017",6.80808305528341,4.06240208475038,"Significant",1.36698370606864
"Lcu.1GRN.Chr1p560221441",1,560221441,1.55790118648567e-07,0.200617283950617,NA,8.66159584123347e-05,"GLM","NYC","DTF_Sask_2017",6.80746009192979,4.06240208475038,"Significant",1.55551522138057
"Lcu.1GRN.Chr7p371434502",7,371434502,1.56501255295033e-07,0.472222222222222,NA,8.68677520459147e-05,"GLM","NYC","DTF_Sask_2017",6.80548217463178,4.0611414169662,"Significant",1.76629095930596
"Lcu.1GRN.Chr6p1341433",6,1341433,1.57571899990855e-07,0.058641975308642,NA,8.73062295070998e-05,"GLM","NYC","DTF_Sask_2017",6.80252122826142,4.05895476724476,"Significant",2.40841230758303
"Lcu.1GRN.Chr4p412166626",4,412166626,1.57875274313844e-07,0.0910493827160493,NA,8.73062295070998e-05,"GLM","NYC","DTF_Sask_2017",6.80168588183401,4.05895476724476,"Significant",1.94702484429428
"Lcu.1GRN.Chr1p541591206",1,541591206,1.58069887265468e-07,0.251543209876543,NA,8.73062295070998e-05,"GLM","NYC","DTF_Sask_2017",6.80115085644376,4.05895476724476,"Significant",-1.60040765537639
"Lcu.1GRN.Chr1p434703257",1,434703257,1.58875864041244e-07,0.493827160493827,NA,8.76075373114116e-05,"GLM","NYC","DTF_Sask_2017",6.79894207453503,4.05745852771392,"Significant",-1.41418066128949
"Lcu.1GRN.Chr1p575481863",1,575481863,1.59390576908175e-07,0.476851851851852,NA,8.77475125742589e-05,"GLM","NYC","DTF_Sask_2017",6.79753735745528,4.05676518586596,"Significant",1.25628368627596
"Lcu.1GRN.Chr1p170777274",1,170777274,1.61092868763005e-07,0.067741935483871,NA,0.000111955216915714,"MLM","NYC","Cotyledon_RedvsYellow",6.79292368444376,3.95095566425629,"Significant",0.320029605738357
"Lcu.1GRN.Chr2p86109976",2,86109976,1.61382638313172e-07,0.37962962962963,NA,8.85788455963945e-05,"GLM","NYC","DTF_Sask_2017",6.79214318888505,4.05266998395623,"Significant",1.44365464169476
"Lcu.1GRN.Chr3p450258999",3,450258999,1.61690686649363e-07,0.151234567901235,NA,8.85788455963945e-05,"GLM","NYC","DTF_Sask_2017",6.79131499464694,4.05266998395623,"Significant",1.66517628100453
"Lcu.1GRN.Chr3p450259042",3,450259042,1.61690686649363e-07,0.151234567901235,NA,8.85788455963945e-05,"GLM","NYC","DTF_Sask_2017",6.79131499464694,4.05266998395623,"Significant",1.66517628100453
"Lcu.1GRN.Chr2p64154525",2,64154525,1.62549744414786e-07,0.328703703703704,NA,8.8904666470843e-05,"GLM","NYC","DTF_Sask_2017",6.78901370903058,4.05107544297412,"Significant",1.45010229356582
"Lcu.1GRN.Chr1p363533042",1,363533042,1.63588930494485e-07,0.103225806451613,NA,0.000113455500584821,"MLM","NYC","Cotyledon_RedvsYellow",6.78624608689825,3.94517444366864,"Significant",-0.194648791886349
"Lcu.1GRN.Chr1p559270665",1,559270665,1.63893064020547e-07,0.199074074074074,NA,8.94938608204536e-05,"GLM","NYC","DTF_Sask_2017",6.78543942544928,4.04820675578183,"Significant",1.5578782236795
"Lcu.1GRN.Chr1p539379596",1,539379596,1.64953806127264e-07,0.234567901234568,NA,8.99270938502583e-05,"GLM","NYC","DTF_Sask_2017",6.78263765913654,4.0461094413379,"Significant",-1.58335224586713
"Lcu.1GRN.Chr1p359676175",1,359676175,1.64989856667249e-07,0.224193548387097,NA,0.000114191652505335,"MLM","NYC","Cotyledon_RedvsYellow",6.78254275474883,3.94236564217925,"Significant",-0.205117671840452
"Lcu.1GRN.Chr5p39460520",5,39460520,1.65636507575335e-07,0.0683229813664596,NA,0.0029323502707154,"BLINK","NYC","DTF_Sask_2017_b",6.78084393511696,2.53278415423791,"Significant",0.964181195388949
"Lcu.1GRN.Chr2p44640614",2,44640614,1.65770669610032e-07,0.0941358024691358,NA,9.02261858005141e-05,"GLM","NYC","DTF_Sask_2017",6.78049230824498,4.04466740150192,"Significant",2.06487390208844
"Lcu.1GRN.Chr2p54392806",2,54392806,1.66512621612338e-07,0.330246913580247,NA,9.04461282715118e-05,"GLM","NYC","DTF_Sask_2017",6.77855284150398,4.04361001925532,"Significant",1.34937593338715
"Lcu.1GRN.Chr6p163740839",6,163740839,1.67489404159527e-07,0.199074074074074,NA,9.04461282715118e-05,"GLM","NYC","DTF_Sask_2017",6.77601266242179,4.04361001925532,"Significant",1.42558358937976
"Lcu.1GRN.Chr6p166431360",6,166431360,1.67489404159527e-07,0.199074074074074,NA,9.04461282715118e-05,"GLM","NYC","DTF_Sask_2017",6.77601266242179,4.04361001925532,"Significant",1.42558358937976
"Lcu.1GRN.Chr6p166432957",6,166432957,1.67489404159527e-07,0.199074074074074,NA,9.04461282715118e-05,"GLM","NYC","DTF_Sask_2017",6.77601266242179,4.04361001925532,"Significant",1.42558358937976
"Lcu.1GRN.Chr2p63866955",2,63866955,1.67519221306346e-07,0.200617283950617,NA,9.04461282715118e-05,"GLM","NYC","DTF_Sask_2017",6.77593535442803,4.04361001925532,"Significant",1.53267157095516
"Lcu.1GRN.Chr1p367658831",1,367658831,1.68304167398726e-07,0.330645161290323,NA,0.000116246340606586,"MLM","NYC","Cotyledon_RedvsYellow",6.77390513027573,3.93462070965849,"Significant",-0.202276924935861
"Lcu.1GRN.Chr3p389317881",3,389317881,1.69145456341646e-07,0.132716049382716,NA,9.11257057046693e-05,"GLM","NYC","DTF_Sask_2017",6.77173966392539,4.04035909535482,"Significant",1.84845629667228
"Lcu.1GRN.Chr1p434757288",1,434757288,1.69319719429725e-07,0.496913580246914,NA,9.11257057046693e-05,"GLM","NYC","DTF_Sask_2017",6.77129245984262,4.04035909535482,"Significant",-1.40616488429035
"Lcu.1GRN.Chr7p9781464",7,9781464,1.69782556390716e-07,0.137345679012346,NA,9.11856565575737e-05,"GLM","NYC","DTF_Sask_2017",6.77010693159742,4.04007347052906,"Significant",1.68558036547159
"Lcu.1GRN.Chr6p166673017",6,166673017,1.69973293044795e-07,0.208333333333333,NA,9.11856565575737e-05,"GLM","NYC","DTF_Sask_2017",6.76961931153022,4.04007347052906,"Significant",1.41744505404614
"Lcu.1GRN.Chr2p612950912",2,612950912,1.70819026494719e-07,0.242283950617284,NA,9.14934450397279e-05,"GLM","NYC","DTF_Sask_2017",6.76746375752605,4.03861001943137,"Significant",-1.71989378866766
"Lcu.1GRN.Chr2p44640525",2,44640525,1.71369116966393e-07,0.100308641975309,NA,9.16421554318514e-05,"GLM","NYC","DTF_Sask_2017",6.76606744110331,4.0379047047167,"Significant",1.96173094436671
"Lcu.1GRN.Chr6p165554986",6,165554986,1.7311118487445e-07,0.200617283950617,NA,9.24268094010542e-05,"GLM","NYC","DTF_Sask_2017",6.7616748710482,4.03420203866991,"Significant",1.42098669715566
"Lcu.1GRN.Chr1p363515009",1,363515009,1.73176967625889e-07,0.082258064516129,NA,0.000119366838257003,"MLM","NYC","Cotyledon_RedvsYellow",6.76150986923632,3.92311630940715,"Significant",-0.223291584713992
"Lcu.1GRN.Chr6p420713869",6,420713869,1.74659735024394e-07,0.453703703703704,NA,9.30894578996613e-05,"GLM","NYC","DTF_Sask_2017",6.75780720304352,4.03109949877417,"Significant",1.29018827747424
"Lcu.1GRN.Chr2p80978401",2,80978401,1.75130477458689e-07,0.253086419753086,NA,9.30894578996613e-05,"GLM","NYC","DTF_Sask_2017",6.75663826830641,4.03109949877417,"Significant",1.45329038179494
"Lcu.1GRN.Chr1p437621516",1,437621516,1.75182544216542e-07,0.0879629629629629,NA,9.30894578996613e-05,"GLM","NYC","DTF_Sask_2017",6.75650917058869,4.03109949877417,"Significant",2.43984215974871
"Lcu.1GRN.Chr2p11339060",2,11339060,1.76363948820368e-07,0.0925925925925926,NA,9.3569420146468e-05,"GLM","NYC","DTF_Sask_2017",6.7535901858057,4.02886606185556,"Significant",-1.95396649739928
"Lcu.1GRN.Chr6p164903832",6,164903832,1.77090233238447e-07,0.200617283950617,NA,9.38067881633334e-05,"GLM","NYC","DTF_Sask_2017",6.75180539006691,4.02776573352702,"Significant",1.45494869492927
"Lcu.1GRN.Chr2p561728322",2,561728322,1.81002954884243e-07,0.0802469135802469,NA,9.5602198973375e-05,"GLM","NYC","DTF_Sask_2017",6.74231433518912,4.01953211827809,"Significant",2.25107185756326
"Lcu.1GRN.Chr2p63108699",2,63108699,1.81048083629012e-07,0.302469135802469,NA,9.5602198973375e-05,"GLM","NYC","DTF_Sask_2017",6.74220606777461,4.01953211827809,"Significant",1.50586707079574
"Lcu.1GRN.Chr1p488852653",1,488852653,1.832471997664e-07,0.0740740740740741,NA,9.66117724824836e-05,"GLM","NYC","DTF_Sask_2017",6.73696265316865,4.01496995005794,"Significant",2.43945924507551
"Lcu.1GRN.Chr3p22786573",3,22786573,1.84145885153644e-07,0.300925925925926,NA,9.67910657856549e-05,"GLM","NYC","DTF_Sask_2017",6.73483798126214,4.01416472801246,"Significant",1.36205238575224
"Lcu.1GRN.Chr4p412483522",4,412483522,1.84162780840032e-07,0.095679012345679,NA,9.67910657856549e-05,"GLM","NYC","DTF_Sask_2017",6.73479813586045,4.01416472801246,"Significant",1.97563975768617
"Lcu.1GRN.Chr1p559395774",1,559395774,1.85043409617164e-07,0.229938271604938,NA,9.71021787249556e-05,"GLM","NYC","DTF_Sask_2017",6.73272637783646,4.0127710255234,"Significant",1.56085132760151
"Lcu.1GRN.Chr3p427301686",3,427301686,1.8607317865053e-07,0.234567901234568,NA,9.74849808008116e-05,"GLM","NYC","DTF_Sask_2017",6.73031622334184,4.01106228950941,"Significant",-1.34238093849896
"Lcu.1GRN.Chr1p535824562",1,535824562,1.86352533556865e-07,0.236111111111111,NA,9.74849808008116e-05,"GLM","NYC","DTF_Sask_2017",6.72966469841706,4.01106228950941,"Significant",-1.59074845439054
"Lcu.1GRN.Chr6p431596676",6,431596676,1.87768687093442e-07,0.332298136645963,NA,0.00225568535612713,"FarmCPU","NYC","DTF_Sask_2017_b",6.72637683036797,2.64672147987831,"Significant",0.229809822870536
"Lcu.1GRN.Chr2p44466464",2,44466464,1.90015793897513e-07,0.273148148148148,NA,9.91297807495948e-05,"GLM","NYC","DTF_Sask_2017",6.72121029948157,4.00379585437193,"Significant",1.25372094692247
"Lcu.1GRN.Chr2p54512308",2,54512308,1.9008615168399e-07,0.334876543209877,NA,9.91297807495948e-05,"GLM","NYC","DTF_Sask_2017",6.72104952156853,4.00379585437193,"Significant",1.35593562094674
"Lcu.1GRN.Chr1p559039489",1,559039489,1.91543055264143e-07,0.231481481481482,NA,9.94595964639411e-05,"GLM","NYC","DTF_Sask_2017",6.71773358951821,4.00235330715727,"Significant",1.4377620318491
"Lcu.1GRN.Chr2p81006695",2,81006695,1.9154773188951e-07,0.330246913580247,NA,9.94595964639411e-05,"GLM","NYC","DTF_Sask_2017",6.71772298611735,4.00235330715727,"Significant",1.69966124571766
"Lcu.1GRN.Chr1p560221431",1,560221431,1.91605652482657e-07,0.199074074074074,NA,9.94595964639411e-05,"GLM","NYC","DTF_Sask_2017",6.71759168311856,4.00235330715727,"Significant",1.54532324908567
"Lcu.1GRN.Chr1p374610453",1,374610453,1.91664722844133e-07,0.198387096774194,NA,0.000131839852410864,"MLM","NYC","Cotyledon_RedvsYellow",6.71745781452924,3.87995329182098,"Significant",-0.207230494576425
"Lcu.1GRN.Chr1p437619525",1,437619525,1.92703435958495e-07,0.108024691358025,NA,9.98753106980758e-05,"GLM","NYC","DTF_Sask_2017",6.71511054167817,4.00054185664666,"Significant",2.16317781525635
"Lcu.1GRN.Chr2p218535446",2,218535446,1.93910059918392e-07,0.424382716049383,NA,0.000100346069422415,"GLM","NYC","DTF_Sask_2017",6.71239965944262,3.9984996342536,"Significant",2.11207402916938
"Lcu.1GRN.Chr6p3365704",6,3365704,1.95478938280019e-07,0.240683229813665,NA,0.00226733324249777,"FarmCPU","NYC","DTF_Sask_2017_b",6.7089000284549,2.64448464452198,"Significant",-0.138999016015532
"Lcu.1GRN.Chr1p559262824",1,559262824,1.96504603954255e-07,0.197530864197531,NA,0.000101376785457486,"GLM","NYC","DTF_Sask_2017",6.7066272699781,3.99406148387814,"Significant",1.553528205221
"Lcu.1GRN.Chr1p559350078",1,559350078,1.96504603954255e-07,0.197530864197531,NA,0.000101376785457486,"GLM","NYC","DTF_Sask_2017",6.7066272699781,3.99406148387814,"Significant",1.553528205221
"Lcu.1GRN.Chr3p410053209",3,410053209,1.97808097554537e-07,0.152777777777778,NA,0.000101888052174223,"GLM","NYC","DTF_Sask_2017",6.70375593391543,3.99187674022349,"Significant",1.88788855987673
"Lcu.1GRN.Chr2p63859728",2,63859728,1.98707251978614e-07,0.199074074074074,NA,0.000101888052174223,"GLM","NYC","DTF_Sask_2017",6.7017862826797,3.99187674022349,"Significant",1.5302058849233
"Lcu.1GRN.Chr2p64072548",2,64072548,1.98707251978614e-07,0.199074074074074,NA,0.000101888052174223,"GLM","NYC","DTF_Sask_2017",6.7017862826797,3.99187674022349,"Significant",1.5302058849233
"Lcu.1GRN.Chr2p64073000",2,64073000,1.98707251978614e-07,0.199074074074074,NA,0.000101888052174223,"GLM","NYC","DTF_Sask_2017",6.7017862826797,3.99187674022349,"Significant",1.5302058849233
"Lcu.1GRN.Chr2p48819707",2,48819707,1.99940415431421e-07,0.328703703703704,NA,0.000102364319204598,"GLM","NYC","DTF_Sask_2017",6.69909940986011,3.98985139758801,"Suggestive",1.45298828380817
"Lcu.1GRN.Chr1p371795426",1,371795426,1.99947157021545e-07,0.0935483870967742,NA,0.000137007917997978,"MLM","NYC","Cotyledon_RedvsYellow",6.69908476656738,3.86325433325628,"Suggestive",-0.33073478518212
"Lcu.1GRN.Chr1p357633165",1,357633165,1.99992531184709e-07,0.491935483870968,NA,0.000137007917997978,"MLM","NYC","Cotyledon_RedvsYellow",6.69898622296519,3.86325433325628,"Suggestive",-0.167549206332188
"Lcu.1GRN.Chr2p34022757",2,34022757,2.00917040750318e-07,0.0910493827160493,NA,0.000102707997334441,"GLM","NYC","DTF_Sask_2017",6.69698322706471,3.98839573884679,"Suggestive",1.92930816634583
"Lcu.1GRN.Chr1p559836852",1,559836852,2.01993827078888e-07,0.199074074074074,NA,0.000103101756651054,"GLM","NYC","DTF_Sask_2017",6.69466190236793,3.98673393513006,"Suggestive",1.55765258162859
"Lcu.1GRN.Chr2p49533688",2,49533688,2.02712484319688e-07,0.191358024691358,NA,0.000103311803353273,"GLM","NYC","DTF_Sask_2017",6.69311950387635,3.98585005758635,"Suggestive",1.59160568175955
"Lcu.1GRN.Chr1p381602380",1,381602380,2.02972678472191e-07,0.37258064516129,NA,0.000138766892153771,"MLM","NYC","Cotyledon_RedvsYellow",6.69256241719676,3.85771413813224,"Suggestive",-0.211094986933615
"Lcu.1GRN.Chr1p535792522",1,535792522,2.03832338969508e-07,0.239197530864197,NA,0.00010372537422414,"GLM","NYC","DTF_Sask_2017",6.69072691197913,3.98411498963289,"Suggestive",-1.57172045357788
"Lcu.1GRN.Chr1p283453538",1,283453538,2.04506850265315e-07,0.338709677419355,NA,0.000139532161669763,"MLM","NYC","Cotyledon_RedvsYellow",6.68929214006447,3.85532567750983,"Suggestive",0.221873063216271
"Lcu.1GRN.Chr6p292192925",6,292192925,2.07141749331454e-07,0.0617283950617284,NA,0.000105171688882359,"GLM","NYC","DTF_Sask_2017",6.68373236041629,3.97810115197801,"Suggestive",-2.31018082331065
"Lcu.1GRN.Chr4p439870776",4,439870776,2.07440949894124e-07,0.299382716049383,NA,0.000105171688882359,"GLM","NYC","DTF_Sask_2017",6.68310550755363,3.97810115197801,"Suggestive",-1.63732547049847
"Lcu.1GRN.Chr2p561145563",2,561145563,2.07612522684707e-07,0.429012345679012,NA,0.000105171688882359,"GLM","NYC","DTF_Sask_2017",6.68274645444187,3.97810115197801,"Suggestive",-1.27638151760179
"Lcu.1GRN.Chr2p49521064",2,49521064,2.08332356005112e-07,0.287037037037037,NA,0.000105377638484769,"GLM","NYC","DTF_Sask_2017",6.68124327473198,3.97725153820321,"Suggestive",1.53304344447005
"Lcu.1GRN.Chr1p363528837",1,363528837,2.08390083215382e-07,0.0629032258064516,NA,0.000141893820082811,"MLM","NYC","Cotyledon_RedvsYellow",6.68112295191431,3.84803651900609,"Suggestive",-0.249938930875345
"Lcu.1GRN.Chr5p456048024",5,456048024,2.08897748096831e-07,0.447530864197531,NA,0.00010550496821935,"GLM","NYC","DTF_Sask_2017",6.68006624165871,3.97672708899714,"Suggestive",-1.38942913773205
"Lcu.1GRN.Chr2p561720527",2,561720527,2.09882769798123e-07,0.0817901234567902,NA,0.000105839678999999,"GLM","NYC","DTF_Sask_2017",6.6780232131029,3.97535148598553,"Suggestive",2.22656058939276
"Lcu.1GRN.Chr1p439580720",1,439580720,2.10189779532472e-07,0.112654320987654,NA,0.000105839678999999,"GLM","NYC","DTF_Sask_2017",6.67738840534186,3.97535148598553,"Suggestive",2.13118566951482
"Lcu.1GRN.Chr7p7376126",7,7376126,2.10365073551339e-07,0.263975155279503,NA,0.00235866228984144,"FarmCPU","NYC","DTF_Sask_2017_b",6.67702636348713,2.62733423637491,"Suggestive",0.702752928437299
"Lcu.1GRN.Chr2p44640365",2,44640365,2.11277234619468e-07,0.101851851851852,NA,0.000106175552641858,"GLM","NYC","DTF_Sask_2017",6.67514729618851,3.97397546983637,"Suggestive",2.0560060059795
"Lcu.1GRN.Chr1p374022434",1,374022434,2.11349921076107e-07,0.330645161290323,NA,0.000143618462429509,"MLM","NYC","Cotyledon_RedvsYellow",6.67499791001248,3.84278972711417,"Suggestive",-0.199273691321639
"Lcu.1GRN.Chr6p424282170",6,424282170,2.11488107543382e-07,0.188271604938272,NA,0.000106175552641858,"GLM","NYC","DTF_Sask_2017",6.67471404896742,3.97397546983637,"Suggestive",1.45277119716738
"Lcu.1GRN.Chr1p445787487",1,445787487,2.12801741273954e-07,0.231481481481482,NA,0.000106675832052304,"GLM","NYC","DTF_Sask_2017",6.67202482269947,3.97193396103659,"Suggestive",1.59150634947841
"Lcu.1GRN.Chr2p45342842",2,45342842,2.13309626538256e-07,0.308641975308642,NA,0.000106771308258621,"GLM","NYC","DTF_Sask_2017",6.67098954465322,3.97154543587517,"Suggestive",1.41084552496521
"Lcu.1GRN.Chr6p1549942",6,1549942,2.16055675451109e-07,0.0833333333333334,NA,0.000107930671381962,"GLM","NYC","DTF_Sask_2017",6.66543432095319,3.96685512140528,"Suggestive",2.0428805105459
"Lcu.1GRN.Chr2p51502948",2,51502948,2.16267566412408e-07,0.208333333333333,NA,0.000107930671381962,"GLM","NYC","DTF_Sask_2017",6.66500860670184,3.96685512140528,"Suggestive",1.61847741765956
"Lcu.1GRN.Chr2p612964395",2,612964395,2.17620003929777e-07,0.20679012345679,NA,0.0001081674536046,"GLM","NYC","DTF_Sask_2017",6.66230118619344,3.9659033940003,"Suggestive",-1.68511247340209
"Lcu.1GRN.Chr4p10982480",4,10982480,2.17981326123689e-07,0.277777777777778,NA,0.0001081674536046,"GLM","NYC","DTF_Sask_2017",6.6615807096468,3.9659033940003,"Suggestive",1.50102037318564
"Lcu.1GRN.Chr4p412476606",4,412476606,2.18024207127536e-07,0.0833333333333334,NA,0.0001081674536046,"GLM","NYC","DTF_Sask_2017",6.66149528420153,3.9659033940003,"Suggestive",2.03498840259283
"Lcu.1GRN.Chr2p63354565",2,63354565,2.18028324847321e-07,0.24537037037037,NA,0.0001081674536046,"GLM","NYC","DTF_Sask_2017",6.66148708196511,3.9659033940003,"Suggestive",1.39877733546811
"Lcu.1GRN.Chr4p462728109",4,462728109,2.18935165243233e-07,0.236024844720497,NA,0.00237556660410873,"FarmCPU","NYC","DTF_Sask_2017_b",6.6596844766937,2.62423278869609,"Suggestive",-0.778582788466146
"Lcu.1GRN.Chr2p10401713",2,10401713,2.20553920466215e-07,0.0679012345679012,NA,0.000109259293910839,"GLM","NYC","DTF_Sask_2017",6.6564852179957,3.96154161044433,"Suggestive",2.35862626157621
"Lcu.1GRN.Chr2p151200453",2,151200453,2.22868551206836e-07,0.405864197530864,NA,0.000110243567593808,"GLM","NYC","DTF_Sask_2017",6.65195121012418,3.95764674099855,"Suggestive",1.40352922720821
"Lcu.1GRN.Chr6p211596643",6,211596643,2.25203377503682e-07,0.095679012345679,NA,0.000111234925816125,"GLM","NYC","DTF_Sask_2017",6.64742510040945,3.95375883049036,"Suggestive",1.92997372272134
"Lcu.1GRN.Chr2p51503013",2,51503013,2.2568812548763e-07,0.373456790123457,NA,0.000111236957940948,"GLM","NYC","DTF_Sask_2017",6.64649129059376,3.95375089653859,"Suggestive",1.26519338346051
"Lcu.1GRN.Chr1p543166366",1,543166366,2.25907331988942e-07,0.0848765432098766,NA,0.000111236957940948,"GLM","NYC","DTF_Sask_2017",6.64606967350343,3.95375089653859,"Suggestive",2.14791068518736
"Lcu.1GRN.Chr2p48676618",2,48676618,2.261995951791e-07,0.364197530864197,NA,0.000111236957940948,"GLM","NYC","DTF_Sask_2017",6.64550817665035,3.95375089653859,"Suggestive",1.5821354258841
"Lcu.1GRN.Chr3p387941077",3,387941077,2.27859381388733e-07,0.0864197530864198,NA,0.000111563866869846,"GLM","NYC","DTF_Sask_2017",6.64233308601291,3.95247644124059,"Suggestive",1.94990990108181
"Lcu.1GRN.Chr3p387941114",3,387941114,2.27859381388733e-07,0.0864197530864198,NA,0.000111563866869846,"GLM","NYC","DTF_Sask_2017",6.64233308601291,3.95247644124059,"Suggestive",1.94990990108181
"Lcu.1GRN.Chr3p387941634",3,387941634,2.27859381388733e-07,0.0864197530864198,NA,0.000111563866869846,"GLM","NYC","DTF_Sask_2017",6.64233308601291,3.95247644124059,"Suggestive",1.94990990108181
"Lcu.1GRN.Chr1p540886584",1,540886584,2.28231315765083e-07,0.404320987654321,NA,0.000111583550857491,"GLM","NYC","DTF_Sask_2017",6.6416247660051,3.95239982240874,"Suggestive",2.15534088464653
"Lcu.1GRN.Chr2p43311619",2,43311619,2.29838723134647e-07,0.162037037037037,NA,0.000111990921553549,"GLM","NYC","DTF_Sask_2017",6.63857679972546,3.95081718160661,"Suggestive",1.81849853925758
"Lcu.1GRN.Chr3p432880513",3,432880513,2.30361391236602e-07,0.140432098765432,NA,0.000111990921553549,"GLM","NYC","DTF_Sask_2017",6.63759030727117,3.95081718160661,"Suggestive",-1.69632665434096
"Lcu.1GRN.Chr2p610339065",2,610339065,2.30636358504073e-07,0.226851851851852,NA,0.000111990921553549,"GLM","NYC","DTF_Sask_2017",6.63707222760074,3.95081718160661,"Suggestive",-1.56480545031269
"Lcu.1GRN.Chr2p3013341",2,3013341,2.31367039236963e-07,0.490740740740741,NA,0.00945301357167862,"FarmCPU","NYC","DTF_Sask_2017",6.63569851097242,2.0244297185899,"Suggestive",-0.727169521068175
"Lcu.1GRN.Chr2p561187904",2,561187904,2.31507326026432e-07,0.0617283950617284,NA,0.000111990921553549,"GLM","NYC","DTF_Sask_2017",6.63543526122265,3.95081718160661,"Suggestive",2.40646954398295
"Lcu.1GRN.Chr2p561699706",2,561699706,2.31507326026432e-07,0.0617283950617284,NA,0.000111990921553549,"GLM","NYC","DTF_Sask_2017",6.63543526122265,3.95081718160661,"Suggestive",2.40646954398295
"Lcu.1GRN.Chr2p562901066",2,562901066,2.31507326026432e-07,0.0617283950617284,NA,0.000111990921553549,"GLM","NYC","DTF_Sask_2017",6.63543526122265,3.95081718160661,"Suggestive",2.40646954398295
"Lcu.1GRN.Chr4p412483486",4,412483486,2.31824869081631e-07,0.0972222222222222,NA,0.000111990921553549,"GLM","NYC","DTF_Sask_2017",6.63483997680388,3.95081718160661,"Suggestive",1.95257472978057
"Lcu.1GRN.Chr3p268506039",3,268506039,2.3200617557093e-07,0.334876543209877,NA,0.000111990921553549,"GLM","NYC","DTF_Sask_2017",6.63450045484754,3.95081718160661,"Suggestive",1.28482892197432
"Lcu.1GRN.Chr6p158725440",6,158725440,2.3206102953864e-07,0.259259259259259,NA,0.000111990921553549,"GLM","NYC","DTF_Sask_2017",6.63439778534047,3.95081718160661,"Suggestive",2.19114712501164
"Lcu.1GRN.Chr7p54155334",7,54155334,2.32784540771629e-07,0.475308641975309,NA,0.000112179136999614,"GLM","NYC","DTF_Sask_2017",6.63304586457415,3.95008790536543,"Suggestive",1.32136179873176
"Lcu.1GRN.Chr1p435830935",1,435830935,2.33840724922834e-07,0.481481481481482,NA,0.000112526900028783,"GLM","NYC","DTF_Sask_2017",6.63107985130483,3.94874364521864,"Suggestive",1.49335376928468
"Lcu.1GRN.Chr6p3363427",6,3363427,2.39013692101404e-07,0.256211180124224,NA,0.00251238495534603,"FarmCPU","NYC","DTF_Sask_2017_b",6.6215772194127,2.59991381590073,"Suggestive",-0.121677162560417
"Lcu.1GRN.Chr2p52323063",2,52323063,2.3909055554236e-07,0.197530864197531,NA,0.000114888818423024,"GLM","NYC","DTF_Sask_2017",6.62143757886895,3.93972223705133,"Suggestive",-1.79251064943477
"Lcu.1GRN.Chr1p254231226",1,254231226,2.39520157393459e-07,0.337096774193548,NA,0.000162432816092673,"MLM","NYC","Cotyledon_RedvsYellow",6.62065793161739,3.78932622627571,"Suggestive",0.20949652222951
"Lcu.1GRN.Chr2p48027137",2,48027137,2.41791183119813e-07,0.310185185185185,NA,0.000116008694147567,"GLM","NYC","DTF_Sask_2017",6.61655953967138,3.93550946181772,"Suggestive",1.54939307300813
"Lcu.1GRN.Chr3p427915399",3,427915399,2.42110858947495e-07,0.165123456790123,NA,0.000116008694147567,"GLM","NYC","DTF_Sask_2017",6.61598573151979,3.93550946181772,"Suggestive",-1.48453216912912
"Lcu.1GRN.Chr2p38932963",2,38932963,2.43038792004971e-07,0.16820987654321,NA,0.000116277321835444,"GLM","NYC","DTF_Sask_2017",6.61432440208431,3.93450497970074,"Suggestive",1.52544200218202
"Lcu.1GRN.Chr2p86496173",2,86496173,2.43471339429019e-07,0.304012345679012,NA,0.000116277321835444,"GLM","NYC","DTF_Sask_2017",6.61355215502599,3.93450497970074,"Suggestive",1.42869765950348
"Lcu.1GRN.Chr6p417769028",6,417769028,2.43708544221009e-07,0.246913580246914,NA,0.000116277321835444,"GLM","NYC","DTF_Sask_2017",6.61312924454122,3.93450497970074,"Suggestive",1.45024490351759
"Lcu.1GRN.Chr2p34022156",2,34022156,2.44466936561613e-07,0.0879629629629629,NA,0.00011639262756055,"GLM","NYC","DTF_Sask_2017",6.61177986962758,3.93407452751407,"Suggestive",1.91726901792595
"Lcu.1GRN.Chr1p559039206",1,559039206,2.44642273722776e-07,0.239197530864197,NA,0.00011639262756055,"GLM","NYC","DTF_Sask_2017",6.61146849554904,3.93407452751407,"Suggestive",1.43527165716614
"Lcu.1GRN.Chr6p420960952",6,420960952,2.45524328257623e-07,0.486111111111111,NA,0.00011651936721873,"GLM","NYC","DTF_Sask_2017",6.60990546849187,3.9336018825593,"Suggestive",-1.31367538836811
"Lcu.1GRN.Chr6p419986686",6,419986686,2.45794108505945e-07,0.327160493827161,NA,0.00011651936721873,"GLM","NYC","DTF_Sask_2017",6.60942853102655,3.9336018825593,"Suggestive",1.28068614136988
"Lcu.1GRN.Chr6p1320536",6,1320536,2.45947880515325e-07,0.0601851851851852,NA,0.00011651936721873,"GLM","NYC","DTF_Sask_2017",6.6091569156721,3.9336018825593,"Suggestive",2.32704937215544
"Lcu.1GRN.Chr2p561703597",2,561703597,2.47717852676063e-07,0.145061728395062,NA,0.000117192842406595,"GLM","NYC","DTF_Sask_2017",6.60604269329584,3.93109891219373,"Suggestive",2.00575190359854
"Lcu.1GRN.Chr1p354744070",1,354744070,2.48488223854613e-07,0.245161290322581,NA,0.000168175529966408,"MLM","NYC","Cotyledon_RedvsYellow",6.60469418816262,3.77423719506408,"Suggestive",-0.192533502341745
"Lcu.1GRN.Chr4p5743629",4,5743629,2.51099090073318e-07,0.310185185185185,NA,0.000118625628694792,"GLM","NYC","DTF_Sask_2017",6.60015486106985,3.92582147287483,"Suggestive",-1.34186767070612
"Lcu.1GRN.Chr3p344549346",3,344549346,2.52981213634927e-07,0.248456790123457,NA,0.000119347169546619,"GLM","NYC","DTF_Sask_2017",6.59691172830092,3.92318787632091,"Suggestive",1.5185884144633
"Lcu.1GRN.Chr6p165813053",6,165813053,2.54473859251354e-07,0.20679012345679,NA,0.000119883205342858,"GLM","NYC","DTF_Sask_2017",6.59435682380257,3.92124165374687,"Suggestive",1.40338727247817
"Lcu.1GRN.Chr3p427915394",3,427915394,2.56922025134875e-07,0.16820987654321,NA,0.000120867259900059,"GLM","NYC","DTF_Sask_2017",6.59019866340776,3.91769132337697,"Suggestive",-1.48146851698581
"Lcu.1GRN.Chr2p63106327",2,63106327,2.58064022638654e-07,0.287037037037037,NA,0.000121234945674436,"GLM","NYC","DTF_Sask_2017",6.5882725373337,3.91637217780968,"Suggestive",1.380287247127
"Lcu.1GRN.Chr1p543144436",1,543144436,2.58645591710576e-07,0.109567901234568,NA,0.000121279355771912,"GLM","NYC","DTF_Sask_2017",6.58729491919608,3.91621311865007,"Suggestive",1.90300683794862
"Lcu.1GRN.Chr1p530030808",1,530030808,2.58879668469954e-07,0.371913580246914,NA,0.000121279355771912,"GLM","NYC","DTF_Sask_2017",6.58690205623965,3.91621311865007,"Suggestive",-1.51053222300479
"Lcu.1GRN.Chr1p361279443",1,361279443,2.59141979824452e-07,0.143548387096774,NA,0.000175033755677935,"MLM","NYC","Cotyledon_RedvsYellow",6.58646222758032,3.75687818850816,"Suggestive",-0.177397261721184
"Lcu.1GRN.Chr3p433424844",3,433424844,2.62261152890527e-07,0.29320987654321,NA,0.000122451511090271,"GLM","NYC","DTF_Sask_2017",6.5812660339797,3.91203585117531,"Suggestive",1.43791016841655
"Lcu.1GRN.Chr1p560221722",1,560221722,2.62473844033705e-07,0.197530864197531,NA,0.000122451511090271,"GLM","NYC","DTF_Sask_2017",6.58091396828775,3.91203585117531,"Suggestive",1.52251007555526
"Lcu.1GRN.Chr1p560222073",1,560222073,2.62473844033705e-07,0.197530864197531,NA,0.000122451511090271,"GLM","NYC","DTF_Sask_2017",6.58091396828775,3.91203585117531,"Suggestive",1.52251007555526
"Lcu.1GRN.Chr3p345193745",3,345193745,2.63755313972273e-07,0.175925925925926,NA,0.000122878924785196,"GLM","NYC","DTF_Sask_2017",6.57879878172046,3.91052259745823,"Suggestive",1.68226316903232
"Lcu.1GRN.Chr2p1033604",2,1033604,2.64179856305237e-07,0.407407407407407,NA,0.000122901265852394,"GLM","NYC","DTF_Sask_2017",6.5781003003816,3.91044364396563,"Suggestive",1.72658165887023
"Lcu.1GRN.Chr2p65193810",2,65193810,2.6453402526744e-07,0.257716049382716,NA,0.000122901265852394,"GLM","NYC","DTF_Sask_2017",6.57751845960036,3.91044364396563,"Suggestive",1.40180415327251
"Lcu.1GRN.Chr2p54393339",2,54393339,2.65459252802301e-07,0.330246913580247,NA,0.000123161010327381,"GLM","NYC","DTF_Sask_2017",6.57600213236484,3.90952675710396,"Suggestive",1.31157446965865
"Lcu.1GRN.Chr2p561717174",2,561717174,2.66671772193474e-07,0.205246913580247,NA,0.000123495535043355,"GLM","NYC","DTF_Sask_2017",6.57402295292437,3.90834874395157,"Suggestive",1.76533434320504
"Lcu.1GRN.Chr2p151200585",2,151200585,2.66914572406088e-07,0.402777777777778,NA,0.000123495535043355,"GLM","NYC","DTF_Sask_2017",6.57362771492441,3.90834874395157,"Suggestive",1.40387583857427
"Lcu.1GRN.Chr2p65209426",2,65209426,2.68866375125003e-07,0.253086419753086,NA,0.000124207477111618,"GLM","NYC","DTF_Sask_2017",6.57046350796923,3.90585225946883,"Suggestive",1.39347128870747
"Lcu.1GRN.Chr2p151093380",2,151093380,2.6919183752975e-07,0.416666666666667,NA,0.000124207477111618,"GLM","NYC","DTF_Sask_2017",6.56993811298273,3.90585225946883,"Suggestive",1.3932141441266
"Lcu.1GRN.Chr1p543371591",1,543371591,2.70359657665207e-07,0.257716049382716,NA,0.000124575434205305,"GLM","NYC","DTF_Sask_2017",6.56805811214053,3.90456759042912,"Suggestive",-1.48481111458182
"Lcu.1GRN.Chr4p390519812",4,390519812,2.72246240787401e-07,0.109567901234568,NA,0.000125268666527497,"GLM","NYC","DTF_Sask_2017",6.56503810832723,3.90215754557365,"Suggestive",1.83761853418201
"Lcu.1GRN.Chr2p410091637",2,410091637,2.73190788051257e-07,0.0756172839506173,NA,0.000125268666527497,"GLM","NYC","DTF_Sask_2017",6.56353394908259,3.90215754557365,"Suggestive",3.02388591456361
"Lcu.1GRN.Chr3p427321077",3,427321077,2.73298242065272e-07,0.219135802469136,NA,0.000125268666527497,"GLM","NYC","DTF_Sask_2017",6.56336316180828,3.90215754557365,"Suggestive",-1.2912058616989
"Lcu.1GRN.Chr2p48293861",2,48293861,2.73353810662707e-07,0.33641975308642,NA,0.000125268666527497,"GLM","NYC","DTF_Sask_2017",6.56327486748945,3.90215754557365,"Suggestive",1.59705871744399
"Lcu.1GRN.Chr6p166676985",6,166676985,2.75363487493283e-07,0.202160493827161,NA,0.000125855812376305,"GLM","NYC","DTF_Sask_2017",6.56009364661886,3.90012672270866,"Suggestive",1.40263539663192
"Lcu.1GRN.Chr2p17508955",2,17508955,2.75383369679429e-07,0.274691358024691,NA,0.000125855812376305,"GLM","NYC","DTF_Sask_2017",6.56006229020303,3.90012672270866,"Suggestive",-1.79268736550779
"Lcu.1GRN.Chr1p543145034",1,543145034,2.75926565067202e-07,0.0756172839506173,NA,0.000125906931505609,"GLM","NYC","DTF_Sask_2017",6.55920648543343,3.89995036018783,"Suggestive",2.05823612157104
"Lcu.1GRN.Chr3p26025613",3,26025613,2.76243851064877e-07,0.0987654320987654,NA,0.000125906931505609,"GLM","NYC","DTF_Sask_2017",6.55870738019666,3.89995036018783,"Suggestive",1.80671956904331
"Lcu.1GRN.Chr6p20799044",6,20799044,2.76711243162995e-07,0.169753086419753,NA,0.00945301357167862,"FarmCPU","NYC","DTF_Sask_2017",6.5579731945112,2.0244297185899,"Suggestive",-0.91202436159651
"Lcu.1GRN.Chr7p51917984",7,51917984,2.77154075568183e-07,0.452160493827161,NA,0.000126150859183549,"GLM","NYC","DTF_Sask_2017",6.55727873069678,3.89910978725974,"Suggestive",1.32799583435275
"Lcu.1GRN.Chr5p1682459",5,1682459,2.77537797847607e-07,0.16820987654321,NA,0.00518636424714477,"MLM","NYC","DTF_Nepal_2017",6.55667786198712,2.28513698525855,"Suggestive",6.31782347604452
"Lcu.1GRN.Chr6p420958092",6,420958092,2.78397651142987e-07,0.487654320987654,NA,0.000126545652327045,"GLM","NYC","DTF_Sask_2017",6.55533443321357,3.89775277111267,"Suggestive",-1.34344953868369
"Lcu.1GRN.Chr3p433424844",3,433424844,2.8103272829019e-07,0.29320987654321,NA,0.00945301357167862,"FarmCPU","NYC","DTF_Sask_2017",6.55124310042177,2.0244297185899,"Suggestive",0.713902598805157
"Lcu.1GRN.Chr1p528043920",1,528043920,2.83454455445825e-07,0.498456790123457,NA,0.000128551941381739,"GLM","NYC","DTF_Sask_2017",6.54751671221216,3.89092136028903,"Suggestive",1.34001840043358
"Lcu.1GRN.Chr1p434775151",1,434775151,2.83575798176547e-07,0.5,NA,0.000128551941381739,"GLM","NYC","DTF_Sask_2017",6.54733083684188,3.89092136028903,"Suggestive",1.37763042932288
"Lcu.1GRN.Chr1p371693824",1,371693824,2.84006779896339e-07,0.212903225806452,NA,0.000191443904876537,"MLM","NYC","Cotyledon_RedvsYellow",6.54667129221908,3.7179584560106,"Suggestive",-0.200841564581177
"Lcu.1GRN.Chr4p439870735",4,439870735,2.85591305109185e-07,0.299382716049383,NA,0.000129291373520406,"GLM","NYC","DTF_Sask_2017",6.5442550188867,3.8884304508154,"Suggestive",-1.61539088475106
"Lcu.1GRN.Chr7p6682295",7,6682295,2.91200954260889e-07,0.432098765432099,NA,0.000131638516037145,"GLM","NYC","DTF_Sask_2017",6.53580720618057,3.88061702215791,"Suggestive",-1.25136108620814
"Lcu.1GRN.Chr3p262980645",3,262980645,2.91558608447538e-07,0.444444444444444,NA,0.000131638516037145,"GLM","NYC","DTF_Sask_2017",6.53527413124149,3.88061702215791,"Suggestive",1.35640692837927
"Lcu.1GRN.Chr1p35450104",1,35450104,2.92360690756176e-07,0.496774193548387,NA,0.00578473461574016,"BLINK","NYC","Cotyledon_RedvsYellow",6.53408102068586,2.23771656023226,"Suggestive",-0.0353748298350277
"Lcu.1GRN.Chr1p361416379",1,361416379,2.93911980256857e-07,0.154838709677419,NA,0.000197724582126116,"MLM","NYC","Cotyledon_RedvsYellow",6.53178271112574,3.70393933362989,"Suggestive",-0.17795335613459
"Lcu.1GRN.Chr1p558488210",1,558488210,2.94255451616824e-07,0.253086419753086,NA,0.000132678047579083,"GLM","NYC","DTF_Sask_2017",6.53127548231572,3.87720092795651,"Suggestive",1.48540611733344
"Lcu.1GRN.Chr3p427915390",3,427915390,2.95161978188428e-07,0.169753086419753,NA,0.000132908633356502,"GLM","NYC","DTF_Sask_2017",6.52993958765681,3.87644680764033,"Suggestive",-1.47211387999792
"Lcu.1GRN.Chr1p446496337",1,446496337,2.96202549626996e-07,0.262345679012346,NA,0.000133198881029925,"GLM","NYC","DTF_Sask_2017",6.52841120751579,3.87549942354838,"Suggestive",1.59002053016761
"Lcu.1GRN.Chr1p559042691",1,559042691,2.99574917154906e-07,0.367283950617284,NA,0.000134535535592315,"GLM","NYC","DTF_Sask_2017",6.52349455211156,3.87116298797915,"Suggestive",1.47507099120273
"Lcu.1GRN.Chr1p407955840",1,407955840,3.00032230520469e-07,0.388709677419355,NA,0.000201439004557841,"MLM","NYC","Cotyledon_RedvsYellow",6.52283208932924,3.69585643336461,"Suggestive",0.178466727326835
"Lcu.1GRN.Chr5p458387580",5,458387580,3.00697614031683e-07,0.273148148148148,NA,0.000134859672451994,"GLM","NYC","DTF_Sask_2017",6.5218700179154,3.87011789947522,"Suggestive",-1.47861462774705
"Lcu.1GRN.Chr2p37104443",2,37104443,3.02270180569624e-07,0.186728395061728,NA,0.000135063538191717,"GLM","NYC","DTF_Sask_2017",6.51960469454509,3.86946187747226,"Suggestive",1.48070094212412
"Lcu.1GRN.Chr2p37298382",2,37298382,3.02270180569624e-07,0.186728395061728,NA,0.000135063538191717,"GLM","NYC","DTF_Sask_2017",6.51960469454509,3.86946187747226,"Suggestive",1.48070094212412
"Lcu.1GRN.Chr2p320875910",2,320875910,3.02356783686756e-07,0.108024691358025,NA,0.000135063538191717,"GLM","NYC","DTF_Sask_2017",6.51948028310343,3.86946187747226,"Suggestive",-1.90093896410031
"Lcu.1GRN.Chr2p11153005",2,11153005,3.05775693529276e-07,0.0725308641975309,NA,0.000136274810395229,"GLM","NYC","DTF_Sask_2017",6.51459704013253,3.86558441355169,"Suggestive",2.18019559867656
"Lcu.1GRN.Chr2p40068785",2,40068785,3.05878644006095e-07,0.344135802469136,NA,0.000136274810395229,"GLM","NYC","DTF_Sask_2017",6.51445084375438,3.86558441355169,"Suggestive",1.33793597502776
"Lcu.1GRN.Chr6p237011135",6,237011135,3.07661650374069e-07,0.101851851851852,NA,0.000136489970983933,"GLM","NYC","DTF_Sask_2017",6.51192663462318,3.86489925855987,"Suggestive",1.87735504471908
"Lcu.1GRN.Chr4p473634011",4,473634011,3.08283712243429e-07,0.452160493827161,NA,0.000136489970983933,"GLM","NYC","DTF_Sask_2017",6.51104942003399,3.86489925855987,"Suggestive",1.26639136686154
"Lcu.1GRN.Chr6p292196020",6,292196020,3.09103233707935e-07,0.058641975308642,NA,0.000136489970983933,"GLM","NYC","DTF_Sask_2017",6.50989645150685,3.86489925855987,"Suggestive",-2.30483047845041
"Lcu.1GRN.Chr6p292197122",6,292197122,3.09103233707935e-07,0.058641975308642,NA,0.000136489970983933,"GLM","NYC","DTF_Sask_2017",6.50989645150685,3.86489925855987,"Suggestive",-2.30483047845041
"Lcu.1GRN.Chr6p292273384",6,292273384,3.09103233707935e-07,0.058641975308642,NA,0.000136489970983933,"GLM","NYC","DTF_Sask_2017",6.50989645150685,3.86489925855987,"Suggestive",-2.30483047845041
"Lcu.1GRN.Chr6p292273464",6,292273464,3.09103233707935e-07,0.058641975308642,NA,0.000136489970983933,"GLM","NYC","DTF_Sask_2017",6.50989645150685,3.86489925855987,"Suggestive",-2.30483047845041
"Lcu.1GRN.Chr3p191864461",3,191864461,3.09202026030369e-07,0.37037037037037,NA,0.000136489970983933,"GLM","NYC","DTF_Sask_2017",6.50975766905214,3.86489925855987,"Suggestive",-2.05039407214161
"Lcu.1GRN.Chr2p51759163",2,51759163,3.11804829684347e-07,0.165123456790123,NA,0.000137458525748932,"GLM","NYC","DTF_Sask_2017",6.50611716211377,3.86182831823677,"Suggestive",1.55427485077826
"Lcu.1GRN.Chr1p374029373",1,374029373,3.1205873887853e-07,0.330645161290323,NA,0.000209096139084372,"MLM","NYC","Cotyledon_RedvsYellow",6.50576365095016,3.67965398626331,"Suggestive",-0.195305367581479
"Lcu.1GRN.Chr6p396744138",6,396744138,3.12880192110036e-07,0.0895061728395061,NA,0.00553908271470928,"MLM","NYC","DTF_Nepal_2017",6.50462193039681,2.25656214951777,"Suggestive",6.35303571884398
"Lcu.1GRN.Chr6p424248959",6,424248959,3.13036390502984e-07,0.259259259259259,NA,0.000137820826654865,"GLM","NYC","DTF_Sask_2017",6.50440517275392,3.86068514949774,"Suggestive",1.35478944740181
"Lcu.1GRN.Chr6p283743620",6,283743620,3.15990673472829e-07,0.0570987654320988,NA,0.000138939653417039,"GLM","NYC","DTF_Sask_2017",6.50032573547989,3.85717378880163,"Suggestive",-2.34552937753546
"Lcu.1GRN.Chr1p361411334",1,361411334,3.16843406305663e-07,0.0709677419354838,NA,0.000211880051786912,"MLM","NYC","Cotyledon_RedvsYellow",6.49915532636378,3.67390992958783,"Suggestive",-0.229822313803483
"Lcu.1GRN.Chr3p345027071",3,345027071,3.17728103535572e-07,0.177469135802469,NA,0.000139521212796279,"GLM","NYC","DTF_Sask_2017",6.49794436946426,3.85535975726499,"Suggestive",1.67835382683688
"Lcu.1GRN.Chr2p63865925",2,63865925,3.19619664827101e-07,0.200617283950617,NA,0.000139928567752023,"GLM","NYC","DTF_Sask_2017",6.49536650825927,3.85409361109436,"Suggestive",1.49366571384331
"Lcu.1GRN.Chr4p1356258",4,1356258,3.19632452883901e-07,0.137345679012346,NA,0.000139928567752023,"GLM","NYC","DTF_Sask_2017",6.49534913238409,3.85409361109436,"Suggestive",-1.77890736892792
"Lcu.1GRN.Chr1p434776557",1,434776557,3.19903761668967e-07,0.46141975308642,NA,0.000139928567752023,"GLM","NYC","DTF_Sask_2017",6.4949806531248,3.85409361109436,"Suggestive",1.45734639370004
"Lcu.1GRN.Chr1p364998923",1,364998923,3.21337922918969e-07,0.391935483870968,NA,0.000214459272060486,"MLM","NYC","Cotyledon_RedvsYellow",6.49303801785786,3.66865517247152,"Suggestive",-0.149696797896405
"Lcu.1GRN.Chr4p412483548",4,412483548,3.22470204813274e-07,0.0910493827160493,NA,0.000140754127772288,"GLM","NYC","DTF_Sask_2017",6.49151040655729,3.85153886011824,"Suggestive",1.98786009256389
"Lcu.1GRN.Chr5p457713525",5,457713525,3.22850731760197e-07,0.29320987654321,NA,0.000140754127772288,"GLM","NYC","DTF_Sask_2017",6.49099822490301,3.85153886011824,"Suggestive",1.4868119194833
"Lcu.1GRN.Chr2p45760942",2,45760942,3.23046513600343e-07,0.378086419753086,NA,0.000140754127772288,"GLM","NYC","DTF_Sask_2017",6.49073494161438,3.85153886011824,"Suggestive",1.48025689769051
"Lcu.1GRN.Chr4p390520410",4,390520410,3.23493538260291e-07,0.100308641975309,NA,0.000140764210404175,"GLM","NYC","DTF_Sask_2017",6.49013438988223,3.85150775144218,"Suggestive",1.85440198069136
"Lcu.1GRN.Chr7p7501409",7,7501409,3.23932343770844e-07,0.0910493827160493,NA,0.000140764210404175,"GLM","NYC","DTF_Sask_2017",6.48954568669216,3.85150775144218,"Suggestive",-2.01944050135478
"Lcu.1GRN.Chr6p421655691",6,421655691,3.24325106396393e-07,0.24537037037037,NA,0.000140764210404175,"GLM","NYC","DTF_Sask_2017",6.48901943076775,3.85150775144218,"Suggestive",-1.52412511605266
"Lcu.1GRN.Chr4p390820223",4,390820223,3.27782809501461e-07,0.347222222222222,NA,0.00014208159830358,"GLM","NYC","DTF_Sask_2017",6.48441382664844,3.84746216607476,"Suggestive",1.42559499486069
"Lcu.1GRN.Chr2p10537858",2,10537858,3.2988349615623e-07,0.233024691358025,NA,0.000142808136359823,"GLM","NYC","DTF_Sask_2017",6.48163941136454,3.84524704833358,"Suggestive",1.31227980179936
"Lcu.1GRN.Chr1p434778673",1,434778673,3.31711551893472e-07,0.25462962962963,NA,0.000143217344172225,"GLM","NYC","DTF_Sask_2017",6.47923940386119,3.84400438410801,"Suggestive",2.21274107654403
"Lcu.1GRN.Chr2p579643744",2,579643744,3.31820975513072e-07,0.371913580246914,NA,0.000143217344172225,"GLM","NYC","DTF_Sask_2017",6.47909616423796,3.84400438410801,"Suggestive",1.5423605515991
"Lcu.1GRN.Chr6p5370272",6,5370272,3.32106087857415e-07,0.114197530864197,NA,0.000143217344172225,"GLM","NYC","DTF_Sask_2017",6.4787231632494,3.84400438410801,"Suggestive",1.75870919625666
"Lcu.1GRN.Chr6p292192791",6,292192791,3.32641178172655e-07,0.0648148148148148,NA,0.000143264424044048,"GLM","NYC","DTF_Sask_2017",6.47802398979418,3.84386164183961,"Suggestive",-2.23813083612515
"Lcu.1GRN.Chr4p390522351",4,390522351,3.34466340118528e-07,0.114197530864197,NA,0.000143866290826917,"GLM","NYC","DTF_Sask_2017",6.47564758204066,3.84204095326863,"Suggestive",1.81021411310127
"Lcu.1GRN.Chr6p5348232",6,5348232,3.36405544416832e-07,0.111111111111111,NA,0.000144515611441707,"GLM","NYC","DTF_Sask_2017",6.47313685505667,3.84008523528274,"Suggestive",1.75216052467508
"Lcu.1GRN.Chr1p439819971",1,439819971,3.37374958090185e-07,0.114197530864197,NA,0.000144619578845903,"GLM","NYC","DTF_Sask_2017",6.4718871563849,3.83977290753155,"Suggestive",2.11020771419197
"Lcu.1GRN.Chr2p43025595",2,43025595,3.3750745285368e-07,0.192901234567901,NA,0.000144619578845903,"GLM","NYC","DTF_Sask_2017",6.47171663261817,3.83977290753155,"Suggestive",1.81655105150662
"Lcu.1GRN.Chr5p458483396",5,458483396,3.40000913732861e-07,0.287037037037037,NA,0.000145502655661045,"GLM","NYC","DTF_Sask_2017",6.46851991581479,3.83712908002232,"Suggestive",-1.46556224356499
"Lcu.1GRN.Chr1p439146315",1,439146315,3.41596461839562e-07,0.149691358024691,NA,0.000145999716746617,"GLM","NYC","DTF_Sask_2017",6.46648663626029,3.83564798678748,"Suggestive",1.95575565670686
"Lcu.1GRN.Chr2p49588843",2,49588843,3.42091428448368e-07,0.233024691358025,NA,0.000146025720194026,"GLM","NYC","DTF_Sask_2017",6.46585780749927,3.83557064315695,"Suggestive",1.6116343181246
"Lcu.1GRN.Chr3p135248396",3,135248396,3.42837590913433e-07,0.486111111111111,NA,0.000146158747709479,"GLM","NYC","DTF_Sask_2017",6.4649115653042,3.83517518668174,"Suggestive",1.20820074593532
"Lcu.1GRN.Chr1p374024265",1,374024265,3.43557246040433e-07,0.335483870967742,NA,0.000228834297383926,"MLM","NYC","Cotyledon_RedvsYellow",6.46400088722731,3.6404788835141,"Suggestive",-0.1947247402908
"Lcu.1GRN.Chr7p594965596",7,594965596,3.45762756342427e-07,0.174382716049383,NA,0.0116303181062633,"BLINK","NYC","DTF_Sask_2017",6.46122178834973,1.93440840651786,"Suggestive",-1.10886701662751
"Lcu.1GRN.Chr7p645201242",7,645201242,3.46031630681747e-07,0.100308641975309,NA,0.000147333698123452,"GLM","NYC","DTF_Sask_2017",6.46088420062146,3.83169791008003,"Suggestive",1.82746449074142
"Lcu.1GRN.Chr6p3363136",6,3363136,3.46469276134565e-07,0.260869565217391,NA,0.00333461886782523,"FarmCPU","NYC","DTF_Sask_2017_b",6.46033527128831,2.47695379684768,"Suggestive",-0.0719117101411939
"Lcu.1GRN.Chr6p417301983",6,417301983,3.47881412971164e-07,0.307098765432099,NA,0.000147934042018801,"GLM","NYC","DTF_Sask_2017",6.45856877464333,3.82993187630913,"Suggestive",1.49087763836977
"Lcu.1GRN.Chr1p372693400",1,372693400,3.48490060582874e-07,0.17258064516129,NA,0.000231661178276837,"MLM","NYC","Cotyledon_RedvsYellow",6.45780960406689,3.63514673907481,"Suggestive",-0.190021970018531
"Lcu.1GRN.Chr2p561717172",2,561717172,3.49100827054766e-07,0.202160493827161,NA,0.000148078181455146,"GLM","NYC","DTF_Sask_2017",6.45704912229755,3.82950892778328,"Suggestive",1.75232835152389
"Lcu.1GRN.Chr2p561717173",2,561717173,3.49100827054766e-07,0.202160493827161,NA,0.000148078181455146,"GLM","NYC","DTF_Sask_2017",6.45704912229755,3.82950892778328,"Suggestive",1.75232835152389
"Lcu.1GRN.Chr2p38934754",2,38934754,3.50480621837677e-07,0.188271604938272,NA,0.000148419966262472,"GLM","NYC","DTF_Sask_2017",6.45533598928539,3.82850767146711,"Suggestive",1.47241378338873
"Lcu.1GRN.Chr1p528044106",1,528044106,3.50789088045691e-07,0.49537037037037,NA,0.000148419966262472,"GLM","NYC","DTF_Sask_2017",6.45495392464251,3.82850767146711,"Suggestive",1.32747638982288
"Lcu.1GRN.Chr1p374603866",1,374603866,3.51523853189377e-07,0.432258064516129,NA,0.000233217009715485,"MLM","NYC","Cotyledon_RedvsYellow",6.45404519992711,3.63223977742858,"Suggestive",-0.151534341635763
"Lcu.1GRN.Chr2p150087128",2,150087128,3.56243879225331e-07,0.399691358024691,NA,0.000150538548898727,"GLM","NYC","DTF_Sask_2017",6.44825258871396,3.82235227461975,"Suggestive",1.36982186804578
"Lcu.1GRN.Chr1p437368329",1,437368329,3.56890774783818e-07,0.281055900621118,NA,0.00333461886782523,"FarmCPU","NYC","DTF_Sask_2017_b",6.44746467791227,2.47695379684768,"Suggestive",-16
"Lcu.1GRN.Chr1p437368794",1,437368794,3.56890774783818e-07,0.281055900621118,NA,0.00333461886782523,"FarmCPU","NYC","DTF_Sask_2017_b",6.44746467791227,2.47695379684768,"Suggestive",-16
"Lcu.1GRN.Chr1p437369245",1,437369245,3.56890774783818e-07,0.281055900621118,NA,0.00333461886782523,"FarmCPU","NYC","DTF_Sask_2017_b",6.44746467791227,2.47695379684768,"Suggestive",-16
"Lcu.1GRN.Chr5p458483547",5,458483547,3.58422993900462e-07,0.285493827160494,NA,0.000151269344026746,"GLM","NYC","DTF_Sask_2017",6.44560413683424,3.82024907639848,"Suggestive",-1.46782583154047
"Lcu.1GRN.Chr1p363985977",1,363985977,3.58559447189874e-07,0.117741935483871,NA,0.000237416467663221,"MLM","NYC","Cotyledon_RedvsYellow",6.44543883038335,3.62448916083539,"Suggestive",-0.192749605363135
"Lcu.1GRN.Chr6p22498924",6,22498924,3.59005851248025e-07,0.297839506172839,NA,0.00928905547436496,"FarmCPU","NYC","DTF_Nepal_2017",6.44489847302608,2.03202844350104,"Suggestive",2.7706692117244
"Lcu.1GRN.Chr2p3367398",2,3367398,3.60405626782079e-07,0.174382716049383,NA,0.000151915488049884,"GLM","NYC","DTF_Sask_2017",6.44320843727862,3.81839794679748,"Suggestive",1.45402774131838
"Lcu.1GRN.Chr2p150477096",2,150477096,3.61478692973949e-07,0.384259259259259,NA,0.00015217710077543,"GLM","NYC","DTF_Sask_2017",6.44191729670017,3.81765069418228,"Suggestive",1.42075931010862
"Lcu.1GRN.Chr1p540113999",1,540113999,3.63408852749091e-07,0.285493827160494,NA,0.000152798431965817,"GLM","NYC","DTF_Sask_2017",6.43960449735476,3.81588110251483,"Suggestive",-1.58283474363552
"Lcu.1GRN.Chr6p210954859",6,210954859,3.65709118835795e-07,0.171296296296296,NA,0.000153573631929388,"GLM","NYC","DTF_Sask_2017",6.43686421053783,3.81368334479019,"Suggestive",-1.90916908927204
"Lcu.1GRN.Chr2p118053963",2,118053963,3.6766400444846e-07,0.154320987654321,NA,0.000154202042623834,"GLM","NYC","DTF_Sask_2017",6.4345488869509,3.81190987340319,"Suggestive",-1.76574038153177
"Lcu.1GRN.Chr4p386462138",4,386462138,3.69955785528182e-07,0.496913580246914,NA,0.00015494266221572,"GLM","NYC","DTF_Sask_2017",6.43185017660472,3.80982898628291,"Suggestive",1.67332914443867
"Lcu.1GRN.Chr2p48690067",2,48690067,3.70351135579408e-07,0.123456790123457,NA,0.00015494266221572,"GLM","NYC","DTF_Sask_2017",6.43138631936634,3.80982898628291,"Suggestive",2.53224412800876
"Lcu.1GRN.Chr6p167735318",6,167735318,3.7120937652352e-07,0.239197530864197,NA,0.000155108800438617,"GLM","NYC","DTF_Sask_2017",6.43038106229964,3.80936356083563,"Suggestive",1.46385569686186
"Lcu.1GRN.Chr2p48306788",2,48306788,3.71936926962005e-07,0.146604938271605,NA,0.00015521998549805,"GLM","NYC","DTF_Sask_2017",6.42953070150202,3.80905236147524,"Suggestive",1.59153312184336
"Lcu.1GRN.Chr1p374431054",1,374431054,3.72538441986621e-07,0.383870967741936,NA,0.000246187894136962,"MLM","NYC","Cotyledon_RedvsYellow",6.42882890605326,3.60873330655815,"Suggestive",-0.179222202690263
"Lcu.1GRN.Chr2p44214041",2,44214041,3.75546870490912e-07,0.0864197530864198,NA,0.000156532310020343,"GLM","NYC","DTF_Sask_2017",6.42533585273368,3.80539600562387,"Suggestive",2.09061929605201
"Lcu.1GRN.Chr7p9869907",7,9869907,3.78273705869996e-07,0.117283950617284,NA,0.000157307046116754,"GLM","NYC","DTF_Sask_2017",6.42219384584034,3.80325182396864,"Suggestive",1.70170382293296
"Lcu.1GRN.Chr6p5288314",6,5288314,3.78696911621082e-07,0.117283950617284,NA,0.000157307046116754,"GLM","NYC","DTF_Sask_2017",6.42170823665734,3.80325182396864,"Suggestive",1.69866945473586
"Lcu.1GRN.Chr1p540390462",1,540390462,3.78808585130441e-07,0.0570987654320988,NA,0.000157307046116754,"GLM","NYC","DTF_Sask_2017",6.42158018692186,3.80325182396864,"Suggestive",2.28586904944456
"Lcu.1GRN.Chr6p167186024",6,167186024,3.79313424201208e-07,0.350308641975309,NA,0.000157322464313548,"GLM","NYC","DTF_Sask_2017",6.42100178700103,3.80320925938031,"Suggestive",1.36139269556514
"Lcu.1GRN.Chr2p10506289",2,10506289,3.81567520008998e-07,0.0679012345679012,NA,0.000157741672880298,"GLM","NYC","DTF_Sask_2017",6.41842860063778,3.80205355771039,"Suggestive",2.30621436617923
"Lcu.1GRN.Chr2p613323029",2,613323029,3.81900007870552e-07,0.203703703703704,NA,0.000157741672880298,"GLM","NYC","DTF_Sask_2017",6.41805033267634,3.80205355771039,"Suggestive",-1.65724968336346
"Lcu.1GRN.Chr2p613375258",2,613375258,3.81900007870552e-07,0.203703703703704,NA,0.000157741672880298,"GLM","NYC","DTF_Sask_2017",6.41805033267634,3.80205355771039,"Suggestive",-1.65724968336346
"Lcu.1GRN.Chr6p420672406",6,420672406,3.82199988100624e-07,0.186728395061728,NA,0.000157741672880298,"GLM","NYC","DTF_Sask_2017",6.41770933080229,3.80205355771039,"Suggestive",1.39816392116788
"Lcu.1GRN.Chr1p364662713",1,364662713,3.84669935074748e-07,0.435483870967742,NA,0.00025350591495521,"MLM","NYC","Cotyledon_RedvsYellow",6.41491175583349,3.59601190298769,"Suggestive",-0.198082290343726
"Lcu.1GRN.Chr1p370906961",1,370906961,3.85119594199527e-07,0.191935483870968,NA,0.00025350591495521,"MLM","NYC","Cotyledon_RedvsYellow",6.41440438468485,3.59601190298769,"Suggestive",-0.233096412980801
"Lcu.1GRN.Chr2p51782013",2,51782013,3.8561117763611e-07,0.228395061728395,NA,0.000158954503661673,"GLM","NYC","DTF_Sask_2017",6.41385038577718,3.79872716269917,"Suggestive",1.67526412913031
"Lcu.1GRN.Chr5p367898555",5,367898555,3.87728900448877e-07,0.328703703703704,NA,0.0093156576469491,"FarmCPU","NYC","DTF_Nepal_2017",6.41147182644266,2.03078648028902,"Suggestive",2.59966811351562
"Lcu.1GRN.Chr5p455454741",5,455454741,3.8811421713479e-07,0.393518518518518,NA,0.000159790471083204,"GLM","NYC","DTF_Sask_2017",6.41104044818991,3.79644912289045,"Suggestive",-1.30754373063044
"Lcu.1GRN.Chr2p561151292",2,561151292,3.88727772480093e-07,0.481481481481482,NA,0.000159847426217373,"GLM","NYC","DTF_Sask_2017",6.41035443028723,3.79629435212668,"Suggestive",-1.33456617494828
"Lcu.1GRN.Chr2p568893961",2,568893961,3.89210833241242e-07,0.0555555555555556,NA,0.000159850647551718,"GLM","NYC","DTF_Sask_2017",6.40981508014208,3.79628560007063,"Suggestive",2.50361475762554
"Lcu.1GRN.Chr2p10537908",2,10537908,3.90159812353748e-07,0.226851851851852,NA,0.000160044982441455,"GLM","NYC","DTF_Sask_2017",6.40875746628914,3.79575793684098,"Suggestive",1.30280009669211
"Lcu.1GRN.Chr3p262977915",3,262977915,3.90989084586123e-07,0.459876543209877,NA,0.000160189799531036,"GLM","NYC","DTF_Sask_2017",6.40783536682456,3.79536514211212,"Suggestive",1.32916898718264
"Lcu.1GRN.Chr2p51502957",2,51502957,3.91681466992343e-07,0.416666666666667,NA,0.000160210496447174,"GLM","NYC","DTF_Sask_2017",6.40706697727362,3.79530903382136,"Suggestive",1.25395462755779
"Lcu.1GRN.Chr6p234810951",6,234810951,3.92468491476486e-07,0.421296296296296,NA,0.000160210496447174,"GLM","NYC","DTF_Sask_2017",6.40619520395612,3.79530903382136,"Suggestive",1.43872793321063
"Lcu.1GRN.Chr6p234811049",6,234811049,3.92468491476486e-07,0.421296296296296,NA,0.000160210496447174,"GLM","NYC","DTF_Sask_2017",6.40619520395612,3.79530903382136,"Suggestive",1.43872793321063
"Lcu.1GRN.Chr1p559778625",1,559778625,3.9318392569916e-07,0.296296296296296,NA,0.000160307997012908,"GLM","NYC","DTF_Sask_2017",6.40540424547585,3.7950448121939,"Suggestive",1.36565926074577
"Lcu.1GRN.Chr7p190238103",7,190238103,3.96182211987562e-07,0.138888888888889,NA,0.000161334893583075,"GLM","NYC","DTF_Sask_2017",6.40210502755837,3.79227169304688,"Suggestive",2.46002119851363
"Lcu.1GRN.Chr3p26026809",3,26026809,3.98557871363121e-07,0.095679012345679,NA,0.000161654438463803,"GLM","NYC","DTF_Sask_2017",6.39950860930205,3.79141236668574,"Suggestive",1.79220661478087
"Lcu.1GRN.Chr2p150809363",2,150809363,3.98654858453497e-07,0.405864197530864,NA,0.000161654438463803,"GLM","NYC","DTF_Sask_2017",6.39940293874061,3.79141236668574,"Suggestive",1.35845577743062
"Lcu.1GRN.Chr2p48764174",2,48764174,3.98675691807114e-07,0.115740740740741,NA,0.000161654438463803,"GLM","NYC","DTF_Sask_2017",6.39938024348451,3.79141236668574,"Suggestive",1.94684427387693
"Lcu.1GRN.Chr6p420957374",6,420957374,3.98889260614022e-07,0.476851851851852,NA,0.000161654438463803,"GLM","NYC","DTF_Sask_2017",6.39914765614154,3.79141236668574,"Suggestive",-1.28243114048585
"Lcu.1GRN.Chr4p479067741",4,479067741,4.00110892685893e-07,0.111111111111111,NA,0.000161858036513793,"GLM","NYC","DTF_Sask_2017",6.39781962515441,3.79086573230129,"Suggestive",1.89669268335695
"Lcu.1GRN.Chr2p631743440",2,631743440,4.00805239029688e-07,0.188271604938272,NA,0.000161858036513793,"GLM","NYC","DTF_Sask_2017",6.3970666103274,3.79086573230129,"Suggestive",-2.40172436063972
"Lcu.1GRN.Chr2p44142612",2,44142612,4.01248985960998e-07,0.0895061728395061,NA,0.000161858036513793,"GLM","NYC","DTF_Sask_2017",6.39658605213747,3.79086573230129,"Suggestive",2.05085680054663
"Lcu.1GRN.Chr4p479595966",4,479595966,4.01316426559394e-07,0.104938271604938,NA,0.000161858036513793,"GLM","NYC","DTF_Sask_2017",6.39651306349542,3.79086573230129,"Suggestive",1.90690416126944
"Lcu.1GRN.Chr2p48315052",2,48315052,4.02383067897972e-07,0.344135802469136,NA,0.000162093874730104,"GLM","NYC","DTF_Sask_2017",6.39536030248789,3.79023339613962,"Suggestive",1.57597565559749
"Lcu.1GRN.Chr2p5651242",2,5651242,4.05651664318842e-07,0.351612903225806,NA,0.00758043518732977,"BLINK","NYC","Cotyledon_RedvsYellow",6.39184673784709,2.12030586111852,"Suggestive",-0.0213563324937517
"Lcu.1GRN.Chr5p487111658",5,487111658,4.06272289948162e-07,0.399691358024691,NA,0.000163464822192576,"GLM","NYC","DTF_Sask_2017",6.39118279798617,3.78657569359331,"Suggestive",1.21883887679165
"Lcu.1GRN.Chr6p166675820",6,166675820,4.06845515121933e-07,0.237654320987654,NA,0.000163499886959402,"GLM","NYC","DTF_Sask_2017",6.39057046710485,3.78648254326623,"Suggestive",1.41505227959098
"Lcu.1GRN.Chr6p39660784",6,39660784,4.07825711931599e-07,0.334876543209877,NA,0.000163698223443074,"GLM","NYC","DTF_Sask_2017",6.3895253970032,3.7859560338016,"Suggestive",-1.39364764779781
"Lcu.1GRN.Chr6p37241363",6,37241363,4.1208354766323e-07,0.148148148148148,NA,0.000165210139066553,"GLM","NYC","DTF_Sask_2017",6.38501472423228,3.78196330322911,"Suggestive",1.57636109378282
"Lcu.1GRN.Chr1p539381102",1,539381102,4.12784102204087e-07,0.16358024691358,NA,0.000165293988221526,"GLM","NYC","DTF_Sask_2017",6.38427703729653,3.78174294152653,"Suggestive",1.59667608610854
"Lcu.1GRN.Chr2p14061774",2,14061774,4.15005359956131e-07,0.0802469135802469,NA,0.000165985859586639,"GLM","NYC","DTF_Sask_2017",6.38194629416902,3.77992890813506,"Suggestive",2.17848475736531
"Lcu.1GRN.Chr4p386462070",4,386462070,4.1551992670518e-07,0.433641975308642,NA,0.000165994288819527,"GLM","NYC","DTF_Sask_2017",6.38140814432129,3.77990685398906,"Suggestive",-1.86840468043593
"Lcu.1GRN.Chr6p431635676",6,431635676,4.16189226427685e-07,0.190993788819876,NA,0.00378357625745409,"FarmCPU","NYC","DTF_Sask_2017_b",6.38070916622811,2.42209750846323,"Suggestive",0.000684248008354871
"Lcu.1GRN.Chr6p415124822",6,415124822,4.17232560112587e-07,0.276234567901235,NA,0.000166077955069563,"GLM","NYC","DTF_Sask_2017",6.37962180732735,3.77968801129956,"Suggestive",-1.57911862724865
"Lcu.1GRN.Chr4p504229858",4,504229858,4.17324313437233e-07,0.140432098765432,NA,0.000166077955069563,"GLM","NYC","DTF_Sask_2017",6.37952631242697,3.77968801129956,"Suggestive",3.3799685638038
"Lcu.1GRN.Chr3p427915370",3,427915370,4.17547704477956e-07,0.174382716049383,NA,0.000166077955069563,"GLM","NYC","DTF_Sask_2017",6.37929389956242,3.77968801129956,"Suggestive",-1.47179495211736
"Lcu.1GRN.Chr7p451484652",7,451484652,4.17704322923622e-07,0.135802469135803,NA,0.000166077955069563,"GLM","NYC","DTF_Sask_2017",6.37913103009241,3.77968801129956,"Suggestive",-1.83694904431468
"Lcu.1GRN.Chr1p356198121",1,356198121,4.18138633640891e-07,0.462903225806452,NA,0.000274703198792746,"MLM","NYC","Cotyledon_RedvsYellow",6.378679704246,3.56113628338996,"Suggestive",-0.167275111860813
"Lcu.1GRN.Chr7p400134527",7,400134527,4.19764450594871e-07,0.305555555555556,NA,0.000166700010570537,"GLM","NYC","DTF_Sask_2017",6.37699434413431,3.77806437263315,"Suggestive",1.59424176767638
"Lcu.1GRN.Chr4p390294222",4,390294222,4.21499514584922e-07,0.478395061728395,NA,0.000167063599639588,"GLM","NYC","DTF_Sask_2017",6.37520292118921,3.77711816529358,"Suggestive",1.28129487531807
"Lcu.1GRN.Chr3p262978234",3,262978234,4.21673339221773e-07,0.436728395061728,NA,0.000167063599639588,"GLM","NYC","DTF_Sask_2017",6.3750238568815,3.77711816529358,"Suggestive",1.35173275398961
"Lcu.1GRN.Chr2p87160966",2,87160966,4.22212621075749e-07,0.475308641975309,NA,0.000167080462015749,"GLM","NYC","DTF_Sask_2017",6.37446878859912,3.77707433248153,"Suggestive",1.34626558970015
"Lcu.1GRN.Chr1p372676075",1,372676075,4.22271242492732e-07,0.0941358024691358,NA,0.0094692074015702,"FarmCPU","NYC","DTF_Nepal_2017",6.3744084938817,2.02368637110551,"Suggestive",-3.85574232308081
"Lcu.1GRN.Chr3p345919251",3,345919251,4.23436228069145e-07,0.435185185185185,NA,0.000167367771712026,"GLM","NYC","DTF_Sask_2017",6.37321198765474,3.77632816590745,"Suggestive",1.3949903027947
"Lcu.1GRN.Chr5p455812054",5,455812054,4.24398146401993e-07,0.299382716049383,NA,0.000167392532680178,"GLM","NYC","DTF_Sask_2017",6.37222652158772,3.77626391962906,"Suggestive",1.54166773870045
"Lcu.1GRN.Chr2p151032109",2,151032109,4.24664800825985e-07,0.404320987654321,NA,0.000167392532680178,"GLM","NYC","DTF_Sask_2017",6.37195373486654,3.77626391962906,"Suggestive",1.36547844620881
"Lcu.1GRN.Chr2p40893037",2,40893037,4.24991818189275e-07,0.229938271604938,NA,0.000167392532680178,"GLM","NYC","DTF_Sask_2017",6.37161943077193,3.77626391962906,"Suggestive",-1.37603162786141
"Lcu.1GRN.Chr3p191864512",3,191864512,4.25836914978133e-07,0.375,NA,0.000167395345719717,"GLM","NYC","DTF_Sask_2017",6.37075669311754,3.77625662135079,"Suggestive",-2.00646136744101
"Lcu.1GRN.Chr5p458387515",5,458387515,4.25994273921275e-07,0.248456790123457,NA,0.000167395345719717,"GLM","NYC","DTF_Sask_2017",6.37059623850551,3.77625662135079,"Suggestive",-1.55746282249208
"Lcu.1GRN.Chr2p14060742",2,14060742,4.27094892411031e-07,0.0555555555555556,NA,0.00016763200428894,"GLM","NYC","DTF_Sask_2017",6.36947562223033,3.77564306232165,"Suggestive",-2.37243340424561
"Lcu.1GRN.Chr6p362639725",6,362639725,4.28790970226359e-07,0.260802469135803,NA,0.0131119211165572,"BLINK","NYC","DTF_Sask_2017",6.36775436888935,1.8823336722157,"Suggestive",-0.81744036702505
"Lcu.1GRN.Chr1p539273417",1,539273417,4.28942924441548e-07,0.123456790123457,NA,0.000168161124318916,"GLM","NYC","DTF_Sask_2017",6.36760049161282,3.77427439762965,"Suggestive",1.61858997980167
"Lcu.1GRN.Chr4p390522350",4,390522350,4.30193110781573e-07,0.115740740740741,NA,0.000168454813678325,"GLM","NYC","DTF_Sask_2017",6.36633654879166,3.77351657432926,"Suggestive",1.78601746232056
"Lcu.1GRN.Chr2p63023848",2,63023848,4.30693676143496e-07,0.20679012345679,NA,0.000168454813678325,"GLM","NYC","DTF_Sask_2017",6.36583150491756,3.77351657432926,"Suggestive",1.48574375682628
"Lcu.1GRN.Chr5p3998320",5,3998320,4.33013952085475e-07,0.0648148148148148,NA,0.000169088451202138,"GLM","NYC","DTF_Sask_2017",6.36349811007593,3.77188605384793,"Suggestive",2.32746463520601
"Lcu.1GRN.Chr2p64071855",2,64071855,4.33319097700556e-07,0.197530864197531,NA,0.000169088451202138,"GLM","NYC","DTF_Sask_2017",6.36319216985509,3.77188605384793,"Suggestive",1.48376981033971
"Lcu.1GRN.Chr2p48820932",2,48820932,4.34253444002367e-07,0.344135802469136,NA,0.000169140150974748,"GLM","NYC","DTF_Sask_2017",6.36225672853937,3.77175328609269,"Suggestive",1.39474656430923
"Lcu.1GRN.Chr4p412107343",4,412107343,4.34457275660759e-07,0.103395061728395,NA,0.000169140150974748,"GLM","NYC","DTF_Sask_2017",6.36205292544567,3.77175328609269,"Suggestive",1.82759268565377
"Lcu.1GRN.Chr1p103758902",1,103758902,4.35159500430217e-07,0.37741935483871,NA,0.000285328061756747,"MLM","NYC","Cotyledon_RedvsYellow",6.36135153049308,3.54465551377302,"Suggestive",0.195109754564865
"Lcu.1GRN.Chr1p537762630",1,537762630,4.3656986725857e-07,0.251543209876543,NA,0.00016972688734806,"GLM","NYC","DTF_Sask_2017",6.35994624328318,3.77024935331028,"Suggestive",-1.52753155552097
"Lcu.1GRN.Chr1p572593522",1,572593522,4.36973556988111e-07,0.498456790123457,NA,0.00016972688734806,"GLM","NYC","DTF_Sask_2017",6.35954484312481,3.77024935331028,"Suggestive",-1.28509888296823
"Lcu.1GRN.Chr3p22026600",3,22026600,4.40256247281394e-07,0.149691358024691,NA,0.000170804697957671,"GLM","NYC","DTF_Sask_2017",6.35629447263363,3.76750018827797,"Suggestive",1.50839331853575
"Lcu.1GRN.Chr1p419542417",1,419542417,4.40613399748154e-07,0.256451612903226,NA,0.0134734370393716,"FarmCPU","NYC","Cotyledon_RedvsYellow",6.35594229940452,1.87052160273087,"Suggestive",-0.0390759464204165
"Lcu.1GRN.Chr2p593957865",2,593957865,4.41056908601459e-07,0.217592592592593,NA,0.000170918190294409,"GLM","NYC","DTF_Sask_2017",6.35550537085631,3.76721171420093,"Suggestive",-1.45553608353279
"Lcu.1GRN.Chr1p542544532",1,542544532,4.45077075735743e-07,0.16820987654321,NA,0.000172277607288843,"GLM","NYC","DTF_Sask_2017",6.35156477403439,3.76377116865119,"Suggestive",1.71060757453722
"Lcu.1GRN.Chr5p458011017",5,458011017,4.47349132985565e-07,0.248456790123457,NA,0.000172958029672363,"GLM","NYC","DTF_Sask_2017",6.34935340003287,3.76205927081962,"Suggestive",-1.64092731762972
"Lcu.1GRN.Chr6p278149898",6,278149898,4.50697690613929e-07,0.214506172839506,NA,0.000174052617794185,"GLM","NYC","DTF_Sask_2017",6.34611466725895,3.75931944043474,"Suggestive",-1.92788557091478
"Lcu.1GRN.Chr1p371178275",1,371178275,4.53301652832944e-07,0.161290322580645,NA,0.000296645363926963,"MLM","NYC","Cotyledon_RedvsYellow",6.34361269740961,3.52776243457302,"Suggestive",-0.211261168299042
"Lcu.1GRN.Chr3p427301687",3,427301687,4.56360313393657e-07,0.234567901234568,NA,0.000175873520212489,"GLM","NYC","DTF_Sask_2017",6.34069213030017,3.75479954366525,"Suggestive",-1.30271294867562
"Lcu.1GRN.Chr2p65072866",2,65072866,4.56458520441967e-07,0.270061728395062,NA,0.000175873520212489,"GLM","NYC","DTF_Sask_2017",6.34059868179156,3.75479954366525,"Suggestive",1.36845203907549
"Lcu.1GRN.Chr3p427321173",3,427321173,4.6222487760071e-07,0.220679012345679,NA,0.000177891527922103,"GLM","NYC","DTF_Sask_2017",6.3351466838808,3.74984473468333,"Suggestive",-1.23998187678767
"Lcu.1GRN.Chr1p548630777",1,548630777,4.6287044879483e-07,0.106481481481482,NA,0.000177936393428309,"GLM","NYC","DTF_Sask_2017",6.33454054515154,3.74973521634198,"Suggestive",1.80294424836615
"Lcu.1GRN.Chr1p536399364",1,536399364,4.64113929773551e-07,0.256172839506173,NA,0.000178210742255868,"GLM","NYC","DTF_Sask_2017",6.33337539660359,3.7490661209398,"Suggestive",-1.47949335153635
"Lcu.1GRN.Chr2p17095686",2,17095686,4.67951178453036e-07,0.183641975308642,NA,0.000179479286251667,"GLM","NYC","DTF_Sask_2017",6.32979945469182,3.74598566622599,"Suggestive",-1.62465738060357
"Lcu.1GRN.Chr3p344509419",3,344509419,4.70090685569316e-07,0.174382716049383,NA,0.000180094525777784,"GLM","NYC","DTF_Sask_2017",6.3278183538871,3.74449948796133,"Suggestive",1.65911106050473
"Lcu.1GRN.Chr3p345195898",3,345195898,4.7282601183593e-07,0.174382716049383,NA,0.000180933356132593,"GLM","NYC","DTF_Sask_2017",6.32529863938978,3.74248136100688,"Suggestive",1.64629606912638
"Lcu.1GRN.Chr2p45779026",2,45779026,4.73356046808045e-07,0.246913580246914,NA,0.000180933356132593,"GLM","NYC","DTF_Sask_2017",6.32481207068858,3.74248136100688,"Suggestive",-1.35886195721491
"Lcu.1GRN.Chr4p412483489",4,412483489,4.74816986491098e-07,0.095679012345679,NA,0.000181285772185075,"GLM","NYC","DTF_Sask_2017",6.32347375263364,3.74163627921381,"Suggestive",1.93951398263755
"Lcu.1GRN.Chr2p49712968",2,49712968,4.77778311566476e-07,0.404320987654321,NA,0.000182209588805761,"GLM","NYC","DTF_Sask_2017",6.32077356865225,3.73942877195219,"Suggestive",1.54216602136557
"Lcu.1GRN.Chr2p85991393",2,85991393,4.80254711833444e-07,0.330246913580247,NA,0.000182934528512693,"GLM","NYC","DTF_Sask_2017",6.31852836553295,3.73770431460421,"Suggestive",1.37064161163383
"Lcu.1GRN.Chr4p182563453",4,182563453,4.80948742485973e-07,0.371913580246914,NA,0.000182934528512693,"GLM","NYC","DTF_Sask_2017",6.31790120645713,3.73770431460421,"Suggestive",-1.88834669121732
"Lcu.1GRN.Chr2p568097654",2,568097654,4.82301304048943e-07,0.0540123456790124,NA,0.000182934528512693,"GLM","NYC","DTF_Sask_2017",6.3166815638287,3.73770431460421,"Suggestive",2.48583787167422
"Lcu.1GRN.Chr2p568097745",2,568097745,4.82301304048943e-07,0.0540123456790124,NA,0.000182934528512693,"GLM","NYC","DTF_Sask_2017",6.3166815638287,3.73770431460421,"Suggestive",2.48583787167422
"Lcu.1GRN.Chr2p86423723",2,86423723,4.82398471879699e-07,0.313271604938272,NA,0.000182934528512693,"GLM","NYC","DTF_Sask_2017",6.31659407660436,3.73770431460421,"Suggestive",1.34309625284327
"Lcu.1GRN.Chr1p361402276",1,361402276,4.82836861839517e-07,0.0709677419354838,NA,0.000315359974187132,"MLM","NYC","Cotyledon_RedvsYellow",6.31619958140322,3.50119342861253,"Suggestive",-0.228202160188666
"Lcu.1GRN.Chr2p43391956",2,43391956,4.85914933288302e-07,0.109567901234568,NA,0.000184060527438498,"GLM","NYC","DTF_Sask_2017",6.31343975385931,3.73503933780603,"Suggestive",1.83050740770005
"Lcu.1GRN.Chr1p437620957",1,437620957,4.87009135756336e-07,0.104938271604938,NA,0.000184267493776098,"GLM","NYC","DTF_Sask_2017",6.31246289182161,3.73455127095995,"Suggestive",2.06959459318563
"Lcu.1GRN.Chr1p437359352",1,437359352,4.88226795621357e-07,0.279320987654321,NA,0.0136852818802307,"BLINK","NYC","DTF_Sask_2017",6.31137838864037,1.86374625285612,"Suggestive",0.925825618959909
"Lcu.1GRN.Chr1p434751962",1,434751962,4.89751167207438e-07,0.49537037037037,NA,0.000184685573814256,"GLM","NYC","DTF_Sask_2017",6.3100245202926,3.73356702690709,"Suggestive",-1.36013635195404
"Lcu.1GRN.Chr2p10392239",2,10392239,4.89921255956848e-07,0.123456790123457,NA,0.000184685573814256,"GLM","NYC","DTF_Sask_2017",6.30987371762776,3.73356702690709,"Suggestive",-1.8480325241776
"Lcu.1GRN.Chr2p33985248",2,33985248,4.89946677141318e-07,0.217592592592593,NA,0.000184685573814256,"GLM","NYC","DTF_Sask_2017",6.30985118340703,3.73356702690709,"Suggestive",1.43742117335742
"Lcu.1GRN.Chr5p458560973",5,458560973,4.90310337863497e-07,0.203703703703704,NA,0.000184685573814256,"GLM","NYC","DTF_Sask_2017",6.30952894985042,3.73356702690709,"Suggestive",-1.74902625790864
"Lcu.1GRN.Chr1p435830944",1,435830944,4.91415715660362e-07,0.487654320987654,NA,0.000184894888176207,"GLM","NYC","DTF_Sask_2017",6.30855095873213,3.73307509569618,"Suggestive",1.45439003258832
"Lcu.1GRN.Chr1p559042690",1,559042690,4.94632997446475e-07,0.368827160493827,NA,0.00018568434550101,"GLM","NYC","DTF_Sask_2017",6.30571691480265,3.73122470880253,"Suggestive",1.44796771728386
"Lcu.1GRN.Chr2p48315009",2,48315009,4.95113758639032e-07,0.341049382716049,NA,0.00018568434550101,"GLM","NYC","DTF_Sask_2017",6.30529500495919,3.73122470880253,"Suggestive",1.52373670068343
"Lcu.1GRN.Chr2p612963755",2,612963755,4.95170031288463e-07,0.20679012345679,NA,0.00018568434550101,"GLM","NYC","DTF_Sask_2017",6.30524564759032,3.73122470880253,"Suggestive",-1.62633062751951
"Lcu.1GRN.Chr2p15822716",2,15822716,4.96750933743566e-07,0.0709876543209876,NA,0.000186069734221071,"GLM","NYC","DTF_Sask_2017",6.30386130787331,3.73032426270874,"Suggestive",2.24572130387924
"Lcu.1GRN.Chr6p431595421",6,431595421,4.97956655024555e-07,0.108695652173913,NA,0.00440779437317486,"FarmCPU","NYC","DTF_Sask_2017_b",6.30280845905339,2.35577867383832,"Suggestive",0.244870483904606
"Lcu.1GRN.Chr1p528040920",1,528040920,4.9885094535068e-07,0.486111111111111,NA,0.000186648493809535,"GLM","NYC","DTF_Sask_2017",6.30202920043234,3.7289755103337,"Suggestive",-1.29268958280534
"Lcu.1GRN.Chr2p39064850",2,39064850,5.0251664028216e-07,0.169753086419753,NA,0.0001877453065178,"GLM","NYC","DTF_Sask_2017",6.29884955248844,3.72643091120208,"Suggestive",1.47020298932014
"Lcu.1GRN.Chr4p473624023",4,473624023,5.02898682607204e-07,0.455246913580247,NA,0.0001877453065178,"GLM","NYC","DTF_Sask_2017",6.2985195020549,3.72643091120208,"Suggestive",1.17357429345051
"Lcu.1GRN.Chr1p560222242",1,560222242,5.04014340344421e-07,0.199074074074074,NA,0.000187953205785623,"GLM","NYC","DTF_Sask_2017",6.29755710672144,3.72595026243151,"Suggestive",1.48062583809187
"Lcu.1GRN.Chr2p45304829",2,45304829,5.07328380179526e-07,0.225308641975309,NA,0.00018882689208059,"GLM","NYC","DTF_Sask_2017",6.29471084237289,3.72393615489748,"Suggestive",1.34367111273494
"Lcu.1GRN.Chr1p559330737",1,559330737,5.07479956240813e-07,0.223765432098765,NA,0.00018882689208059,"GLM","NYC","DTF_Sask_2017",6.29458110625399,3.72393615489748,"Suggestive",1.44224012366993
"Lcu.1GRN.Chr6p3269373",6,3269373,5.14387480679144e-07,0.445652173913043,NA,0.00443648650547697,"FarmCPU","NYC","DTF_Sask_2017_b",6.288709609948,2.35296083514263,"Suggestive",0.158590386182539
"Lcu.1GRN.Chr2p54727361",2,54727361,5.17420818329722e-07,0.330246913580247,NA,0.000192116288591449,"GLM","NYC","DTF_Sask_2017",6.2861561015108,3.71643581189266,"Suggestive",1.25881774749925
"Lcu.1GRN.Chr1p559173974",1,559173974,5.17462644860681e-07,0.37037037037037,NA,0.000192116288591449,"GLM","NYC","DTF_Sask_2017",6.28612099604772,3.71643581189266,"Suggestive",1.39865017188859
"Lcu.1GRN.Chr1p372694819",1,372694819,5.18148068959332e-07,0.156451612903226,NA,0.000337767270371403,"MLM","NYC","Cotyledon_RedvsYellow",6.28554611604059,3.47138243583592,"Suggestive",-0.206204494317326
"Lcu.1GRN.Chr2p51502983",2,51502983,5.18425075960343e-07,0.385802469135803,NA,0.00019226139749234,"GLM","NYC","DTF_Sask_2017",6.28531400002361,3.71610790525183,"Suggestive",1.2398191652572
"Lcu.1GRN.Chr4p416272481",4,416272481,5.20504454582015e-07,0.276234567901235,NA,0.000192656418933224,"GLM","NYC","DTF_Sask_2017",6.28357554935784,3.71521651657136,"Suggestive",-1.87968688447887
"Lcu.1GRN.Chr1p536418749",1,536418749,5.2063574848395e-07,0.322530864197531,NA,0.000192656418933224,"GLM","NYC","DTF_Sask_2017",6.28346601518127,3.71521651657136,"Suggestive",-1.43455249248569
"Lcu.1GRN.Chr7p7499713",7,7499713,5.24877954185366e-07,0.121913580246914,NA,0.00019362241022547,"GLM","NYC","DTF_Sask_2017",6.27994166799527,3.71304437805035,"Suggestive",-1.64612102233195
"Lcu.1GRN.Chr5p459570433",5,459570433,5.24995669559398e-07,0.115740740740741,NA,0.00019362241022547,"GLM","NYC","DTF_Sask_2017",6.27984427886874,3.71304437805035,"Suggestive",-1.83792183862772
"Lcu.1GRN.Chr3p434029281",3,434029281,5.25497481559096e-07,0.408950617283951,NA,0.00019362241022547,"GLM","NYC","DTF_Sask_2017",6.27942936098228,3.71304437805035,"Suggestive",-1.19352027638722
"Lcu.1GRN.Chr1p559837567",1,559837567,5.25664747712361e-07,0.175925925925926,NA,0.00019362241022547,"GLM","NYC","DTF_Sask_2017",6.27929114679238,3.71304437805035,"Suggestive",1.64682041632526
"Lcu.1GRN.Chr2p44268610",2,44268610,5.26124390757949e-07,0.137345679012346,NA,0.00019362241022547,"GLM","NYC","DTF_Sask_2017",6.27891156414839,3.71304437805035,"Suggestive",2.2671380383411
"Lcu.1GRN.Chr1p371692430",1,371692430,5.27227858907187e-07,0.0951612903225807,NA,0.000342425554487641,"MLM","NYC","Cotyledon_RedvsYellow",6.27800164953317,3.46543383231602,"Suggestive",-0.327528501572034
"Lcu.1GRN.Chr1p364467380",1,364467380,5.2733008061016e-07,0.0919354838709677,NA,0.000342425554487641,"MLM","NYC","Cotyledon_RedvsYellow",6.27791745440266,3.46543383231602,"Suggestive",-0.308396248226994
"Lcu.1GRN.Chr4p476567651",4,476567651,5.27450158282918e-07,0.37037037037037,NA,0.00019376944771273,"GLM","NYC","DTF_Sask_2017",6.27781857300731,3.71271469857409,"Suggestive",1.10909564267772
"Lcu.1GRN.Chr1p543144451",1,543144451,5.27676062470041e-07,0.0941358024691358,NA,0.00019376944771273,"GLM","NYC","DTF_Sask_2017",6.27763260673811,3.71271469857409,"Suggestive",1.91806841479917
"Lcu.1GRN.Chr2p10522008",2,10522008,5.28970711094063e-07,0.0725308641975309,NA,0.000194033032910116,"GLM","NYC","DTF_Sask_2017",6.27656837401845,3.7121243278566,"Suggestive",2.30553346207785
"Lcu.1GRN.Chr1p374030434",1,374030434,5.30519258431908e-07,0.333870967741935,NA,0.000343832700194539,"MLM","NYC","Cotyledon_RedvsYellow",6.27529884610968,3.46365282212626,"Suggestive",-0.190257653317798
"Lcu.1GRN.Chr6p3265693",6,3265693,5.3309257357144e-07,0.263975155279503,NA,0.00448286874236261,"FarmCPU","NYC","DTF_Sask_2017_b",6.27319736752082,2.34844397701691,"Suggestive",-0.117303766228446
"Lcu.1GRN.Chr3p427299305",3,427299305,5.34930654246268e-07,0.220679012345679,NA,0.00019559031635345,"GLM","NYC","DTF_Sask_2017",6.27170251410995,3.70865265086932,"Suggestive",-1.24569964507626
"Lcu.1GRN.Chr3p427301103",3,427301103,5.34930654246268e-07,0.220679012345679,NA,0.00019559031635345,"GLM","NYC","DTF_Sask_2017",6.27170251410995,3.70865265086932,"Suggestive",-1.24569964507626
"Lcu.1GRN.Chr1p540886586",1,540886586,5.35155242244198e-07,0.427469135802469,NA,0.00019559031635345,"GLM","NYC","DTF_Sask_2017",6.27152021597864,3.70865265086932,"Suggestive",2.08332326253682
"Lcu.1GRN.Chr1p509094154",1,509094154,5.36048351965602e-07,0.0540123456790124,NA,0.00019559031635345,"GLM","NYC","DTF_Sask_2017",6.27079603485059,3.70865265086932,"Suggestive",2.58016636802984
"Lcu.1GRN.Chr3p429774663",3,429774663,5.3612355456356e-07,0.166666666666667,NA,0.00019559031635345,"GLM","NYC","DTF_Sask_2017",6.27073511164756,3.70865265086932,"Suggestive",-1.51258166194808
"Lcu.1GRN.Chr2p10392260",2,10392260,5.39565667899324e-07,0.128086419753086,NA,0.000196632811499775,"GLM","NYC","DTF_Sask_2017",6.26795569190641,3.70634401110045,"Suggestive",-1.81765871524306
"Lcu.1GRN.Chr7p15494849",7,15494849,5.41337371719644e-07,0.239197530864197,NA,0.000196863917990674,"GLM","NYC","DTF_Sask_2017",6.26653198995795,3.70583387580454,"Suggestive",1.36999509503306
"Lcu.1GRN.Chr2p10195300",2,10195300,5.41370360770747e-07,0.058641975308642,NA,0.000196863917990674,"GLM","NYC","DTF_Sask_2017",6.26650552489738,3.70583387580454,"Suggestive",2.35021709789515
"Lcu.1GRN.Chr2p64072761",2,64072761,5.4383712747888e-07,0.276234567901235,NA,0.000197285777340404,"GLM","NYC","DTF_Sask_2017",6.26453114667718,3.70490422263034,"Suggestive",1.48776734036508
"Lcu.1GRN.Chr5p456080527",5,456080527,5.43954858170034e-07,0.174382716049383,NA,0.000197285777340404,"GLM","NYC","DTF_Sask_2017",6.26443714012006,3.70490422263034,"Suggestive",1.55253199715767
"Lcu.1GRN.Chr4p476358171",4,476358171,5.44290020637858e-07,0.390432098765432,NA,0.000197285777340404,"GLM","NYC","DTF_Sask_2017",6.26416962824336,3.70490422263034,"Suggestive",1.2230449416369
"Lcu.1GRN.Chr1p176394501",1,176394501,5.50568990025746e-07,0.293548387096774,NA,0.0154327699556658,"FarmCPU","NYC","Cotyledon_RedvsYellow",6.25918825324048,1.81155611745623,"Suggestive",-0.153371444276122
"Lcu.1GRN.Chr3p136501531",3,136501531,5.53475559394794e-07,0.498456790123457,NA,0.000200399261019321,"GLM","NYC","DTF_Sask_2017",6.25690155211919,3.69810388428095,"Suggestive",1.19301431594656
"Lcu.1GRN.Chr1p559837568",1,559837568,5.5475745049229e-07,0.175925925925926,NA,0.000200577173310772,"GLM","NYC","DTF_Sask_2017",6.25589685640382,3.69771849339563,"Suggestive",1.66376560252442
"Lcu.1GRN.Chr4p390294324",4,390294324,5.55159538100731e-07,0.12037037037037,NA,0.000200577173310772,"GLM","NYC","DTF_Sask_2017",6.25558219424616,3.69771849339563,"Suggestive",1.82035072860674
"Lcu.1GRN.Chr7p353692497",7,353692497,5.56669001453726e-07,0.16358024691358,NA,0.000200906740356208,"GLM","NYC","DTF_Sask_2017",6.25440296204571,3.69700549256782,"Suggestive",-1.78334522315657
"Lcu.1GRN.Chr1p360891094",1,360891094,5.57451037378148e-07,0.0532258064516129,NA,0.0189871174681092,"MLMM","NYC","Cotyledon_RedvsYellow",6.2537932720113,1.72154096273615,"Suggestive",0.0782816451682017
"Lcu.1GRN.Chr2p47828068",2,47828068,5.58784178074976e-07,0.339506172839506,NA,0.000201270400362828,"GLM","NYC","DTF_Sask_2017",6.25275589939395,3.6962200895142,"Suggestive",1.51622872867699
"Lcu.1GRN.Chr5p458561133",5,458561133,5.59444362351036e-07,0.112654320987654,NA,0.000201270400362828,"GLM","NYC","DTF_Sask_2017",6.25224309827848,3.6962200895142,"Suggestive",-2.55928522786451
"Lcu.1GRN.Chr2p81004967",2,81004967,5.59471720885949e-07,0.319444444444444,NA,0.000201270400362828,"GLM","NYC","DTF_Sask_2017",6.25222186047356,3.6962200895142,"Suggestive",1.68100775475153
"Lcu.1GRN.Chr1p437118867",1,437118867,5.64901358805621e-07,0.493827160493827,NA,0.000203006597604028,"GLM","NYC","DTF_Sask_2017",6.2480273806167,3.69248984752293,"Suggestive",1.32838116369632
"Lcu.1GRN.Chr2p38190227",2,38190227,5.66446719515419e-07,0.328703703703704,NA,0.000203344699790014,"GLM","NYC","DTF_Sask_2017",6.24684093400653,3.69176714306244,"Suggestive",1.25096414037461
"Lcu.1GRN.Chr1p559042583",1,559042583,5.67898911114307e-07,0.381172839506173,NA,0.000203648670612778,"GLM","NYC","DTF_Sask_2017",6.24572896402917,3.69111842057636,"Suggestive",1.38674454674874
"Lcu.1GRN.Chr2p51758551",2,51758551,5.69034221672466e-07,0.12037037037037,NA,0.000203838481407138,"GLM","NYC","DTF_Sask_2017",6.2448616143842,3.69071382481843,"Suggestive",2.11349237317091
"Lcu.1GRN.Chr6p431582835",6,431582835,5.7030195196469e-07,0.194099378881988,NA,0.00463749176945593,"FarmCPU","NYC","DTF_Sask_2017_b",6.24389514195857,2.33371684815491,"Suggestive",0.00347213786494649
"Lcu.1GRN.Chr4p3340791",4,3340791,5.71005116688638e-07,0.479938271604938,NA,0.000204326891580008,"GLM","NYC","DTF_Sask_2017",6.24336000009096,3.68967447185878,"Suggestive",1.29753904697314
"Lcu.1GRN.Chr6p421654108",6,421654108,5.71701685148913e-07,0.246913580246914,NA,0.000204358746789038,"GLM","NYC","DTF_Sask_2017",6.24283052765665,3.68960676925203,"Suggestive",2.06655095008927
"Lcu.1GRN.Chr1p434744591",1,434744591,5.72780897780624e-07,0.493827160493827,NA,0.000204527167987023,"GLM","NYC","DTF_Sask_2017",6.24201147416179,3.6892489951228,"Suggestive",-1.35846444948015
"Lcu.1GRN.Chr1p370906980",1,370906980,5.7323028021724e-07,0.193548387096774,NA,0.000370799518588139,"MLM","NYC","Cotyledon_RedvsYellow",6.24167087657211,3.43086083837503,"Suggestive",-0.228091780030654
"Lcu.1GRN.Chr6p431491201",6,431491201,5.73957865761811e-07,0.388888888888889,NA,0.00020473010120117,"GLM","NYC","DTF_Sask_2017",6.24111998798318,3.68881829888863,"Suggestive",-1.29368839735224
"Lcu.1GRN.Chr2p70909927",2,70909927,5.76519455119601e-07,0.395061728395062,NA,0.000205425974110397,"GLM","NYC","DTF_Sask_2017",6.23918603250021,3.6873446449664,"Suggestive",1.67536232837421
"Lcu.1GRN.Chr1p559042631",1,559042631,5.77500012599642e-07,0.385802469135803,NA,0.000205557615595877,"GLM","NYC","DTF_Sask_2017",6.23844800196057,3.68706642863796,"Suggestive",1.36429456780728
"Lcu.1GRN.Chr2p48764144",2,48764144,5.79214721182623e-07,0.155864197530864,NA,0.000205950019154372,"GLM","NYC","DTF_Sask_2017",6.23716040874611,3.68623816331602,"Suggestive",1.56687018848535
"Lcu.1GRN.Chr2p48573041",2,48573041,5.86654205004821e-07,0.158950617283951,NA,0.000207170735864211,"GLM","NYC","DTF_Sask_2017",6.23161781205629,3.68367159135093,"Suggestive",1.48743853731406
"Lcu.1GRN.Chr3p344507672",3,344507672,5.88019060057189e-07,0.182098765432099,NA,0.000207170735864211,"GLM","NYC","DTF_Sask_2017",6.23060859646892,3.68367159135093,"Suggestive",1.58463259923036
"Lcu.1GRN.Chr3p344507676",3,344507676,5.88019060057189e-07,0.182098765432099,NA,0.000207170735864211,"GLM","NYC","DTF_Sask_2017",6.23060859646892,3.68367159135093,"Suggestive",1.58463259923036
"Lcu.1GRN.Chr1p537007059",1,537007059,5.8833398079838e-07,0.270061728395062,NA,0.000207170735864211,"GLM","NYC","DTF_Sask_2017",6.2303760670519,3.68367159135093,"Suggestive",-1.51542104371973
"Lcu.1GRN.Chr5p177060130",5,177060130,5.88450482747592e-07,0.138888888888889,NA,0.000207170735864211,"GLM","NYC","DTF_Sask_2017",6.23029007653213,3.68367159135093,"Suggestive",-2.78368532319109
"Lcu.1GRN.Chr5p1685054",5,1685054,5.90376986886968e-07,0.21141975308642,NA,0.00992916679741044,"MLM","NYC","DTF_Nepal_2017",6.22887057981441,2.00308719364651,"Suggestive",4.94115030983715
"Lcu.1GRN.Chr2p592601330",2,592601330,5.90688962399345e-07,0.138888888888889,NA,0.000207170735864211,"GLM","NYC","DTF_Sask_2017",6.22864114428331,3.68367159135093,"Suggestive",-2.07079561877708
"Lcu.1GRN.Chr7p645432718",7,645432718,5.90870319115856e-07,0.283950617283951,NA,0.000207170735864211,"GLM","NYC","DTF_Sask_2017",6.22850782516325,3.68367159135093,"Suggestive",-1.42017371474745
"Lcu.1GRN.Chr2p81038553",2,81038553,5.94042102464417e-07,0.242283950617284,NA,0.000207170735864211,"GLM","NYC","DTF_Sask_2017",6.22618277350367,3.68367159135093,"Suggestive",1.4301223754365
"Lcu.1GRN.Chr2p50069121",2,50069121,5.9437342985105e-07,0.385802469135803,NA,0.000207170735864211,"GLM","NYC","DTF_Sask_2017",6.22594061298737,3.68367159135093,"Suggestive",1.37000289222595
"Lcu.1GRN.Chr2p3319959",2,3319959,5.95440001604882e-07,0.169753086419753,NA,0.000207170735864211,"GLM","NYC","DTF_Sask_2017",6.22516199284564,3.68367159135093,"Suggestive",1.42957173090122
"Lcu.1GRN.Chr7p608085328",7,608085328,5.95478587621756e-07,0.450617283950617,NA,0.000207170735864211,"GLM","NYC","DTF_Sask_2017",6.22513385037752,3.68367159135093,"Suggestive",1.43105833347776
"Lcu.1GRN.Chr2p33923225",2,33923225,5.95704451404054e-07,0.0864197530864198,NA,0.000207170735864211,"GLM","NYC","DTF_Sask_2017",6.22496915462166,3.68367159135093,"Suggestive",2.14322058437233
"Lcu.1GRN.Chr1p509482267",1,509482267,5.96088511121924e-07,0.152777777777778,NA,0.000207170735864211,"GLM","NYC","DTF_Sask_2017",6.22468924858561,3.68367159135093,"Suggestive",1.81651344314798
"Lcu.1GRN.Chr3p344531407",3,344531407,5.96508543203356e-07,0.188271604938272,NA,0.000207170735864211,"GLM","NYC","DTF_Sask_2017",6.2243833319777,3.68367159135093,"Suggestive",1.61532023644946
"Lcu.1GRN.Chr1p560382525",1,560382525,5.97000708354415e-07,0.185185185185185,NA,0.000207170735864211,"GLM","NYC","DTF_Sask_2017",6.22402515357041,3.68367159135093,"Suggestive",1.44914320990887
"Lcu.1GRN.Chr1p535824650",1,535824650,5.97193601036079e-07,0.25,NA,0.000207170735864211,"GLM","NYC","DTF_Sask_2017",6.22388485441253,3.68367159135093,"Suggestive",-1.55717126064104
"Lcu.1GRN.Chr1p508807256",1,508807256,5.97784636896809e-07,0.0509259259259259,NA,0.000207170735864211,"GLM","NYC","DTF_Sask_2017",6.22345525054912,3.68367159135093,"Suggestive",2.59966471587484
"Lcu.1GRN.Chr1p508807318",1,508807318,5.97784636896809e-07,0.0509259259259259,NA,0.000207170735864211,"GLM","NYC","DTF_Sask_2017",6.22345525054912,3.68367159135093,"Suggestive",2.59966471587484
"Lcu.1GRN.Chr1p508807331",1,508807331,5.97784636896809e-07,0.0509259259259259,NA,0.000207170735864211,"GLM","NYC","DTF_Sask_2017",6.22345525054912,3.68367159135093,"Suggestive",2.59966471587484
"Lcu.1GRN.Chr1p508839588",1,508839588,5.97784636896809e-07,0.0509259259259259,NA,0.000207170735864211,"GLM","NYC","DTF_Sask_2017",6.22345525054912,3.68367159135093,"Suggestive",2.59966471587484
"Lcu.1GRN.Chr1p509513497",1,509513497,5.97784636896809e-07,0.0509259259259259,NA,0.000207170735864211,"GLM","NYC","DTF_Sask_2017",6.22345525054912,3.68367159135093,"Suggestive",2.59966471587484
"Lcu.1GRN.Chr1p509513522",1,509513522,5.97784636896809e-07,0.0509259259259259,NA,0.000207170735864211,"GLM","NYC","DTF_Sask_2017",6.22345525054912,3.68367159135093,"Suggestive",2.59966471587484
"Lcu.1GRN.Chr1p509513568",1,509513568,5.97784636896809e-07,0.0509259259259259,NA,0.000207170735864211,"GLM","NYC","DTF_Sask_2017",6.22345525054912,3.68367159135093,"Suggestive",2.59966471587484
"Lcu.1GRN.Chr1p509824560",1,509824560,5.97784636896809e-07,0.0509259259259259,NA,0.000207170735864211,"GLM","NYC","DTF_Sask_2017",6.22345525054912,3.68367159135093,"Suggestive",2.59966471587484
"Lcu.1GRN.Chr5p348198951",5,348198951,5.9866606172956e-07,0.058641975308642,NA,0.000207170735864211,"GLM","NYC","DTF_Sask_2017",6.22281536123189,3.68367159135093,"Suggestive",-2.47356006744678
"Lcu.1GRN.Chr5p349054633",5,349054633,5.9866606172956e-07,0.058641975308642,NA,0.000207170735864211,"GLM","NYC","DTF_Sask_2017",6.22281536123189,3.68367159135093,"Suggestive",-2.47356006744678
"Lcu.1GRN.Chr2p79474313",2,79474313,6.00428242388964e-07,0.314814814814815,NA,0.000207170735864211,"GLM","NYC","DTF_Sask_2017",6.2215388880057,3.68367159135093,"Suggestive",1.68660485770022
"Lcu.1GRN.Chr2p79612983",2,79612983,6.00428242388964e-07,0.314814814814815,NA,0.000207170735864211,"GLM","NYC","DTF_Sask_2017",6.2215388880057,3.68367159135093,"Suggestive",1.68660485770022
"Lcu.1GRN.Chr5p455449933",5,455449933,6.00620049804195e-07,0.378086419753086,NA,0.000207170735864211,"GLM","NYC","DTF_Sask_2017",6.22140017434485,3.68367159135093,"Suggestive",-1.29037612961294
"Lcu.1GRN.Chr6p420958923",6,420958923,6.01375427888787e-07,0.496913580246914,NA,0.000207170735864211,"GLM","NYC","DTF_Sask_2017",6.2208543210814,3.68367159135093,"Suggestive",-1.33326395759993
"Lcu.1GRN.Chr6p420170654",6,420170654,6.01740982139549e-07,0.203703703703704,NA,0.000207170735864211,"GLM","NYC","DTF_Sask_2017",6.22059040946403,3.68367159135093,"Suggestive",1.50282028852627
"Lcu.1GRN.Chr2p49725201",2,49725201,6.05607545092229e-07,0.419753086419753,NA,0.000208288745521511,"GLM","NYC","DTF_Sask_2017",6.2178087227228,3.68133419567853,"Suggestive",1.22629254589992
"Lcu.1GRN.Chr1p587372234",1,587372234,6.08597925805043e-07,0.180555555555556,NA,0.000209103430550832,"GLM","NYC","DTF_Sask_2017",6.21566953211745,3.67963884208871,"Suggestive",1.99421796005856
"Lcu.1GRN.Chr2p70914001",2,70914001,6.09953727378536e-07,0.33179012345679,NA,0.00020916194034377,"GLM","NYC","DTF_Sask_2017",6.21470311040958,3.67951733798082,"Suggestive",-1.41981277941611
"Lcu.1GRN.Chr3p345157947",3,345157947,6.10011872381173e-07,0.225308641975309,NA,0.00020916194034377,"GLM","NYC","DTF_Sask_2017",6.21466171243275,3.67951733798082,"Suggestive",1.73172605355856
"Lcu.1GRN.Chr1p224469714",1,224469714,6.10943101024182e-07,0.0661290322580645,NA,0.000394435888795012,"MLM","NYC","Cotyledon_RedvsYellow",6.21399923503059,3.40402357649824,"Suggestive",0.297836009875176
"Lcu.1GRN.Chr7p371434448",7,371434448,6.11218935299297e-07,0.472222222222222,NA,0.000209362402861323,"GLM","NYC","DTF_Sask_2017",6.21380319996801,3.67910130592308,"Suggestive",1.58746279900487
"Lcu.1GRN.Chr1p559042011",1,559042011,6.12506408336232e-07,0.381172839506173,NA,0.000209589972586809,"GLM","NYC","DTF_Sask_2017",6.2128893631422,3.67862949914246,"Suggestive",1.37568149949307
"Lcu.1GRN.Chr1p362772627",1,362772627,6.12533758345815e-07,0.188709677419355,NA,0.00039470525420212,"MLM","NYC","Cotyledon_RedvsYellow",6.21286997119315,3.40372709236354,"Suggestive",-0.189044826912974
"Lcu.1GRN.Chr4p419264930",4,419264930,6.14175370921369e-07,0.283950617283951,NA,0.000209942630627963,"GLM","NYC","DTF_Sask_2017",6.21170760320947,3.67789936529268,"Suggestive",1.69978099308668
"Lcu.1GRN.Chr5p455444063",5,455444063,6.1478531237768e-07,0.313271604938272,NA,0.000209942630627963,"GLM","NYC","DTF_Sask_2017",6.21127651662695,3.67789936529268,"Suggestive",1.15804239488055
"Lcu.1GRN.Chr6p431580570",6,431580570,6.15777075282504e-07,0.305900621118012,NA,0.00463749176945593,"FarmCPU","NYC","DTF_Sask_2017_b",6.21057648344781,2.33371684815491,"Suggestive",0.265946671106661
"Lcu.1GRN.Chr2p48674268",2,48674268,6.16119069837072e-07,0.33641975308642,NA,0.000210184709091163,"GLM","NYC","DTF_Sask_2017",6.21033534891339,3.67739888202273,"Suggestive",1.58141273426136
"Lcu.1GRN.Chr2p33986969",2,33986969,6.17223782286037e-07,0.109567901234568,NA,0.000210348239084303,"GLM","NYC","DTF_Sask_2017",6.20955734846014,3.67706111929791,"Suggestive",1.74225860862151
"Lcu.1GRN.Chr6p420661868",6,420661868,6.19416686646922e-07,0.449074074074074,NA,0.000210628221921905,"GLM","NYC","DTF_Sask_2017",6.20801709923583,3.67648343845069,"Suggestive",1.27461004911875
"Lcu.1GRN.Chr2p65087340",2,65087340,6.19720863199401e-07,0.226851851851852,NA,0.000210628221921905,"GLM","NYC","DTF_Sask_2017",6.20780388287266,3.67648343845069,"Suggestive",1.39855504533233
"Lcu.1GRN.Chr6p3363200",6,3363200,6.20118899163186e-07,0.267080745341615,NA,0.00463749176945593,"FarmCPU","NYC","DTF_Sask_2017_b",6.20752503259885,2.33371684815491,"Suggestive",-0.104959075011777
"Lcu.1GRN.Chr6p272684924",6,272684924,6.2019194516862e-07,0.217592592592593,NA,0.0130382565012833,"FarmCPU","NYC","DTF_Nepal_2017",6.20747387852362,1.88478047934767,"Suggestive",-2.24680707431475
"Lcu.1GRN.Chr2p150710113",2,150710113,6.20387984204386e-07,0.407407407407407,NA,0.000210628221921905,"GLM","NYC","DTF_Sask_2017",6.2073366222773,3.67648343845069,"Suggestive",1.34208983548125
"Lcu.1GRN.Chr1p509485446",1,509485446,6.20550077518328e-07,0.146604938271605,NA,0.000210628221921905,"GLM","NYC","DTF_Sask_2017",6.20722316579729,3.67648343845069,"Suggestive",1.83153099471855
"Lcu.1GRN.Chr3p375584",3,375584,6.21552720084764e-07,0.0864197530864198,NA,0.000210755870762855,"GLM","NYC","DTF_Sask_2017",6.20652202861389,3.67622031893619,"Suggestive",1.90554921802743
"Lcu.1GRN.Chr1p437127852",1,437127852,6.24865457402333e-07,0.490740740740741,NA,0.00021166577976843,"GLM","NYC","DTF_Sask_2017",6.20421348249245,3.67434934915596,"Suggestive",1.32594721978931
"Lcu.1GRN.Chr6p420957439",6,420957439,6.27462658155209e-07,0.479938271604938,NA,0.000212331722269309,"GLM","NYC","DTF_Sask_2017",6.20241211500978,3.67298511757522,"Suggestive",-1.26127559408997
"Lcu.1GRN.Chr6p3269280",6,3269280,6.29141372308359e-07,0.279320987654321,NA,0.138691719631354,"MLMM","NYC","DTF_Sask_2017",6.20125175469032,0.857949467014381,"Suggestive",-1.92532058180707
"Lcu.1GRN.Chr3p38514786",3,38514786,6.29419562751482e-07,0.101851851851852,NA,0.000212779869411083,"GLM","NYC","DTF_Sask_2017",6.20105976307042,3.67206946198427,"Suggestive",2.3720651856828
"Lcu.1GRN.Chr1p548589293",1,548589293,6.31695950860135e-07,0.121913580246914,NA,0.000213335011950774,"GLM","NYC","DTF_Sask_2017",6.1994919069029,3.67093786349473,"Suggestive",1.72152268171624
"Lcu.1GRN.Chr5p459570418",5,459570418,6.33486446437016e-07,0.108024691358025,NA,0.000213725110861263,"GLM","NYC","DTF_Sask_2017",6.19826267249417,3.67014444897395,"Suggestive",-1.85311261505086
"Lcu.1GRN.Chr2p79608835",2,79608835,6.34230377848122e-07,0.33179012345679,NA,0.000213747262070939,"GLM","NYC","DTF_Sask_2017",6.19775296032871,3.67009943952423,"Suggestive",1.64789202474219
"Lcu.1GRN.Chr6p420958875",6,420958875,6.35191488973349e-07,0.476851851851852,NA,0.000213747262070939,"GLM","NYC","DTF_Sask_2017",6.1970953297193,3.67009943952423,"Suggestive",-1.27764881287139
"Lcu.1GRN.Chr3p410053273",3,410053273,6.36067645725216e-07,0.158950617283951,NA,0.000213747262070939,"GLM","NYC","DTF_Sask_2017",6.19649669472431,3.67009943952423,"Suggestive",1.79240940526182
"Lcu.1GRN.Chr2p43989580",2,43989580,6.37793268333771e-07,0.0694444444444444,NA,0.0102158384899822,"MLM","NYC","DTF_Nepal_2017",6.19532006888253,1.99072598178458,"Suggestive",8.53931606672735
"Lcu.1GRN.Chr1p363528644",1,363528644,6.39879981660457e-07,0.111290322580645,NA,0.000411538259638973,"MLM","NYC","Cotyledon_RedvsYellow",6.19390147631378,3.38558978334918,"Suggestive",-0.241371804546978
"Lcu.1GRN.Chr6p3363193",6,3363193,6.47988991680006e-07,0.248447204968944,NA,0.00463749176945593,"FarmCPU","NYC","DTF_Sask_2017_b",6.18843237205107,2.33371684815491,"Suggestive",-0.143412184807431
"Lcu.1GRN.Chr6p3363194",6,3363194,6.47988991680006e-07,0.248447204968944,NA,0.00463749176945593,"FarmCPU","NYC","DTF_Sask_2017_b",6.18843237205107,2.33371684815491,"Suggestive",-0.143412184807431
"Lcu.1GRN.Chr6p3363245",6,3363245,6.47988991680006e-07,0.248447204968944,NA,0.00463749176945593,"FarmCPU","NYC","DTF_Sask_2017_b",6.18843237205107,2.33371684815491,"Suggestive",-0.143412184807431
"Lcu.1GRN.Chr6p3363354",6,3363354,6.47988991680006e-07,0.248447204968944,NA,0.00463749176945593,"FarmCPU","NYC","DTF_Sask_2017_b",6.18843237205107,2.33371684815491,"Suggestive",-0.143412184807431
"Lcu.1GRN.Chr1p364634094",1,364634094,6.55399148480287e-07,0.491935483870968,NA,0.000420714972093261,"MLM","NYC","Cotyledon_RedvsYellow",6.18349412720533,3.37601203235718,"Suggestive",-0.170672474357744
"Lcu.1GRN.Chr1p371694971",1,371694971,6.72880022985419e-07,0.133870967741936,NA,0.000431113589888641,"MLM","NYC","Cotyledon_RedvsYellow",6.17206236519712,3.36540828677121,"Suggestive",-0.234000853397601
"Lcu.1GRN.Chr1p382567683",1,382567683,6.90670965075945e-07,0.353225806451613,NA,0.000441670951539354,"MLM","NYC","Cotyledon_RedvsYellow",6.1607288007947,3.35490116311656,"Suggestive",-0.224835710239304
"Lcu.1GRN.Chr3p57174305",3,57174305,6.91049231715386e-07,0.237577639751553,NA,0.00484262826925853,"FarmCPU","NYC","DTF_Sask_2017_b",6.16049101152494,2.31491886706865,"Suggestive",0.725150705933478
"Lcu.1GRN.Chr1p377699900",1,377699900,6.94466002501499e-07,0.143548387096774,NA,0.000443255115490364,"MLM","NYC","Cotyledon_RedvsYellow",6.1583490102394,3.35334624362007,"Suggestive",-0.279273927804008
"Lcu.1GRN.Chr1p176394501",1,176394501,7.33819093684634e-07,0.293548387096774,NA,0.0189871174681092,"MLMM","NYC","Cotyledon_RedvsYellow",6.13441099226119,1.72154096273615,"Suggestive",-0.117100439757608
"Lcu.1GRN.Chr1p182238361",1,182238361,7.33819093684634e-07,0.295161290322581,NA,0.0189871174681092,"MLMM","NYC","Cotyledon_RedvsYellow",6.13441099226119,1.72154096273615,"Suggestive",-0.117100439757608
"Lcu.1GRN.Chr1p184184513",1,184184513,7.33819093684634e-07,0.295161290322581,NA,0.0189871174681092,"MLMM","NYC","Cotyledon_RedvsYellow",6.13441099226119,1.72154096273615,"Suggestive",-0.117100439757608
"Lcu.1GRN.Chr1p184590356",1,184590356,7.33819093684634e-07,0.295161290322581,NA,0.0189871174681092,"MLMM","NYC","Cotyledon_RedvsYellow",6.13441099226119,1.72154096273615,"Suggestive",-0.117100439757608
"Lcu.1GRN.Chr1p184834906",1,184834906,7.33819093684634e-07,0.295161290322581,NA,0.0189871174681092,"MLMM","NYC","Cotyledon_RedvsYellow",6.13441099226119,1.72154096273615,"Suggestive",-0.117100439757608
"Lcu.1GRN.Chr1p187418278",1,187418278,7.33819093684634e-07,0.295161290322581,NA,0.0189871174681092,"MLMM","NYC","Cotyledon_RedvsYellow",6.13441099226119,1.72154096273615,"Suggestive",-0.117100439757608
"Lcu.1GRN.Chr1p27007203",1,27007203,7.37100897330868e-07,0.104838709677419,NA,0.019072032117884,"FarmCPU","NYC","Cotyledon_RedvsYellow",6.13247306009912,1.71960303057408,"Suggestive",0.0231372067317679
"Lcu.1GRN.Chr1p363532612",1,363532612,7.37494860350138e-07,0.0935483870967742,NA,0.000468939383159536,"MLM","NYC","Cotyledon_RedvsYellow",6.13224100196587,3.32888329216918,"Suggestive",-0.200300853666864
"Lcu.1GRN.Chr1p363532615",1,363532615,7.37494860350138e-07,0.0935483870967742,NA,0.000468939383159536,"MLM","NYC","Cotyledon_RedvsYellow",6.13224100196587,3.32888329216918,"Suggestive",-0.200300853666864
"Lcu.1GRN.Chr1p372718855",1,372718855,7.43737582323056e-07,0.138709677419355,NA,0.00047201656481747,"MLM","NYC","Cotyledon_RedvsYellow",6.12858027232033,3.32604276008924,"Suggestive",-0.188496771794926
"Lcu.1GRN.Chr1p363998101",1,363998101,7.46085050521655e-07,0.138709677419355,NA,0.000472614670788734,"MLM","NYC","Cotyledon_RedvsYellow",6.12721166198198,3.32549280123158,"Suggestive",-0.191973540019266
"Lcu.1GRN.Chr1p361241759",1,361241759,7.76148535736444e-07,0.082258064516129,NA,0.000490734500977557,"MLM","NYC","Cotyledon_RedvsYellow",6.11005515750771,3.30915340797088,"Suggestive",-0.201936567651833
"Lcu.1GRN.Chr1p387800692",1,387800692,7.82296425958237e-07,0.109677419354839,NA,0.000493693624597175,"MLM","NYC","Cotyledon_RedvsYellow",6.1066286538907,3.3065424810854,"Suggestive",-0.32649361761396
"Lcu.1GRN.Chr1p353439403",1,353439403,7.87763143618412e-07,0.195161290322581,NA,0.000495385171565282,"MLM","NYC","Cotyledon_RedvsYellow",6.10360434200566,3.30505699735405,"Suggestive",-0.215277501530305
"Lcu.1GRN.Chr1p361241833",1,361241833,7.87922319334019e-07,0.182258064516129,NA,0.000495385171565282,"MLM","NYC","Cotyledon_RedvsYellow",6.10351659716469,3.30505699735405,"Suggestive",-0.156738017502046
"Lcu.1GRN.Chr5p2415356",5,2415356,8.02143284525676e-07,0.208333333333333,NA,0.0122642968266385,"MLM","NYC","DTF_Nepal_2017",6.09574804802414,1.91135734701448,"Suggestive",4.89594293031653
"Lcu.1GRN.Chr1p453093806",1,453093806,8.17488506476987e-07,0.485483870967742,NA,0.0144724292872708,"BLINK","NYC","Cotyledon_RedvsYellow",6.08751834461105,1.83945856373201,"Suggestive",0.0319882304176599
"Lcu.1GRN.Chr1p362604771",1,362604771,8.19682308772522e-07,0.196774193548387,NA,0.000514391938721804,"MLM","NYC","Cotyledon_RedvsYellow",6.08635443820286,3.28870584606375,"Suggestive",-0.171381558894091
"Lcu.1GRN.Chr1p356759576",1,356759576,8.33056652542838e-07,0.458064516129032,NA,0.000521811484256754,"MLM","NYC","Cotyledon_RedvsYellow",6.07932546311888,3.28248636698656,"Suggestive",-0.171388921152591
"Lcu.1GRN.Chr3p403223791",3,403223791,8.45706184373291e-07,0.400621118012422,NA,0.00580546228814471,"FarmCPU","NYC","DTF_Sask_2017_b",6.07278049354333,2.23616319173997,"Suggestive",-0.644570342171166
"Lcu.1GRN.Chr1p363539164",1,363539164,8.47604554953476e-07,0.12741935483871,NA,0.000529937177204528,"MLM","NYC","Cotyledon_RedvsYellow",6.07180671809404,3.27577561192855,"Suggestive",-0.202067660529461
"Lcu.1GRN.Chr1p361295559",1,361295559,8.5626637847531e-07,0.15,NA,0.000534359467400008,"MLM","NYC","Cotyledon_RedvsYellow",6.06739110833056,3.27216649168543,"Suggestive",-0.171070858502015
"Lcu.1GRN.Chr6p431580955",6,431580955,8.7441052505132e-07,0.468944099378882,NA,0.00588245690159875,"FarmCPU","NYC","DTF_Sask_2017_b",6.05828462353754,2.23044124604168,"Suggestive",0.12443747668533
"Lcu.1GRN.Chr1p371694648",1,371694648,8.76209920432045e-07,0.219354838709677,NA,0.000545792782048085,"MLM","NYC","Cotyledon_RedvsYellow",6.05739183405615,3.26297221204724,"Suggestive",-0.188849810579352
"Lcu.1GRN.Chr1p470218105",1,470218105,8.79988024649032e-07,0.0833333333333334,NA,0.0493331553145202,"BLINK","NYC","DTF_Nepal_2017",6.05552323792282,1.30686110647459,"Suggestive",2.56939070789815
"Lcu.1GRN.Chr1p371177889",1,371177889,9.01121787002961e-07,0.132258064516129,NA,0.000560247094978343,"MLM","NYC","Cotyledon_RedvsYellow",6.0452165099654,3.25162038671284,"Suggestive",-0.254042405965047
"Lcu.1GRN.Chr1p355763860",1,355763860,9.02745886125161e-07,0.454838709677419,NA,0.000560247094978343,"MLM","NYC","Cotyledon_RedvsYellow",6.04443448200633,3.25162038671284,"Suggestive",0.186166362951325
"Lcu.1GRN.Chr2p633968862",2,633968862,9.1709277764722e-07,0.214516129032258,NA,0.022034267595633,"MLMM","NYC","Cotyledon_RedvsYellow",6.03758672672687,1.65690138057323,"Suggestive",0.0650063122619998
"Lcu.1GRN.Chr1p353677571",1,353677571,9.39099915237885e-07,0.238709677419355,NA,0.00058173521397573,"MLM","NYC","Cotyledon_RedvsYellow",6.02728819865187,3.23527464640884,"Suggestive",-0.203520245701715
"Lcu.1GRN.Chr1p361045695",1,361045695,1.04348600962565e-06,0.166129032258065,NA,0.000645210034190718,"MLM","NYC","Cotyledon_RedvsYellow",5.98151336929437,3.19029888716068,"Suggestive",-0.200409810867805
"Lcu.1GRN.Chr1p356893943",1,356893943,1.05380829773906e-06,0.479032258064516,NA,0.000650396946212099,"MLM","NYC","Cotyledon_RedvsYellow",5.97723838609337,3.18682150653814,"Suggestive",-0.173805125540225
"Lcu.1GRN.Chr1p530030808",1,530030808,1.06532286670772e-06,0.374223602484472,NA,0.00702626385697792,"FarmCPU","NYC","DTF_Sask_2017_b",5.9725187509301,2.15327554519616,"Suggestive",-0.731509680121768
"Lcu.1GRN.Chr1p360343122",1,360343122,1.07219239461659e-06,0.170967741935484,NA,0.000660531390476185,"MLM","NYC","Cotyledon_RedvsYellow",5.96972727768128,3.18010653855414,"Suggestive",-0.182842549370478
"Lcu.1GRN.Chr1p373215921",1,373215921,1.07660828159867e-06,0.0935483870967742,NA,0.0181067748928249,"BLINK","NYC","Cotyledon_RedvsYellow",5.96794228378211,1.74215889761422,"Suggestive",0.0378531225537995
"Lcu.1GRN.Chr1p362093141",1,362093141,1.0871885355022e-06,0.111290322580645,NA,0.0261210247229478,"FarmCPU","NYC","Cotyledon_RedvsYellow",5.96369513592455,1.58300978977092,"Suggestive",-0.311093903360742
"Lcu.1GRN.Chr6p429601354",6,429601354,1.08720560157909e-06,0.202160493827161,NA,0.0281307758912581,"BLINK","NYC","DTF_Sask_2017",5.96368831866645,1.55081828914142,"Suggestive",-0.796845378066529
"Lcu.1GRN.Chr1p184679743",1,184679743,1.08887971999198e-06,0.293548387096774,NA,0.0244175469849694,"MLMM","NYC","Cotyledon_RedvsYellow",5.96302009070223,1.61229796792603,"Suggestive",-0.113902669388191
"Lcu.1GRN.Chr1p364675042",1,364675042,1.0891546985023e-06,0.42258064516129,NA,0.000668532296480152,"MLM","NYC","Cotyledon_RedvsYellow",5.96291043068098,3.17487760733347,"Suggestive",-0.197940608033304
"Lcu.1GRN.Chr1p364678449",1,364678449,1.0891546985023e-06,0.42258064516129,NA,0.000668532296480152,"MLM","NYC","Cotyledon_RedvsYellow",5.96291043068098,3.17487760733347,"Suggestive",-0.197940608033304
"Lcu.1GRN.Chr1p371437011",1,371437011,1.12111339992213e-06,0.232258064516129,NA,0.000686895356997464,"MLM","NYC","Cotyledon_RedvsYellow",5.95035045656685,3.16310941918507,"Suggestive",-0.174166440440174
"Lcu.1GRN.Chr6p431594390",6,431594390,1.13858674547757e-06,0.12888198757764,NA,0.00734107488550711,"FarmCPU","NYC","DTF_Sask_2017_b",5.94363387620641,2.13424034571514,"Suggestive",-0.0920602908022374
"Lcu.1GRN.Chr1p359451763",1,359451763,1.14135855761007e-06,0.0951612903225807,NA,0.000698027916268409,"MLM","NYC","Cotyledon_RedvsYellow",5.94257790060431,3.15612720826669,"Suggestive",-0.292141207297564
"Lcu.1GRN.Chr6p3363162",6,3363162,1.15670374600326e-06,0.253105590062112,NA,0.00734107488550711,"FarmCPU","NYC","DTF_Sask_2017_b",5.93677785794622,2.13424034571514,"Suggestive",-0.162396333181135
"Lcu.1GRN.Chr2p561527709",2,561527709,1.1762211199329e-06,0.183641975308642,NA,0.0359674517680427,"FarmCPU","NYC","DTF_Sask_2017",5.92951102678063,1.44409033010698,"Suggestive",0.841436958142747
"Lcu.1GRN.Chr1p371160299",1,371160299,1.24170815983305e-06,0.185483870967742,NA,0.000758021140832237,"MLM","NYC","Cotyledon_RedvsYellow",5.90598046492224,3.12031868194215,"Suggestive",-0.202636241903445
"Lcu.1GRN.Chr1p362780469",1,362780469,1.25535325717448e-06,0.17258064516129,NA,0.000764962697565231,"MLM","NYC","Cotyledon_RedvsYellow",5.90123404625176,3.11635974214908,"Suggestive",-0.155184288728363
"Lcu.1GRN.Chr1p408004904",1,408004904,1.28864985861353e-06,0.391935483870968,NA,0.00078383234537479,"MLM","NYC","Cotyledon_RedvsYellow",5.88986506955817,3.10577681903099,"Suggestive",0.171258332469816
"Lcu.1GRN.Chr3p437318245",3,437318245,1.30528216671234e-06,0.118012422360248,NA,0.00798734175419072,"FarmCPU","NYC","DTF_Sask_2017_b",5.88429559545221,2.09759773302291,"Suggestive",0.313986815734211
"Lcu.1GRN.Chr1p351122862",1,351122862,1.32917430241398e-06,0.179032258064516,NA,0.00080606284287556,"MLM","NYC","Cotyledon_RedvsYellow",5.87641806374278,3.09363109808304,"Suggestive",-0.180319931291487
"Lcu.1GRN.Chr6p431623488",6,431623488,1.32977116731035e-06,0.172360248447205,NA,0.00798734175419072,"FarmCPU","NYC","DTF_Sask_2017_b",5.87622308784858,2.09759773302291,"Suggestive",-0.0577455401513589
"Lcu.1GRN.Chr6p431627511",6,431627511,1.32977116731035e-06,0.172360248447205,NA,0.00798734175419072,"FarmCPU","NYC","DTF_Sask_2017_b",5.87622308784858,2.09759773302291,"Suggestive",-0.0577455401513589
"Lcu.1GRN.Chr1p357740500",1,357740500,1.32999039084077e-06,0.111290322580645,NA,0.00080606284287556,"MLM","NYC","Cotyledon_RedvsYellow",5.87615149679224,3.09363109808304,"Suggestive",-0.245927093339479
"Lcu.1GRN.Chr1p363356987",1,363356987,1.33424330054563e-06,0.132258064516129,NA,0.000807186000493943,"MLM","NYC","Cotyledon_RedvsYellow",5.8747649691827,3.09302637893288,"Suggestive",-0.223746762801177
"Lcu.1GRN.Chr1p192529878",1,192529878,1.3399222916911e-06,0.296774193548387,NA,0.0281691025930787,"MLMM","NYC","Cotyledon_RedvsYellow",5.87292038765634,1.5502269884804,"Suggestive",-0.111392820442033
"Lcu.1GRN.Chr1p372718797",1,372718797,1.36463713866903e-06,0.151612903225806,NA,0.000824091383164604,"MLM","NYC","Cotyledon_RedvsYellow",5.8649828135489,3.08402462689075,"Suggestive",-0.196594975382328
"Lcu.1GRN.Chr1p374029856",1,374029856,1.37077611147349e-06,0.333870967741935,NA,0.000826315140301079,"MLM","NYC","Cotyledon_RedvsYellow",5.86303347262971,3.08285428973542,"Suggestive",-0.183933148046941
"Lcu.1GRN.Chr3p398110363",3,398110363,1.37758648813333e-06,0.108695652173913,NA,0.0231687317126973,"BLINK","NYC","DTF_Sask_2017_b",5.86088112558693,1.63509773941904,"Suggestive",-0.888569039964523
"Lcu.1GRN.Chr3p433371307",3,433371307,1.39406960738662e-06,0.355590062111801,NA,0.2208246325118,"MLMM","NYC","DTF_Sask_2017_b",5.85571554090861,0.655952483627297,"Suggestive",1.2037215487585
"Lcu.1GRN.Chr1p363532833",1,363532833,1.42392534147513e-06,0.0967741935483871,NA,0.000856818417416755,"MLM","NYC","Cotyledon_RedvsYellow",5.84651278080828,3.06711120686282,"Suggestive",-0.194389258500221
"Lcu.1GRN.Chr1p367807629",1,367807629,1.4420863360596e-06,0.398387096774194,NA,0.000866196883216712,"MLM","NYC","Cotyledon_RedvsYellow",5.84100873812432,3.06238338329865,"Suggestive",-0.194354470214907
"Lcu.1GRN.Chr6p431582947",6,431582947,1.44910301244953e-06,0.239130434782609,NA,0.00849551251630215,"FarmCPU","NYC","DTF_Sask_2017_b",5.83890074072053,2.07081041593704,"Suggestive",0.0498049270001388
"Lcu.1GRN.Chr1p371177899",1,371177899,1.45060844785129e-06,0.145161290322581,NA,0.000869762587840273,"MLM","NYC","Cotyledon_RedvsYellow",5.83844979768324,3.06059927710753,"Suggestive",-0.214167439817891
"Lcu.1GRN.Chr6p3267478",6,3267478,1.46488723907376e-06,0.243788819875776,NA,0.00849551251630215,"FarmCPU","NYC","DTF_Sask_2017_b",5.83419580420598,2.07081041593704,"Suggestive",0.0774259301947779
"Lcu.1GRN.Chr1p558274402",1,558274402,1.46819346762529e-06,0.183641975308642,NA,0.0350141281471618,"BLINK","NYC","DTF_Sask_2017",5.83321671254941,1.45575668312695,"Suggestive",-0.988086156188466
"Lcu.1GRN.Chr6p3269280",6,3269280,1.54579095558878e-06,0.279320987654321,NA,0.233525037843961,"MLM","NYC","DTF_Sask_2017",5.81084923808441,0.631666548868651,"Suggestive",-1.92532152671126
"Lcu.1GRN.Chr1p382566676",1,382566676,1.55126567747906e-06,0.354838709677419,NA,0.000928460110563341,"MLM","NYC","Cotyledon_RedvsYellow",5.80931381638234,3.03223675011953,"Suggestive",-0.220381532456883
"Lcu.1GRN.Chr4p46158014",4,46158014,1.56142523555351e-06,0.195987654320988,NA,0.0350141281471618,"BLINK","NYC","DTF_Sask_2017",5.80647880590314,1.45575668312695,"Suggestive",-1.11919049633123
"Lcu.1GRN.Chr1p362780498",1,362780498,1.58642879420597e-06,0.193548387096774,NA,0.000947819350303162,"MLM","NYC","Cotyledon_RedvsYellow",5.7995794161431,3.02327442916257,"Suggestive",-0.151745768861932
"Lcu.1GRN.Chr1p374007375",1,374007375,1.6543035965887e-06,0.385483870967742,NA,0.000986619038783246,"MLM","NYC","Cotyledon_RedvsYellow",5.78138478606284,3.00585050821431,"Suggestive",-0.140908678859245
"Lcu.1GRN.Chr1p371434688",1,371434688,1.66888435632661e-06,0.117741935483871,NA,0.000993553317317722,"MLM","NYC","Cotyledon_RedvsYellow",5.77757375628017,3.00280882226774,"Suggestive",-0.255219970169923
"Lcu.1GRN.Chr1p186405619",1,186405619,1.73615950359574e-06,0.293548387096774,NA,0.0343521625732933,"MLMM","NYC","Cotyledon_RedvsYellow",5.76041037803664,1.46404591758304,"Suggestive",-0.109372258336454
"Lcu.1GRN.Chr3p212552764",3,212552764,1.74295389831651e-06,0.140322580645161,NA,0.00103581656168733,"MLM","NYC","Cotyledon_RedvsYellow",5.7587140999649,2.98471714932129,"Suggestive",-0.231929087600194
"Lcu.1GRN.Chr2p43564881",2,43564881,1.77284874778847e-06,0.174382716049383,NA,0.0259272962933637,"MLM","NYC","DTF_Nepal_2017",5.75132831504932,1.58624276923504,"Suggestive",4.91670973514986
"Lcu.1GRN.Chr1p361842704",1,361842704,1.82501870842389e-06,0.0870967741935483,NA,0.00108267384108716,"MLM","NYC","Cotyledon_RedvsYellow",5.73873267919457,2.9655023562556,"Suggestive",-0.193958662734972
"Lcu.1GRN.Chr1p385772156",1,385772156,1.86319081659485e-06,0.196774193548387,NA,0.00110337307289711,"MLM","NYC","Cotyledon_RedvsYellow",5.72974266504444,2.95727761892359,"Suggestive",-0.2455282952251
"Lcu.1GRN.Chr1p364579748",1,364579748,1.88507743633902e-06,0.464516129032258,NA,0.0011143723058507,"MLM","NYC","Cotyledon_RedvsYellow",5.72467080488313,2.95296968944633,"Suggestive",-0.162886512115769
"Lcu.1GRN.Chr2p86496173",2,86496173,1.88775914394805e-06,0.304012345679012,NA,0.138691719631354,"MLMM","NYC","DTF_Sask_2017",5.72405341741456,0.857949467014381,"Suggestive",1.43084738469433
"Lcu.1GRN.Chr1p372537212",1,372537212,1.9111346768802e-06,0.125806451612903,NA,0.00112779410150555,"MLM","NYC","Cotyledon_RedvsYellow",5.71870870731181,2.94777018115243,"Suggestive",-0.212986075883545
"Lcu.1GRN.Chr7p4676128",7,4676128,1.92666817467211e-06,0.342592592592593,NA,0.0522767355952156,"FarmCPU","NYC","DTF_Sask_2017",5.7151930763762,1.28169153963105,"Suggestive",0.532100051103839
"Lcu.1GRN.Chr1p361189301",1,361189301,1.93160157615225e-06,0.0790322580645161,NA,0.00113787570466831,"MLM","NYC","Cotyledon_RedvsYellow",5.71408244889504,2.94390517530901,"Suggestive",-0.212915187925706
"Lcu.1GRN.Chr1p372694786",1,372694786,1.95653177287159e-06,0.159677419354839,NA,0.00115054671826136,"MLM","NYC","Cotyledon_RedvsYellow",5.70851309503099,2.93909574199214,"Suggestive",-0.198024943762404
"Lcu.1GRN.Chr6p431580662",6,431580662,1.96783566251685e-06,0.302795031055901,NA,0.0112188979371831,"FarmCPU","NYC","DTF_Sask_2017_b",5.7060111731009,1.95004980291117,"Suggestive",0.301410094427212
"Lcu.1GRN.Chr1p185567443",1,185567443,1.98261921512243e-06,0.296774193548387,NA,0.0444591785022058,"FarmCPU","NYC","Cotyledon_RedvsYellow",5.70276068904784,1.35203856627164,"Suggestive",-0.138351333442776
"Lcu.1GRN.Chr1p363532773",1,363532773,1.98282961550612e-06,0.0887096774193549,NA,0.00116397635127216,"MLM","NYC","Cotyledon_RedvsYellow",5.70271460310417,2.93405584323969,"Suggestive",-0.189850126702044
"Lcu.1GRN.Chr1p356073219",1,356073219,1.99771539525292e-06,0.425806451612903,NA,0.00117067166263944,"MLM","NYC","Cotyledon_RedvsYellow",5.69946638351508,2.93156489408117,"Suggestive",-0.146562245609698
"Lcu.1GRN.Chr3p444694259",3,444694259,2.02040498246797e-06,0.396604938271605,NA,0.0522767355952156,"FarmCPU","NYC","DTF_Sask_2017",5.69456156915609,1.28169153963105,"Suggestive",-0.0316789530064909
"Lcu.1GRN.Chr6p431580942",6,431580942,2.02198318234584e-06,0.43944099378882,NA,0.0113150654933797,"FarmCPU","NYC","DTF_Sask_2017_b",5.69422246093333,1.94634292793717,"Suggestive",0.188699549685083
"Lcu.1GRN.Chr1p170777246",1,170777246,2.02332851718044e-06,0.0661290322580645,NA,0.00118361903189293,"MLM","NYC","Cotyledon_RedvsYellow",5.69393359739949,2.92678806025724,"Suggestive",0.271210929369262
"Lcu.1GRN.Chr1p373776368",1,373776368,2.03599769837288e-06,0.4,NA,0.00118896256563991,"MLM","NYC","Cotyledon_RedvsYellow",5.69122271729035,2.92483181888169,"Suggestive",-0.176699532742922
"Lcu.1GRN.Chr6p3269091",6,3269091,2.05198189803448e-06,0.158385093167702,NA,0.0113150654933797,"FarmCPU","NYC","DTF_Sask_2017_b",5.68782647475828,1.94634292793717,"Suggestive",-0.179617752899617
"Lcu.1GRN.Chr1p361279103",1,361279103,2.18396753950669e-06,0.164516129032258,NA,0.00127316223459488,"MLM","NYC","Cotyledon_RedvsYellow",5.66075382087476,2.89511625219862,"Suggestive",-0.147598323576643
"Lcu.1GRN.Chr2p44071765",2,44071765,2.18721095813017e-06,0.0709876543209876,NA,0.0306543995147238,"MLM","NYC","DTF_Nepal_2017",5.66010932691509,1.51350718679482,"Suggestive",7.96871417037455
"Lcu.1GRN.Chr4p491731805",4,491731805,2.2025428097075e-06,0.130645161290323,NA,0.0463039198295552,"FarmCPU","NYC","Cotyledon_RedvsYellow",5.6570756416723,1.33438224249635,"Suggestive",0.0466226505934768
"Lcu.1GRN.Chr1p363825842",1,363825842,2.20711101935772e-06,0.103225806451613,NA,0.00128442787586211,"MLM","NYC","Cotyledon_RedvsYellow",5.65617582094718,2.89129027753584,"Suggestive",-0.180614533663113
"Lcu.1GRN.Chr6p349266866",6,349266866,2.25903896645525e-06,0.0629032258064516,NA,0.00131237678761598,"MLM","NYC","Cotyledon_RedvsYellow",5.64607627781335,2.88194145970891,"Suggestive",0.29186269571653
"Lcu.1GRN.Chr1p364633946",1,364633946,2.27154146517301e-06,0.420967741935484,NA,0.00131736480692388,"MLM","NYC","Cotyledon_RedvsYellow",5.64367933107851,2.88029394280958,"Suggestive",-0.190015570561378
"Lcu.1GRN.Chr1p72514216",1,72514216,2.27550409154948e-06,0.424193548387097,NA,0.00131739154003825,"MLM","NYC","Cotyledon_RedvsYellow",5.64292237925855,2.88028512981701,"Suggestive",0.174790478315111
"Lcu.1GRN.Chr1p367805705",1,367805705,2.30553087675042e-06,0.361290322580645,NA,0.00133248196635723,"MLM","NYC","Cotyledon_RedvsYellow",5.63722905713031,2.87533865994833,"Suggestive",-0.157875476788459
"Lcu.1GRN.Chr6p3366261",6,3366261,2.31016501418804e-06,0.273291925465838,NA,0.0125332786343127,"FarmCPU","NYC","DTF_Sask_2017_b",5.63635699751403,1.90193530518041,"Suggestive",-0.0694937770188915
"Lcu.1GRN.Chr1p371784277",1,371784277,2.34376875665882e-06,0.103225806451613,NA,0.00135225808811502,"MLM","NYC","Cotyledon_RedvsYellow",5.63008523935239,2.86894041227953,"Suggestive",-0.249999422539216
"Lcu.1GRN.Chr4p462942154",4,462942154,2.35526781737544e-06,0.238709677419355,NA,0.0424299688714022,"MLMM","NYC","Cotyledon_RedvsYellow",5.62795970212525,1.37232728685189,"Suggestive",0.0470230210409858
"Lcu.1GRN.Chr5p1941396",5,1941396,2.35925223837481e-06,0.151234567901235,NA,0.0317429839066167,"MLM","NYC","DTF_Nepal_2017",5.62722562423603,1.4983522510762,"Suggestive",6.1764521676123
"Lcu.1GRN.Chr1p176318641",1,176318641,2.39669589631754e-06,0.296774193548387,NA,0.0424299688714022,"MLMM","NYC","Cotyledon_RedvsYellow",5.62038706773094,1.37232728685189,"Suggestive",-0.108013815167126
"Lcu.1GRN.Chr1p370984914",1,370984914,2.45539861095887e-06,0.17258064516129,NA,0.00141187571754773,"MLM","NYC","Cotyledon_RedvsYellow",5.60987799417753,2.85020353101706,"Suggestive",-0.245839718768945
"Lcu.1GRN.Chr1p361910110",1,361910110,2.45549442949344e-06,0.0467741935483871,NA,0.00141187571754773,"MLM","NYC","Cotyledon_RedvsYellow",5.60986104676675,2.85020353101706,"Suggestive",-0.268328669950605
"Lcu.1GRN.Chr1p363532625",1,363532625,2.49532514370313e-06,0.0854838709677419,NA,0.0014323294071877,"MLM","NYC","Cotyledon_RedvsYellow",5.60287285728872,2.84395709147494,"Suggestive",-0.19667831455975
"Lcu.1GRN.Chr1p183411815",1,183411815,2.54248649549083e-06,0.290322580645161,NA,0.0427604277514382,"MLMM","NYC","Cotyledon_RedvsYellow",5.59474134516997,1.36895795900208,"Suggestive",-0.106084182958995
"Lcu.1GRN.Chr1p362687151",1,362687151,2.54345892763338e-06,0.156451612903226,NA,0.00145747129320487,"MLM","NYC","Cotyledon_RedvsYellow",5.59457527106436,2.83639999048009,"Suggestive",-0.179475589576368
"Lcu.1GRN.Chr1p371779951",1,371779951,2.56059812500627e-06,0.353225806451613,NA,0.00146479712502378,"MLM","NYC","Cotyledon_RedvsYellow",5.59165857685664,2.83422252110091,"Suggestive",0.17256301457633
"Lcu.1GRN.Chr2p426093179",2,426093179,2.60045662699462e-06,0.25462962962963,NA,0.218676948563075,"MLMM","NYC","DTF_Nepal_2017",5.58495038542462,0.660196994920706,"Suggestive",-4.62642703509056
"Lcu.1GRN.Chr2p44640365",2,44640365,2.65614687462457e-06,0.101851851851852,NA,0.0337948009895545,"MLM","NYC","DTF_Nepal_2017",5.5757479138389,1.47115010668144,"Suggestive",5.75253467718271
"Lcu.1GRN.Chr2p7983167",2,7983167,2.6674013098512e-06,0.0548387096774193,NA,0.0427250369709866,"BLINK","NYC","Cotyledon_RedvsYellow",5.57391163989972,1.36931755280176,"Suggestive",-0.0453889411833765
"Lcu.1GRN.Chr1p372853217",1,372853217,2.66890983998737e-06,0.104838709677419,NA,0.00152416501892535,"MLM","NYC","Cotyledon_RedvsYellow",5.57366609712195,2.81696801007718,"Suggestive",-0.191444831287368
"Lcu.1GRN.Chr1p361280350",1,361280350,2.70126942731551e-06,0.229032258064516,NA,0.00154003032789464,"MLM","NYC","Cotyledon_RedvsYellow",5.568432096686,2.81247072649627,"Suggestive",-0.147825008558072
"Lcu.1GRN.Chr1p437280693",1,437280693,2.7054143474554e-06,0.270186335403727,NA,0.0144446366319132,"FarmCPU","NYC","DTF_Sask_2017_b",5.5677662111368,1.84029337875851,"Suggestive",0.12710660322
"Lcu.1GRN.Chr6p351968304",6,351968304,2.76539639140002e-06,0.0629032258064516,NA,0.00157392231469721,"MLM","NYC","Cotyledon_RedvsYellow",5.55824260820771,2.80301670725709,"Suggestive",0.266111750791345
"Lcu.1GRN.Chr6p431625031",6,431625031,2.77939801952473e-06,0.459627329192547,NA,0.0146077777130231,"FarmCPU","NYC","DTF_Sask_2017_b",5.5560492562792,1.83541584843121,"Suggestive",0.0806522381388817
"Lcu.1GRN.Chr2p8164918",2,8164918,2.78215446309856e-06,0.162903225806452,NA,0.00157957262620206,"MLM","NYC","Cotyledon_RedvsYellow",5.55561876197548,2.80146040113985,"Suggestive",-0.161974698299531
"Lcu.1GRN.Chr2p426093179",2,426093179,2.7843193996248e-06,0.25462962962963,NA,0.0337948009895545,"MLM","NYC","DTF_Nepal_2017",5.55528094666992,1.47115010668144,"Suggestive",-5.66843481351321
"Lcu.1GRN.Chr1p374289979",1,374289979,2.78577043510735e-06,0.388709677419355,NA,0.00157957262620206,"MLM","NYC","Cotyledon_RedvsYellow",5.55505467501683,2.80146040113985,"Suggestive",-0.183202791425934
"Lcu.1GRN.Chr1p372905654",1,372905654,2.7894119814489e-06,0.156451612903226,NA,0.00157957262620206,"MLM","NYC","Cotyledon_RedvsYellow",5.55448733799053,2.80146040113985,"Suggestive",-0.205001701879748
"Lcu.1GRN.Chr1p364662628",1,364662628,2.80592922972906e-06,0.440322580645161,NA,0.00158625545750635,"MLM","NYC","Cotyledon_RedvsYellow",5.55192328680935,2.79962687070602,"Suggestive",-0.185724367681183
"Lcu.1GRN.Chr5p1941443",5,1941443,2.8131607075234e-06,0.152777777777778,NA,0.0337948009895545,"MLM","NYC","DTF_Nepal_2017",5.55080545717109,1.47115010668144,"Suggestive",6.11029855766953
"Lcu.1GRN.Chr2p472553204",2,472553204,2.87668028870429e-06,0.109677419354839,NA,0.0460771580319331,"MLMM","NYC","Cotyledon_RedvsYellow",5.54110840247082,1.33651431537286,"Suggestive",-0.0697894434553098
"Lcu.1GRN.Chr2p44193346",2,44193346,3.0008988373071e-06,0.0725308641975309,NA,0.034807011696844,"MLM","NYC","DTF_Nepal_2017",5.5227486447417,1.45833326080878,"Suggestive",7.34997427499086
"Lcu.1GRN.Chr3p433418657",3,433418657,3.08557915950008e-06,0.364906832298137,NA,0.2208246325118,"MLMM","NYC","DTF_Sask_2017_b",5.51066330742717,0.655952483627297,"Suggestive",1.1253743970379
"Lcu.1GRN.Chr2p7752543",2,7752543,3.31000826310775e-06,0.275806451612903,NA,0.00186808313663887,"MLM","NYC","Cotyledon_RedvsYellow",5.48017092204977,2.72860379995813,"Suggestive",-0.130078273377246
"Lcu.1GRN.Chr1p359850981",1,359850981,3.32428134150917e-06,0.161290322580645,NA,0.00187299588274609,"MLM","NYC","Cotyledon_RedvsYellow",5.47830222800032,2.72746317729781,"Suggestive",-0.158017185883866
"Lcu.1GRN.Chr1p374131722",1,374131722,3.365005489104e-06,0.32741935483871,NA,0.00189277057082516,"MLM","NYC","Cotyledon_RedvsYellow",5.47301422300445,2.72290202516099,"Suggestive",-0.174608628144648
"Lcu.1GRN.Chr5p1988309",5,1988309,3.44902080364258e-06,0.226851851851852,NA,0.0383004568155109,"MLM","NYC","DTF_Nepal_2017",5.46230418606754,1.41679604610259,"Suggestive",-3.5818097749778
"Lcu.1GRN.Chr1p407975497",1,407975497,3.45073977676948e-06,0.390322580645161,NA,0.00193775456843509,"MLM","NYC","Cotyledon_RedvsYellow",5.4620877899911,2.71270123054853,"Suggestive",0.164507171080876
"Lcu.1GRN.Chr1p374029397",1,374029397,3.47284459085876e-06,0.335483870967742,NA,0.00194691719415565,"MLM","NYC","Cotyledon_RedvsYellow",5.45931465085066,2.71065251940243,"Suggestive",-0.182829994423341
"Lcu.1GRN.Chr1p356198092",1,356198092,3.49030969525387e-06,0.496774193548387,NA,0.0019534525811372,"MLM","NYC","Cotyledon_RedvsYellow",5.45713603637245,2.70919712654332,"Suggestive",0.138707218014772
"Lcu.1GRN.Chr2p134372283",2,134372283,3.49411079985473e-06,0.448757763975155,NA,0.0180815933448421,"FarmCPU","NYC","DTF_Sask_2017_b",5.45666332745768,1.74276330226866,"Suggestive",-0.549789682052723
"Lcu.1GRN.Chr1p360324619",1,360324619,3.533803277092e-06,0.0838709677419355,NA,0.0522740752449912,"MLMM","NYC","Cotyledon_RedvsYellow",5.45175763084833,1.28171364133286,"Suggestive",0.0592405608493459
"Lcu.1GRN.Chr4p333068445",4,333068445,3.5743807526743e-06,0.253225806451613,NA,0.0522740752449912,"MLMM","NYC","Cotyledon_RedvsYellow",5.44679918714714,1.28171364133286,"Suggestive",0.0655676645268216
"Lcu.1GRN.Chr3p433371387",3,433371387,3.59313035848032e-06,0.372670807453416,NA,0.2208246325118,"MLMM","NYC","DTF_Sask_2017_b",5.44452702634066,0.655952483627297,"Suggestive",1.14096973335706
"Lcu.1GRN.Chr7p14499615",7,14499615,3.60091766720076e-06,0.275806451612903,NA,0.0712488160566658,"FarmCPU","NYC","Cotyledon_RedvsYellow",5.44358680839521,1.14722234794161,"Suggestive",0.0387770638872564
"Lcu.1GRN.Chr1p369785877",1,369785877,3.68168484142495e-06,0.187096774193548,NA,0.0020537268408882,"MLM","NYC","Cotyledon_RedvsYellow",5.43395339059793,2.6874573209062,"Suggestive",-0.215681071568295
"Lcu.1GRN.Chr1p369819310",1,369819310,3.68168484142495e-06,0.187096774193548,NA,0.0020537268408882,"MLM","NYC","Cotyledon_RedvsYellow",5.43395339059793,2.6874573209062,"Suggestive",-0.215681071568295
"Lcu.1GRN.Chr5p2102310",5,2102310,3.71385622961773e-06,0.117283950617284,NA,0.0383004568155109,"MLM","NYC","DTF_Nepal_2017",5.43017491262969,1.41679604610259,"Suggestive",-4.01358130083507
"Lcu.1GRN.Chr5p2102312",5,2102312,3.71385622961773e-06,0.117283950617284,NA,0.0383004568155109,"MLM","NYC","DTF_Nepal_2017",5.43017491262969,1.41679604610259,"Suggestive",-4.01358130083507
"Lcu.1GRN.Chr1p362370694",1,362370694,3.71735848472408e-06,0.183870967741935,NA,0.0568362146105083,"BLINK","NYC","Cotyledon_RedvsYellow",5.42976555554932,1.24537485453965,"Suggestive",-0.120843769853398
"Lcu.1GRN.Chr3p434245743",3,434245743,3.75646734543637e-06,0.479813664596273,NA,0.2208246325118,"MLMM","NYC","DTF_Sask_2017_b",5.42522038208269,0.655952483627297,"Suggestive",1.11374234522831
"Lcu.1GRN.Chr5p1685033",5,1685033,3.75754778236825e-06,0.192901234567901,NA,0.0383004568155109,"MLM","NYC","DTF_Nepal_2017",5.42509548805658,1.41679604610259,"Suggestive",5.30033824886077
"Lcu.1GRN.Chr1p359850983",1,359850983,3.86527830460571e-06,0.162903225806452,NA,0.00215256964815448,"MLM","NYC","Cotyledon_RedvsYellow",5.41281923090395,2.66704278769321,"Suggestive",-0.156181770986415
"Lcu.1GRN.Chr1p364467275",1,364467275,3.92702099904014e-06,0.0790322580645161,NA,0.00218296923005448,"MLM","NYC","Cotyledon_RedvsYellow",5.40593677641156,2.66095238582624,"Suggestive",-0.195588577256885
"Lcu.1GRN.Chr1p374129762",1,374129762,3.9328452357485e-06,0.337096774193548,NA,0.00218296923005448,"MLM","NYC","Cotyledon_RedvsYellow",5.40529314349183,2.66095238582624,"Suggestive",-0.177564341094932
"Lcu.1GRN.Chr3p434245746",3,434245746,3.93899459539966e-06,0.481366459627329,NA,0.2208246325118,"MLMM","NYC","DTF_Sask_2017_b",5.40461461507553,0.655952483627297,"Suggestive",1.11513123953928
"Lcu.1GRN.Chr1p374024130",1,374024130,3.97500574913936e-06,0.32258064516129,NA,0.00220273601123683,"MLM","NYC","Cotyledon_RedvsYellow",5.40066223887727,2.65703754812066,"Suggestive",-0.172638126652731
"Lcu.1GRN.Chr1p362085886",1,362085886,3.99054354603773e-06,0.112903225806452,NA,0.0745715089416708,"FarmCPU","NYC","Cotyledon_RedvsYellow",5.39896794567478,1.12742706894621,"Suggestive",-0.254377488019855
"Lcu.1GRN.Chr2p86496173",2,86496173,4.02172950359139e-06,0.304012345679012,NA,0.233525037843961,"MLM","NYC","DTF_Sask_2017",5.3955871428512,0.631666548868651,"Suggestive",1.43084789407794
"Lcu.1GRN.Chr2p86423723",2,86423723,4.02274751547893e-06,0.313271604938272,NA,0.138691719631354,"MLMM","NYC","DTF_Sask_2017",5.39547722471816,0.857949467014381,"Suggestive",1.49010136236763
"Lcu.1GRN.Chr6p3270370",6,3270370,4.05044197908118e-06,0.270186335403727,NA,0.0206429548057212,"FarmCPU","NYC","DTF_Sask_2017_b",5.39249758453766,1.68522813824765,"Suggestive",-0.03551182133981
"Lcu.1GRN.Chr6p3267167",6,3267167,4.15274413570846e-06,0.312111801242236,NA,0.0208484490551619,"FarmCPU","NYC","DTF_Sask_2017_b",5.38166482638425,1.6809262472532,"Suggestive",-0.0788572576952618
"Lcu.1GRN.Chr2p44078808",2,44078808,4.17650926069539e-06,0.0740740740740741,NA,0.0390233302914535,"MLM","NYC","DTF_Nepal_2017",5.37918655128328,1.40867567021869,"Suggestive",7.11644127261154
"Lcu.1GRN.Chr2p44142916",2,44142916,4.17650926069539e-06,0.0740740740740741,NA,0.0390233302914535,"MLM","NYC","DTF_Nepal_2017",5.37918655128328,1.40867567021869,"Suggestive",7.11644127261154
"Lcu.1GRN.Chr2p44193620",2,44193620,4.17650926069539e-06,0.0740740740740741,NA,0.0390233302914535,"MLM","NYC","DTF_Nepal_2017",5.37918655128328,1.40867567021869,"Suggestive",7.11644127261154
"Lcu.1GRN.Chr7p631587796",7,631587796,4.22695324000359e-06,0.379032258064516,NA,0.059241982520012,"MLMM","NYC","Cotyledon_RedvsYellow",5.37397255645788,1.22737041633762,"Suggestive",-0.0401386715113572
"Lcu.1GRN.Chr1p356473128",1,356473128,4.29343427268566e-06,0.480645161290323,NA,0.00237527895723759,"MLM","NYC","Cotyledon_RedvsYellow",5.3671951812405,2.62428537868136,"Suggestive",-0.160183601037407
"Lcu.1GRN.Chr1p361190950",1,361190950,4.32881954844898e-06,0.179032258064516,NA,0.00238866020063604,"MLM","NYC","Cotyledon_RedvsYellow",5.36363051784734,2.62184562650995,"Suggestive",-0.150258308554439
"Lcu.1GRN.Chr1p364634103",1,364634103,4.33182423480301e-06,0.485483870967742,NA,0.00238866020063604,"MLM","NYC","Cotyledon_RedvsYellow",5.36332917333106,2.62184562650995,"Suggestive",0.148067071156061
"Lcu.1GRN.Chr4p101596334",4,101596334,4.34423923260198e-06,0.0935483870967742,NA,0.0023915854630976,"MLM","NYC","Cotyledon_RedvsYellow",5.36208626662867,2.62131409503935,"Suggestive",-0.266753531408854
"Lcu.1GRN.Chr6p88455606",6,88455606,4.43258209991709e-06,0.158950617283951,NA,0.0402966038703463,"MLM","NYC","DTF_Nepal_2017",5.35334321168627,1.39473155392139,"Suggestive",8.28949304692384
"Lcu.1GRN.Chr1p185567443",1,185567443,4.52972771782799e-06,0.296774193548387,NA,0.0609460369305059,"MLMM","NYC","Cotyledon_RedvsYellow",5.34392790266681,1.21505452950697,"Suggestive",-0.106977516190439
"Lcu.1GRN.Chr1p74267869",1,74267869,4.60963648506949e-06,0.408064516129032,NA,0.00253354509080616,"MLM","NYC","Cotyledon_RedvsYellow",5.33633332162839,2.59627136194207,"Suggestive",0.177134235522143
"Lcu.1GRN.Chr5p2097580",5,2097580,4.65398195744384e-06,0.118827160493827,NA,0.0411959460284082,"MLM","NYC","DTF_Nepal_2017",5.33217530471877,1.38514551950371,"Suggestive",-3.94404161975731
"Lcu.1GRN.Chr2p2378441",2,2378441,4.66024821836676e-06,0.45,NA,0.00255718387025672,"MLM","NYC","Cotyledon_RedvsYellow",5.33159095090741,2.59223804359395,"Suggestive",-0.119771860104897
"Lcu.1GRN.Chr6p431624889",6,431624889,4.66641078155465e-06,0.312111801242236,NA,0.022948934831472,"FarmCPU","NYC","DTF_Sask_2017_b",5.33101703315693,1.63923746731842,"Suggestive",0.00619014334412782
"Lcu.1GRN.Chr6p158596923",6,158596923,4.68662125249457e-06,0.157407407407407,NA,0.315284946167568,"MLMM","NYC","DTF_Nepal_2017",5.32914014240426,0.501296764908402,"Suggestive",6.47107085206902
"Lcu.1GRN.Chr1p437357187",1,437357187,4.70758577200369e-06,0.285714285714286,NA,0.022948934831472,"FarmCPU","NYC","DTF_Sask_2017_b",5.32720175841304,1.63923746731842,"Suggestive",0.0459457524857498
"Lcu.1GRN.Chr1p437949617",1,437949617,4.71294545796127e-06,0.101851851851852,NA,0.138691719631354,"MLMM","NYC","DTF_Sask_2017",5.32670758622032,0.857949467014381,"Suggestive",2.37974086192407
"Lcu.1GRN.Chr1p385772554",1,385772554,4.7518612352316e-06,0.146774193548387,NA,0.00260320734220057,"MLM","NYC","Cotyledon_RedvsYellow",5.32313625019292,2.58449123950222,"Suggestive",-0.275634537918
"Lcu.1GRN.Chr2p7898651",2,7898651,4.78534265776119e-06,0.403225806451613,NA,0.00261728675408644,"MLM","NYC","Cotyledon_RedvsYellow",5.3200869588178,2.58214869276135,"Suggestive",-0.135434724534123
"Lcu.1GRN.Chr1p362779232",1,362779232,4.84297033951612e-06,0.174193548387097,NA,0.00264450552628575,"MLM","NYC","Cotyledon_RedvsYellow",5.31488819075605,2.5776555210886,"Suggestive",-0.176118867025004
"Lcu.1GRN.Chr1p364547480",1,364547480,4.90271337168019e-06,0.483870967741935,NA,0.00267278928475194,"MLM","NYC","Cotyledon_RedvsYellow",5.30956349625746,2.57303527845883,"Suggestive",0.134717029847558
"Lcu.1GRN.Chr1p224275841",1,224275841,4.95739441374986e-06,0.140322580645161,NA,0.0641347648757615,"MLMM","NYC","Cotyledon_RedvsYellow",5.30474652694901,1.19290649308795,"Suggestive",0.074032983966264
"Lcu.1GRN.Chr1p356480916",1,356480916,5.00827626306722e-06,0.5,NA,0.00272592048831575,"MLM","NYC","Cotyledon_RedvsYellow",5.30031172288539,2.56448681614233,"Suggestive",0.150459848598163
"Lcu.1GRN.Chr2p2405742",2,2405742,5.06415050406129e-06,0.358064516129032,NA,0.00275187901873923,"MLM","NYC","Cotyledon_RedvsYellow",5.29549339578058,2.56037066296883,"Suggestive",-0.124492025016867
"Lcu.1GRN.Chr7p33945922",7,33945922,5.12962059465117e-06,0.435185185185185,NA,0.101496181797708,"FarmCPU","NYC","DTF_Nepal_2017",5.28991475569576,0.993550295242161,"Suggestive",0.0334934792573449
"Lcu.1GRN.Chr4p462823843",4,462823843,5.22808386084811e-06,0.238709677419355,NA,0.0651316623711813,"MLMM","NYC","Cotyledon_RedvsYellow",5.28165745475418,1.18620783708129,"Suggestive",0.0442706930996316
"Lcu.1GRN.Chr1p68080729",1,68080729,5.29507271576498e-06,0.1,NA,0.07743859670364,"BLINK","NYC","Cotyledon_RedvsYellow",5.27612807146988,1.1110425256556,"Suggestive",0.0554179899196384
"Lcu.1GRN.Chr3p31921172",3,31921172,5.34380665044399e-06,0.33641975308642,NA,0.112342513224368,"BLINK","NYC","DTF_Sask_2017",5.27214926388662,0.949455864710669,"Suggestive",-0.697093338471035
"Lcu.1GRN.Chr1p351587615",1,351587615,5.34609089957922e-06,0.416129032258065,NA,0.0029004008993851,"MLM","NYC","Cotyledon_RedvsYellow",5.27196366120798,2.53754196887436,"Suggestive",0.163518432662512
"Lcu.1GRN.Chr1p407953637",1,407953637,5.45623892944957e-06,0.332258064516129,NA,0.0883879407118723,"FarmCPU","NYC","Cotyledon_RedvsYellow",5.26310662012036,1.0536069843031,"Suggestive",0.020707132374479
"Lcu.1GRN.Chr5p1561816",5,1561816,5.49215339129423e-06,0.134259259259259,NA,0.0473686964043452,"MLM","NYC","DTF_Nepal_2017",5.26025734178081,1.32450856697543,"Suggestive",10.1473217928046
"Lcu.1GRN.Chr1p437367536",1,437367536,5.53957350197927e-06,0.153726708074534,NA,0.0266189960020037,"FarmCPU","NYC","DTF_Sask_2017_b",5.25652367080715,1.57480832898954,"Suggestive",0.242917065178744
"Lcu.1GRN.Chr1p352700476",1,352700476,5.57422096731204e-06,0.143548387096774,NA,0.00301929788101747,"MLM","NYC","Cotyledon_RedvsYellow",5.25381581944363,2.52009403778834,"Suggestive",-0.219259330440992
"Lcu.1GRN.Chr1p374173173",1,374173173,5.67341862714275e-06,0.42741935483871,NA,0.00306808810828959,"MLM","NYC","Cotyledon_RedvsYellow",5.24615516976681,2.51313217262575,"Suggestive",-0.147818184727268
"Lcu.1GRN.Chr6p22103517",6,22103517,5.68048043558222e-06,0.347222222222222,NA,0.318454360445914,"MLMM","NYC","DTF_Nepal_2017",5.24561493159557,0.496952800147344,"Suggestive",3.08524449266333
"Lcu.1GRN.Chr2p44640784",2,44640784,5.78848110155601e-06,0.115740740740741,NA,0.0486763505671773,"MLM","NYC","DTF_Nepal_2017",5.23743538027105,1.31268198976714,"Suggestive",5.19869144096883
"Lcu.1GRN.Chr1p372693704",1,372693704,5.80538053241418e-06,0.461290322580645,NA,0.00313441161082915,"MLM","NYC","Cotyledon_RedvsYellow",5.2361693077581,2.5038439725854,"Suggestive",-0.180677545772543
"Lcu.1GRN.Chr1p134603547",1,134603547,5.83501566316921e-06,0.266129032258065,NA,0.00314536332303403,"MLM","NYC","Cotyledon_RedvsYellow",5.23395797382275,2.5023291816733,"Suggestive",-0.287283713228391
"Lcu.1GRN.Chr1p365082229",1,365082229,5.99142431148208e-06,0.320967741935484,NA,0.00322450787420847,"MLM","NYC","Cotyledon_RedvsYellow",5.22246992267137,2.49153655818357,"Suggestive",-0.142127635634946
"Lcu.1GRN.Chr1p367804254",1,367804254,6.02019308175407e-06,0.464516129032258,NA,0.00323481515388238,"MLM","NYC","Cotyledon_RedvsYellow",5.22038957967313,2.49015053105169,"Suggestive",-0.16735394033286
"Lcu.1GRN.Chr1p362779076",1,362779076,6.04286157745715e-06,0.0806451612903226,NA,0.00324014126836342,"MLM","NYC","Cotyledon_RedvsYellow",5.21875735392878,2.4894360543819,"Suggestive",-0.191649385856366
"Lcu.1GRN.Chr1p379762312",1,379762312,6.04937082571187e-06,0.251612903225806,NA,0.00324014126836342,"MLM","NYC","Cotyledon_RedvsYellow",5.21828979247658,2.4894360543819,"Suggestive",-0.182540928092281
"Lcu.1GRN.Chr1p357906947",1,357906947,6.24657829862756e-06,0.0983870967741935,NA,0.00334044960663666,"MLM","NYC","Cotyledon_RedvsYellow",5.20435781192829,2.47619507554168,"Suggestive",-0.256965220307993
"Lcu.1GRN.Chr3p253608449",3,253608449,6.30653594759574e-06,0.0645161290322581,NA,0.0883879407118723,"FarmCPU","NYC","Cotyledon_RedvsYellow",5.20020912442337,1.0536069843031,"Suggestive",-0.0698329282583376
"Lcu.1GRN.Chr3p253608931",3,253608931,6.30653594759574e-06,0.0645161290322581,NA,0.0883879407118723,"FarmCPU","NYC","Cotyledon_RedvsYellow",5.20020912442337,1.0536069843031,"Suggestive",-0.0698329282583376
"Lcu.1GRN.Chr3p253609193",3,253609193,6.30653594759574e-06,0.0645161290322581,NA,0.0883879407118723,"FarmCPU","NYC","Cotyledon_RedvsYellow",5.20020912442337,1.0536069843031,"Suggestive",-0.0698329282583376
"Lcu.1GRN.Chr3p253609465",3,253609465,6.30653594759574e-06,0.0645161290322581,NA,0.0883879407118723,"FarmCPU","NYC","Cotyledon_RedvsYellow",5.20020912442337,1.0536069843031,"Suggestive",-0.0698329282583376
"Lcu.1GRN.Chr3p253609618",3,253609618,6.30653594759574e-06,0.0645161290322581,NA,0.0883879407118723,"FarmCPU","NYC","Cotyledon_RedvsYellow",5.20020912442337,1.0536069843031,"Suggestive",-0.0698329282583376
"Lcu.1GRN.Chr6p3269280",6,3269280,6.32670527867613e-06,0.279320987654321,NA,0.125182051439556,"BLINK","NYC","DTF_Sask_2017",5.19882239611235,0.902457935658749,"Suggestive",-1.08009418964218
"Lcu.1GRN.Chr1p357613596",1,357613596,6.35799906084195e-06,0.117741935483871,NA,0.00339463661920353,"MLM","NYC","Cotyledon_RedvsYellow",5.19667954057211,2.46920670819382,"Suggestive",-0.228082968621243
"Lcu.1GRN.Chr1p361331010",1,361331010,6.48670584873114e-06,0.103225806451613,NA,0.0779254923650053,"MLMM","NYC","Cotyledon_RedvsYellow",5.18797579548265,1.108320444993,"Suggestive",0.0539363764384557
"Lcu.1GRN.Chr2p86496133",2,86496133,6.48743637145561e-06,0.324074074074074,NA,0.138691719631354,"MLMM","NYC","DTF_Sask_2017",5.18792688866738,0.857949467014381,"Suggestive",1.32866323881654
"Lcu.1GRN.Chr2p7786803",2,7786803,6.52350252526753e-06,0.0967741935483871,NA,0.00347382203973873,"MLM","NYC","Cotyledon_RedvsYellow",5.18551916516224,2.45919243377007,"Suggestive",-0.217633279020286
"Lcu.1GRN.Chr1p374614400",1,374614400,6.5269646817758e-06,0.395161290322581,NA,0.00347382203973873,"MLM","NYC","Cotyledon_RedvsYellow",5.18528873731956,2.45919243377007,"Suggestive",-0.141694550601129
"Lcu.1GRN.Chr1p370985894",1,370985894,6.79290777327365e-06,0.274193548387097,NA,0.00360443262989472,"MLM","NYC","Cotyledon_RedvsYellow",5.16794428174819,2.44316308742115,"Suggestive",-0.13793434697121
"Lcu.1GRN.Chr1p385796248",1,385796248,6.79380048385619e-06,0.114516129032258,NA,0.00360443262989472,"MLM","NYC","Cotyledon_RedvsYellow",5.16788721137129,2.44316308742115,"Suggestive",-0.281326646705732
"Lcu.1GRN.Chr2p610339065",2,610339065,6.79478466081531e-06,0.226851851851852,NA,0.0525870117352187,"MLM","NYC","DTF_Nepal_2017",5.16782430230184,1.27912150733406,"Suggestive",-4.41203806843429
"Lcu.1GRN.Chr3p433417500",3,433417500,6.91536460248728e-06,0.350931677018634,NA,0.257114548334055,"MLMM","NYC","DTF_Sask_2017_b",5.16018491740948,0.589873348940787,"Suggestive",1.12878327461829
"Lcu.1GRN.Chr3p433418767",3,433418767,6.91536460248728e-06,0.350931677018634,NA,0.257114548334055,"MLMM","NYC","DTF_Sask_2017_b",5.16018491740948,0.589873348940787,"Suggestive",1.12878327461829
"Lcu.1GRN.Chr5p2098764",5,2098764,6.99078052371833e-06,0.134259259259259,NA,0.0525870117352187,"MLM","NYC","DTF_Nepal_2017",5.1554743323774,1.27912150733406,"Suggestive",-3.70899527207891
"Lcu.1GRN.Chr1p374030729",1,374030729,7.01016093633562e-06,0.335483870967742,NA,0.00371336504515339,"MLM","NYC","Cotyledon_RedvsYellow",5.15427201156826,2.43023235502837,"Suggestive",-0.167237151322333
"Lcu.1GRN.Chr2p564729500",2,564729500,7.03869082223753e-06,0.242283950617284,NA,0.0525870117352187,"MLM","NYC","DTF_Nepal_2017",5.15250811096455,1.27912150733406,"Suggestive",-6.52957145215063
"Lcu.1GRN.Chr3p254089109",3,254089109,7.04951873460069e-06,0.103225806451613,NA,0.0912009795462089,"FarmCPU","NYC","Cotyledon_RedvsYellow",5.15184053095776,1.04000049709671,"Suggestive",-0.0566570370654627
"Lcu.1GRN.Chr3p254090013",3,254090013,7.04951873460069e-06,0.103225806451613,NA,0.0912009795462089,"FarmCPU","NYC","Cotyledon_RedvsYellow",5.15184053095776,1.04000049709671,"Suggestive",-0.0566570370654627
"Lcu.1GRN.Chr1p353073643",1,353073643,7.06668582448522e-06,0.0854838709677419,NA,0.0037374212432777,"MLM","NYC","Cotyledon_RedvsYellow",5.15078421641493,2.42742795023147,"Suggestive",-0.199800274982747
"Lcu.1GRN.Chr1p372867244",1,372867244,7.11679804468426e-06,0.285483870967742,NA,0.00375801571098322,"MLM","NYC","Cotyledon_RedvsYellow",5.14771535809097,2.42504140859445,"Suggestive",-0.134292071674011
"Lcu.1GRN.Chr4p423263189",4,423263189,7.12712247301715e-06,0.0833333333333334,NA,0.165455855172547,"FarmCPU","NYC","DTF_Sask_2017",5.14708577818936,0.781317859364609,"Suggestive",0.892350033389011
"Lcu.1GRN.Chr6p431582782",6,431582782,7.17648528583533e-06,0.200310559006211,NA,0.0339990538893038,"FarmCPU","NYC","DTF_Sask_2017_b",5.14408820125794,1.46853316814515,"Suggestive",0.0175116025845909
"Lcu.1GRN.Chr1p358161453",1,358161453,7.26397373177393e-06,0.117741935483871,NA,0.0038254336741499,"MLM","NYC","Cotyledon_RedvsYellow",5.13882573499444,2.41731932348709,"Suggestive",-0.225144991404396
"Lcu.1GRN.Chr1p375030595",1,375030595,7.27296937808723e-06,0.12258064516129,NA,0.0038254336741499,"MLM","NYC","Cotyledon_RedvsYellow",5.13828824096641,2.41731932348709,"Suggestive",-0.292022509645364
"Lcu.1GRN.Chr1p374129247",1,374129247,7.27859020491289e-06,0.388709677419355,NA,0.0038254336741499,"MLM","NYC","Cotyledon_RedvsYellow",5.13795273133507,2.41731932348709,"Suggestive",-0.162301286268199
"Lcu.1GRN.Chr1p204354814",1,204354814,7.29921820877396e-06,0.120967741935484,NA,0.0846626252148507,"MLMM","NYC","Cotyledon_RedvsYellow",5.1367236530025,1.07230826906958,"Suggestive",0.0751038300573993
"Lcu.1GRN.Chr2p44193395",2,44193395,7.31710827529705e-06,0.0756172839506173,NA,0.0525870117352187,"MLM","NYC","DTF_Nepal_2017",5.13566051842347,1.27912150733406,"Suggestive",6.78548415278143
"Lcu.1GRN.Chr2p44193751",2,44193751,7.31710827529705e-06,0.0756172839506173,NA,0.0525870117352187,"MLM","NYC","DTF_Nepal_2017",5.13566051842347,1.27912150733406,"Suggestive",6.78548415278143
"Lcu.1GRN.Chr1p362779076",1,362779076,7.32790381605472e-06,0.0806451612903226,NA,0.0912912971442548,"FarmCPU","NYC","Cotyledon_RedvsYellow",5.13502023972651,1.03957062205362,"Suggestive",0.129557596081511
"Lcu.1GRN.Chr1p231345523",1,231345523,7.37353805464622e-06,0.338709677419355,NA,0.00386326304490216,"MLM","NYC","Cotyledon_RedvsYellow",5.13232407402612,2.4130457202631,"Suggestive",0.195104931198552
"Lcu.1GRN.Chr1p297644510",1,297644510,7.37353805464622e-06,0.338709677419355,NA,0.00386326304490216,"MLM","NYC","Cotyledon_RedvsYellow",5.13232407402612,2.4130457202631,"Suggestive",0.195104931198552
"Lcu.1GRN.Chr7p6500063",7,6500063,7.37836300109166e-06,0.283950617283951,NA,0.165455855172547,"FarmCPU","NYC","DTF_Sask_2017",5.1320399821408,0.781317859364609,"Suggestive",0.482516287644842
"Lcu.1GRN.Chr1p355073534",1,355073534,7.41024499310363e-06,0.275806451612903,NA,0.00387645704136126,"MLM","NYC","Cotyledon_RedvsYellow",5.13016743339798,2.41156502449033,"Suggestive",-0.153184571656384
"Lcu.1GRN.Chr2p43072419",2,43072419,7.42637138058351e-06,0.0848765432098766,NA,0.0525870117352187,"MLM","NYC","DTF_Nepal_2017",5.12922333621609,1.27912150733406,"Suggestive",6.85047262881137
"Lcu.1GRN.Chr4p378569758",4,378569758,7.50359541577933e-06,0.374193548387097,NA,0.10516507830081,"BLINK","NYC","Cotyledon_RedvsYellow",5.124730590598,0.978128450477729,"Suggestive",0.0266269039251041
"Lcu.1GRN.Chr4p462822223",4,462822223,7.57621080867215e-06,0.238709677419355,NA,0.0849462433693542,"MLMM","NYC","Cotyledon_RedvsYellow",5.12054794955794,1.07085582244572,"Suggestive",0.0438591682684521
"Lcu.1GRN.Chr1p99875893",1,99875893,7.64934948616566e-06,0.375806451612903,NA,0.00399532412828119,"MLM","NYC","Cotyledon_RedvsYellow",5.11637549642561,2.39844798195355,"Suggestive",0.152693490255495
"Lcu.1GRN.Chr6p419985026",6,419985026,7.66057186057407e-06,0.114197530864197,NA,0.0525870117352187,"MLM","NYC","DTF_Nepal_2017",5.11573880913742,1.27912150733406,"Suggestive",6.72406663060418
"Lcu.1GRN.Chr6p419985106",6,419985106,7.66057186057407e-06,0.114197530864197,NA,0.0525870117352187,"MLM","NYC","DTF_Nepal_2017",5.11573880913742,1.27912150733406,"Suggestive",6.72406663060418
"Lcu.1GRN.Chr6p419985164",6,419985164,7.66057186057407e-06,0.114197530864197,NA,0.0525870117352187,"MLM","NYC","DTF_Nepal_2017",5.11573880913742,1.27912150733406,"Suggestive",6.72406663060418
"Lcu.1GRN.Chr2p588802652",2,588802652,7.79345291091858e-06,0.124193548387097,NA,0.0936235848316768,"FarmCPU","NYC","Cotyledon_RedvsYellow",5.10827008431552,1.02861473382587,"Suggestive",-0.0791244744690447
"Lcu.1GRN.Chr2p86423723",2,86423723,7.82269362860192e-06,0.313271604938272,NA,0.233525037843961,"MLM","NYC","DTF_Sask_2017",5.10664367832014,0.631666548868651,"Suggestive",1.49010179974839
"Lcu.1GRN.Chr6p439783371",6,439783371,7.8383700576734e-06,0.095679012345679,NA,0.0527313804237886,"MLM","NYC","DTF_Nepal_2017",5.10577423687581,1.27793085937995,"Suggestive",5.36221151613687
"Lcu.1GRN.Chr1p374027242",1,374027242,7.89640871708613e-06,0.337096774193548,NA,0.00410524159341594,"MLM","NYC","Cotyledon_RedvsYellow",5.10257038073086,2.38666127956768,"Suggestive",-0.173836407914636
"Lcu.1GRN.Chr1p374029132",1,374029132,7.89640871708613e-06,0.337096774193548,NA,0.00410524159341594,"MLM","NYC","Cotyledon_RedvsYellow",5.10257038073086,2.38666127956768,"Suggestive",-0.173836407914636
"Lcu.1GRN.Chr1p374129175",1,374129175,7.89640871708613e-06,0.337096774193548,NA,0.00410524159341594,"MLM","NYC","Cotyledon_RedvsYellow",5.10257038073086,2.38666127956768,"Suggestive",-0.173836407914636
"Lcu.1GRN.Chr1p359334809",1,359334809,7.93085439840742e-06,0.441935483870968,NA,0.00411678657627949,"MLM","NYC","Cotyledon_RedvsYellow",5.1006800232088,2.38544164724752,"Suggestive",-0.18792706218786
"Lcu.1GRN.Chr1p370984835",1,370984835,8.07659631035964e-06,0.0870967741935483,NA,0.00418597915427849,"MLM","NYC","Cotyledon_RedvsYellow",5.0927716237628,2.37820293873129,"Suggestive",-0.32749349093479
"Lcu.1GRN.Chr1p356427516",1,356427516,8.28181697361558e-06,0.483870967741935,NA,0.004285738353791,"MLM","NYC","Cotyledon_RedvsYellow",5.08187437154278,2.36797434635376,"Suggestive",-0.14661054651892
"Lcu.1GRN.Chr1p204357662",1,204357662,8.29251788337415e-06,0.114516129032258,NA,0.0899783665444165,"MLMM","NYC","Cotyledon_RedvsYellow",5.08131358322213,1.04586189522453,"Suggestive",0.0770771938158306
"Lcu.1GRN.Chr3p347835275",3,347835275,8.36021507935224e-06,0.385802469135803,NA,0.338857328847301,"MLMM","NYC","DTF_Nepal_2017",5.07778254952578,0.469983116948785,"Suggestive",3.22389428629486
"Lcu.1GRN.Chr5p1816847",5,1816847,8.53793057611323e-06,0.138888888888889,NA,0.0550150273264278,"MLM","NYC","DTF_Nepal_2017",5.06864738086652,1.25951866698687,"Suggestive",7.52959612517392
"Lcu.1GRN.Chr2p610338751",2,610338751,8.64229894803985e-06,0.246913580246914,NA,0.0550150273264278,"MLM","NYC","DTF_Nepal_2017",5.06337071497011,1.25951866698687,"Suggestive",-3.95395164456622
"Lcu.1GRN.Chr1p474583587",1,474583587,8.73217620992855e-06,0.45679012345679,NA,0.183575994700315,"FarmCPU","NYC","DTF_Sask_2017",5.05887750907977,0.736184109903819,"Suggestive",-0.538652365985765
"Lcu.1GRN.Chr2p43121810",2,43121810,8.78697049657095e-06,0.0864197530864198,NA,0.0550150273264278,"MLM","NYC","DTF_Nepal_2017",5.05616083179812,1.25951866698687,"Suggestive",6.65154300191562
"Lcu.1GRN.Chr6p396777163",6,396777163,8.83205390429828e-06,0.0879629629629629,NA,0.0550150273264278,"MLM","NYC","DTF_Nepal_2017",5.05393828899578,1.25951866698687,"Suggestive",5.6886796069391
"Lcu.1GRN.Chr1p370889819",1,370889819,8.83943563815768e-06,0.27258064516129,NA,0.00456727257649798,"MLM","NYC","Cotyledon_RedvsYellow",5.05357546202969,2.34034306876601,"Suggestive",-0.140267286236846
"Lcu.1GRN.Chr2p7786804",2,7786804,8.87470233240226e-06,0.0983870967741935,NA,0.00457846165558766,"MLM","NYC","Cotyledon_RedvsYellow",5.05184620475886,2.3392804186589,"Suggestive",-0.209278042393114
"Lcu.1GRN.Chr1p361910110",1,361910110,8.95859152929873e-06,0.0467741935483871,NA,0.120534982277425,"BLINK","NYC","Cotyledon_RedvsYellow",5.04776026479502,0.918886891635184,"Suggestive",0.234455142787397
"Lcu.1GRN.Chr1p437949617",1,437949617,8.99803127503905e-06,0.101851851851852,NA,0.233525037843961,"MLM","NYC","DTF_Sask_2017",5.04585250166242,0.631666548868651,"Suggestive",2.37974035532619
"Lcu.1GRN.Chr1p366601115",1,366601115,9.02533527945094e-06,0.190322580645161,NA,0.00464904280542584,"MLM","NYC","Cotyledon_RedvsYellow",5.04453665564826,2.33263645509146,"Suggestive",-0.160077480936024
"Lcu.1GRN.Chr1p364677214",1,364677214,9.04278493959021e-06,0.425806451612903,NA,0.00465090893237789,"MLM","NYC","Cotyledon_RedvsYellow",5.04369779766261,2.332462164155,"Suggestive",-0.177948347843311
"Lcu.1GRN.Chr6p22498924",6,22498924,9.066632456887e-06,0.297839506172839,NA,0.338857328847301,"MLMM","NYC","DTF_Nepal_2017",5.04255398934133,0.469983116948785,"Suggestive",3.72682121973985
"Lcu.1GRN.Chr6p22503593",6,22503593,9.066632456887e-06,0.297839506172839,NA,0.338857328847301,"MLMM","NYC","DTF_Nepal_2017",5.04255398934133,0.469983116948785,"Suggestive",3.72682121973985
"Lcu.1GRN.Chr4p14484871",4,14484871,9.0814335066719e-06,0.0729813664596274,NA,0.335199858610342,"MLM","NYC","DTF_Sask_2017_b",5.04184559256935,0.47469617323019,"Suggestive",-1.78471073942087
"Lcu.1GRN.Chr3p345193745",3,345193745,9.10890280104769e-06,0.175925925925926,NA,0.43770490121143,"BLINK","NYC","DTF_Nepal_2017",5.0405339321541,0.358818590336483,"Suggestive",1.65360718754596
"Lcu.1GRN.Chr6p396743846",6,396743846,9.35425971698257e-06,0.0910493827160493,NA,0.0567676876694996,"MLM","NYC","DTF_Nepal_2017",5.02899057626133,1.24589879562537,"Suggestive",5.4903566705128
"Lcu.1GRN.Chr6p3363464",6,3363464,9.35614223253952e-06,0.291925465838509,NA,0.0437096874212864,"FarmCPU","NYC","DTF_Sask_2017_b",5.02890318464639,1.35942229924578,"Suggestive",-0.132706714245927
"Lcu.1GRN.Chr1p437953543",1,437953543,9.36039452006729e-06,0.115740740740741,NA,0.138691719631354,"MLMM","NYC","DTF_Sask_2017",5.02870584631773,0.857949467014381,"Suggestive",2.01570185518289
"Lcu.1GRN.Chr1p361179820",1,361179820,9.5253699294821e-06,0.188709677419355,NA,0.00489163375125207,"MLM","NYC","Cotyledon_RedvsYellow",5.02111814896331,2.31054606712322,"Suggestive",-0.139524150640762
"Lcu.1GRN.Chr3p273421379",3,273421379,9.71924732255998e-06,0.0564516129032258,NA,0.125739771697982,"BLINK","NYC","Cotyledon_RedvsYellow",5.01236736638193,0.900527332520877,"Suggestive",0.274544054552194
"Lcu.1GRN.Chr6p431582949",6,431582949,9.73779654402879e-06,0.22360248447205,NA,0.0448694987688401,"FarmCPU","NYC","DTF_Sask_2017_b",5.01153930359672,1.34804878188531,"Suggestive",0.0429788964301565
"Lcu.1GRN.Chr3p389298069",3,389298069,9.78849258349057e-06,0.0833333333333334,NA,0.0567676876694996,"MLM","NYC","DTF_Nepal_2017",5.00928418389431,1.24589879562537,"Suggestive",5.85736943895469
"Lcu.1GRN.Chr3p389318049",3,389318049,9.78849258349057e-06,0.0833333333333334,NA,0.0567676876694996,"MLM","NYC","DTF_Nepal_2017",5.00928418389431,1.24589879562537,"Suggestive",5.85736943895469
"Lcu.1GRN.Chr3p389319560",3,389319560,9.78849258349057e-06,0.0833333333333334,NA,0.0567676876694996,"MLM","NYC","DTF_Nepal_2017",5.00928418389431,1.24589879562537,"Suggestive",5.85736943895469
"Lcu.1GRN.Chr2p40389995",2,40389995,9.83397197296051e-06,0.239197530864197,NA,0.183767980590489,"BLINK","NYC","DTF_Sask_2017",5.00727103379305,0.735730157064487,"Suggestive",-0.740471240510772
"Lcu.1GRN.Chr1p331833477",1,331833477,9.84597251962075e-06,0.341935483870968,NA,0.00504856743674889,"MLM","NYC","Cotyledon_RedvsYellow",5.00674138068938,2.29683183823316,"Suggestive",0.197584723902964
"Lcu.1GRN.Chr2p10423316",2,10423316,9.92747744673191e-06,0.156451612903226,NA,0.00507074747524805,"MLM","NYC","Cotyledon_RedvsYellow",5.00316109089425,2.29492801690964,"Suggestive",-0.128094823904319
"Lcu.1GRN.Chr1p363828429",1,363828429,9.92866069319716e-06,0.164516129032258,NA,0.00507074747524805,"MLM","NYC","Cotyledon_RedvsYellow",5.00310933083823,2.29492801690964,"Suggestive",-0.157751782400873
"Lcu.1GRN.Chr1p367805724",1,367805724,9.93445429007145e-06,0.366129032258064,NA,0.00507074747524805,"MLM","NYC","Cotyledon_RedvsYellow",5.00285598414751,2.29492801690964,"Suggestive",-0.15883838289046
"Lcu.1GRN.Chr1p372865045",1,372865045,9.97288547124718e-06,0.106451612903226,NA,0.00508265085955606,"MLM","NYC","Cotyledon_RedvsYellow",5.00117916837483,2.29390972208483,"Suggestive",-0.172033022505702
